device,model,seed,split,tag,name_cn,unit,r2,rmse,mae,bias,within_tolerance,train_min,train_max,samples
CND1,ANN,20260801,train,SYG1_10MAG10CP101,凝汽器 1 压力 1,kPa,0.9824644327163696,0.0611545387027661,0.0389492027461528,-0.0027539341244846,0.9956849449410182,3.7780003547668457,7.967000007629394,35689
CND1,ANN,20260801,train,SYG1_10MAG10CP105,凝汽器 1 压力 2,kPa,0.9822961688041688,0.0615979700637507,0.0389588065445423,-0.0025463942438364,0.9949564291518396,3.763000011444092,7.967000007629394,35689
CND1,ANN,20260801,train,SYG1_10MAG10CP106,凝汽器 1 压力 3,kPa,0.9823305010795592,0.0620057185716929,0.0398925617337226,-0.0027784598059952,0.9956008854268822,3.687000036239624,7.951000213623047,35689
CND1,ANN,20260801,train,SYG1_10MAG10CP107,凝汽器 1 压力 4,kPa,0.9822749495506288,0.0618546893158332,0.0395702496170997,-0.0036406652070581,0.9951805878562022,3.67900013923645,7.8520002365112305,35689
CND1,ANN,20260801,train,SYG1_10MAG10CP108,凝汽器 1 压力 5,kPa,0.9818381667137146,0.0615458012609718,0.0393363498151302,-0.0029681546147912,0.9957129647790636,3.5109996795654297,7.630999565124512,35689
CND1,ANN,20260801,train,SYG1_10MAG10CP109,凝汽器 1 压力 6,kPa,0.9826968312263488,0.0611451093201255,0.0391470454633235,-0.0035545704886317,0.9956008854268822,3.694000244140625,7.875,35689
CND1,ANN,20260801,train,SYG1_10MAG10CT101,凝汽器 1 温度 1,℃,0.9861873984336852,0.1991103382208536,0.1321395188570022,-0.0112148867920041,0.998907226316232,28.177000045776367,41.06499862670898,35689
CND1,ANN,20260801,train,SYG1_10MAG10CT102,凝汽器 1 温度 2,℃,0.9861695170402528,0.1993746988599171,0.1330602169036865,-0.0100140338763594,0.998907226316232,27.924999237060547,40.68499755859375,35689
CND1,ANN,20260801,train,SYG1_10MAG10CT103,凝汽器 1 温度 3,℃,0.9856448769569396,0.2031107494050381,0.1351596564054489,-0.0105685191228985,0.998655047773824,28.303001403808597,41.19100189208984,35689
CND1,ANN,20260801,train,SYG1_10MAG10CT104,#1 机凝汽器 I（低压）壳侧温度,℃,0.98430597782135,0.216104268861339,0.1534167528152465,-0.0163921974599361,0.9971419765193758,27.546998977661133,37.52199935913086,35689
CND1,ANN,20260801,train,SYG1_10MAG10CL104,#1 机凝汽器 I（低压）热井液位 4,mm,0.8832269310951233,26.040239153582696,18.086381912231445,-0.4083548784255981,0.4250329233097032,697.905029296875,1232.22900390625,35689
CND1,ANN,20260801,train,SYG1_10MAG10CL105,#1 机凝汽器 I（低压）热井液位 5,mm,0.8821023106575012,26.01511119988126,18.1809024810791,-0.4769432842731476,0.4208859872789935,711.4089965820312,1242.071044921875,35689
CND1,ANN,20260801,train,SYG1_10MAG10CL106,#1 机凝汽器 I（低压）热井液位 6,mm,0.8831871747970581,25.76053618637188,18.011343002319336,-0.4200994372367859,0.4218106419344896,694.928955078125,1225.02001953125,35689
CND1,ANN,20260801,train,SYG1_10MAG10CL104-SEL,#1 机凝汽器 I（低压）热井液位三选 - SEL,-,0.882087767124176,26.16757660597724,18.240074157714844,-0.4636465609073639,,697.7900390625,1231.4290771484375,35689
CND1,ANN,20260801,val,SYG1_10MAG10CP101,凝汽器 1 压力 1,kPa,0.8810638189315796,0.1427247913005764,0.086086057126522,0.0149888461455702,0.911173498034812,3.7780003547668457,7.967000007629394,8905
CND1,ANN,20260801,val,SYG1_10MAG10CP105,凝汽器 1 压力 2,kPa,0.8823618292808533,0.1416765409130181,0.0847823619842529,0.0175226237624883,0.9128579449747332,3.763000011444092,7.967000007629394,8905
CND1,ANN,20260801,val,SYG1_10MAG10CP106,凝汽器 1 压力 3,kPa,0.8773230314254761,0.144437566242178,0.08671236038208,0.019842255860567,0.9108366086468276,3.687000036239624,7.951000213623047,8905
CND1,ANN,20260801,val,SYG1_10MAG10CP107,凝汽器 1 压力 4,kPa,0.8868367671966553,0.1383358079967085,0.0835892334580421,0.020565303042531,0.9155530600786076,3.67900013923645,7.8520002365112305,8905
CND1,ANN,20260801,val,SYG1_10MAG10CP108,凝汽器 1 压力 5,kPa,0.8894333243370056,0.1368709330302941,0.0842755287885665,0.0143880266696214,0.9161145423919148,3.5109996795654297,7.630999565124512,8905
CND1,ANN,20260801,val,SYG1_10MAG10CP109,凝汽器 1 压力 6,kPa,0.8854066133499146,0.1393690114701975,0.0849783793091774,0.023190751671791,0.9136440202133632,3.694000244140625,7.875,8905
CND1,ANN,20260801,val,SYG1_10MAG10CT101,凝汽器 1 温度 1,℃,0.9043138027191162,0.4351671214089756,0.2694023847579956,0.0389810279011726,0.9413812464907356,28.177000045776367,41.06499862670898,8905
CND1,ANN,20260801,val,SYG1_10MAG10CT102,凝汽器 1 温度 2,℃,0.9062784910202026,0.4317565175510467,0.2695735394954681,0.0527050383388996,0.9426165075800113,27.924999237060547,40.68499755859375,8905
CND1,ANN,20260801,val,SYG1_10MAG10CT103,凝汽器 1 温度 3,℃,0.9078564643859864,0.4272656594292283,0.2679482400417328,0.0401145070791244,0.9427288040426728,28.303001403808597,41.19100189208984,8905
CND1,ANN,20260801,val,SYG1_10MAG10CT104,#1 机凝汽器 I（低压）壳侧温度,℃,0.8774305582046509,0.486534718214639,0.3232327103614807,-0.0088463006541132,0.9345311622683884,27.546998977661133,37.52199935913086,8905
CND1,ANN,20260801,val,SYG1_10MAG10CL104,#1 机凝汽器 I（低压）热井液位 4,mm,0.1737706065177917,40.95512502270015,27.297252655029297,-1.379510521888733,0.2509825940482875,697.905029296875,1232.22900390625,8905
CND1,ANN,20260801,val,SYG1_10MAG10CL105,#1 机凝汽器 I（低压）热井液位 5,mm,0.1754311919212341,40.86097182587178,27.436569213867188,-2.340642213821411,0.2464907355418304,711.4089965820312,1242.071044921875,8905
CND1,ANN,20260801,val,SYG1_10MAG10CL106,#1 机凝汽器 I（低压）热井液位 6,mm,0.1856134533882141,40.24644994777101,26.632970809936523,-1.1811583042144775,0.2544637843907917,694.928955078125,1225.02001953125,8905
CND1,ANN,20260801,val,SYG1_10MAG10CL104-SEL,#1 机凝汽器 I（低压）热井液位三选 - SEL,-,0.1781235933303833,40.84566273256562,27.194847106933597,-1.878764510154724,,697.7900390625,1231.4290771484375,8905
CND1,ANN,20260801,test,SYG1_10MAG10CP101,凝汽器 1 压力 1,kPa,0.7244787216186523,0.2223470280687779,0.1877761483192443,-0.0847362726926803,0.5602983069689881,3.7780003547668457,7.967000007629394,43177
CND1,ANN,20260801,test,SYG1_10MAG10CP105,凝汽器 1 压力 2,kPa,0.7251476645469666,0.2220427023734688,0.1873279213905334,-0.0821636989712715,0.565717859045325,3.763000011444092,7.967000007629394,43177
CND1,ANN,20260801,test,SYG1_10MAG10CP106,凝汽器 1 压力 3,kPa,0.7277169823646545,0.2197352683144035,0.1854483485221862,-0.0807502791285514,0.5687982027468328,3.687000036239624,7.951000213623047,43177
CND1,ANN,20260801,test,SYG1_10MAG10CP107,凝汽器 1 压力 4,kPa,0.7302939891815186,0.2187684255741807,0.1848276555538177,-0.0856528282165527,0.5761400745767422,3.67900013923645,7.8520002365112305,43177
CND1,ANN,20260801,test,SYG1_10MAG10CP108,凝汽器 1 压力 5,kPa,0.7453162670135498,0.2128359785726481,0.1777640432119369,-0.0772961303591728,0.6097227690668643,3.5109996795654297,7.630999565124512,43177
CND1,ANN,20260801,test,SYG1_10MAG10CP109,凝汽器 1 压力 6,kPa,0.7264602184295654,0.220675221932683,0.1867762207984924,-0.0874246656894683,0.5609236399008731,3.694000244140625,7.875,43177
CND1,ANN,20260801,test,SYG1_10MAG10CT101,凝汽器 1 温度 1,℃,0.5968379974365234,1.132930039194436,0.6878981590270996,-0.1662927418947219,0.8336846005975403,28.177000045776367,41.06499862670898,43177
CND1,ANN,20260801,test,SYG1_10MAG10CT102,凝汽器 1 温度 2,℃,0.5958207845687866,1.1322613657968172,0.685278594493866,-0.1547531336545944,0.8364406975936263,27.924999237060547,40.68499755859375,43177
CND1,ANN,20260801,test,SYG1_10MAG10CT103,凝汽器 1 温度 3,℃,0.6045641303062439,1.1031659407758556,0.6832319498062134,-0.1859997063875198,0.8390809921949186,28.303001403808597,41.19100189208984,43177
CND1,ANN,20260801,test,SYG1_10MAG10CT104,#1 机凝汽器 I（低压）壳侧温度,℃,0.7447681427001953,0.7382401147110176,0.6130537390708923,-0.2136350870132446,0.8371355119623873,27.546998977661133,37.52199935913086,43177
CND1,ANN,20260801,test,SYG1_10MAG10CL104,#1 机凝汽器 I（低压）热井液位 4,mm,0.4219932556152344,53.97531581007076,33.90814971923828,1.7720842361450195,0.2793385367209394,697.905029296875,1232.22900390625,43177
CND1,ANN,20260801,test,SYG1_10MAG10CL105,#1 机凝汽器 I（低压）热井液位 5,mm,0.4206477999687195,53.81511317696916,33.72604751586914,0.7964144945144653,0.2865182851981379,711.4089965820312,1242.071044921875,43177
CND1,ANN,20260801,test,SYG1_10MAG10CL106,#1 机凝汽器 I（低压）热井液位 6,mm,0.4156829118728637,53.79206203056358,33.73493576049805,2.5994246006011963,0.280149153484494,694.928955078125,1225.02001953125,43177
CND1,ANN,20260801,test,SYG1_10MAG10CL104-SEL,#1 机凝汽器 I（低压）热井液位三选 - SEL,-,0.4228057861328125,53.93682104149725,33.74672317504883,0.4785168468952179,,697.7900390625,1231.4290771484375,43177
CND1,GRU,20260801,train,SYG1_10MAG10CP101,凝汽器 1 压力 1,kPa,0.9748326539993286,0.0732634513505693,0.0480492934584617,0.0022101041395217,0.9902771161982684,3.7780003547668457,7.967000007629394,35689
CND1,GRU,20260801,train,SYG1_10MAG10CP105,凝汽器 1 压力 2,kPa,0.974973440170288,0.0732375238841174,0.0482982248067855,-0.0003927807556465,0.9917061279385804,3.763000011444092,7.967000007629394,35689
CND1,GRU,20260801,train,SYG1_10MAG10CP106,凝汽器 1 压力 3,kPa,0.9759393334388732,0.0723558391188189,0.0475612618029117,0.0018960746238008,0.9915099890722632,3.687000036239624,7.951000213623047,35689
CND1,GRU,20260801,train,SYG1_10MAG10CP107,凝汽器 1 压力 4,kPa,0.974131405353546,0.0747249463360744,0.0495595261454582,-0.0016823427285999,0.9905573145787218,3.67900013923645,7.8520002365112305,35689
CND1,GRU,20260801,train,SYG1_10MAG10CP108,凝汽器 1 压力 5,kPa,0.9729481339454652,0.0751134129179428,0.0501059368252754,1.2926082490594126e-05,0.9909215724733113,3.5109996795654297,7.630999565124512,35689
CND1,GRU,20260801,train,SYG1_10MAG10CP109,凝汽器 1 压力 6,kPa,0.9760124683380128,0.071993279187499,0.046652402728796,0.0013048757100477,0.9921264255092606,3.694000244140625,7.875,35689
CND1,GRU,20260801,train,SYG1_10MAG10CT101,凝汽器 1 温度 1,℃,0.9772559404373168,0.2554993170786948,0.176783338189125,0.0042500286363065,0.9975622740900556,28.177000045776367,41.06499862670898,35689
CND1,GRU,20260801,train,SYG1_10MAG10CT102,凝汽器 1 温度 2,℃,0.9795613884925842,0.2423692605704903,0.1646947264671325,-0.0010664442088454,0.9979265319846452,27.924999237060547,40.68499755859375,35689
CND1,GRU,20260801,train,SYG1_10MAG10CT103,凝汽器 1 温度 3,℃,0.977497935295105,0.2542965163830457,0.1739874333143234,-0.0034754099324345,0.9967777186247864,28.303001403808597,41.19100189208984,35689
CND1,GRU,20260801,train,SYG1_10MAG10CT104,#1 机凝汽器 I（低压）壳侧温度,℃,0.9824336171150208,0.2286320903068645,0.1645317375659942,-0.0053011118434369,0.9985709882596878,27.546998977661133,37.52199935913086,35689
CND1,GRU,20260801,train,SYG1_10MAG10CL104,#1 机凝汽器 I（低压）热井液位 4,mm,0.8835712671279907,26.00181925350969,18.621335983276367,0.3869931399822235,0.3938748634032895,697.905029296875,1232.22900390625,35689
CND1,GRU,20260801,train,SYG1_10MAG10CL105,#1 机凝汽器 I（低压）热井液位 5,mm,0.8836461305618286,25.84421997381015,18.620811462402344,0.5213533043861389,0.3898400067247611,711.4089965820312,1242.071044921875,35689
CND1,GRU,20260801,train,SYG1_10MAG10CL106,#1 机凝汽器 I（低压）热井液位 6,mm,0.8847047686576843,25.59265179076982,18.433141708374023,0.2885966598987579,0.3904844629998039,694.928955078125,1225.02001953125,35689
CND1,GRU,20260801,train,SYG1_10MAG10CL104-SEL,#1 机凝汽器 I（低压）热井液位三选 - SEL,-,0.8815198540687561,26.23051848701539,18.79328727722168,0.9366053342819214,,697.7900390625,1231.4290771484375,35689
CND1,GRU,20260801,val,SYG1_10MAG10CP101,凝汽器 1 压力 1,kPa,0.7977085709571838,0.1861363333562224,0.1183317974209785,0.0061320080421864,0.8382930937675463,3.7780003547668457,7.967000007629394,8905
CND1,GRU,20260801,val,SYG1_10MAG10CP105,凝汽器 1 压力 2,kPa,0.8067774176597595,0.1815736195840981,0.1121812611818313,0.0199466925114393,0.8680516563728242,3.763000011444092,7.967000007629394,8905
CND1,GRU,20260801,val,SYG1_10MAG10CP106,凝汽器 1 压力 3,kPa,0.784419059753418,0.1914713709854037,0.1176772862672805,0.0254804026335477,0.8627737226277372,3.687000036239624,7.951000213623047,8905
CND1,GRU,20260801,val,SYG1_10MAG10CP107,凝汽器 1 压力 4,kPa,0.7906654477119446,0.1881492124070382,0.1132836788892746,0.0148852067068219,0.8580572711959573,3.67900013923645,7.8520002365112305,8905
CND1,GRU,20260801,val,SYG1_10MAG10CP108,凝汽器 1 压力 5,kPa,0.8032465577125549,0.1825829642147887,0.1129580438137054,0.0061505478806793,0.8617630544637844,3.5109996795654297,7.630999565124512,8905
CND1,GRU,20260801,val,SYG1_10MAG10CP109,凝汽器 1 压力 6,kPa,0.8101182579994202,0.1794023324166268,0.1113111898303031,0.019798232242465,0.8738910724312184,3.694000244140625,7.875,8905
CND1,GRU,20260801,val,SYG1_10MAG10CT101,凝汽器 1 温度 1,℃,0.828799307346344,0.5820820933415015,0.3464747667312622,0.1103842258453369,0.9228523301516002,28.177000045776367,41.06499862670898,8905
CND1,GRU,20260801,val,SYG1_10MAG10CT102,凝汽器 1 温度 2,℃,0.8654811978340149,0.5172622004379622,0.3302303552627563,0.0583462640643119,0.9312745648512072,27.924999237060547,40.68499755859375,8905
CND1,GRU,20260801,val,SYG1_10MAG10CT103,凝汽器 1 温度 3,℃,0.8524234294891357,0.5407221855614852,0.3442656099796295,0.0355848781764507,0.928017967434026,28.303001403808597,41.19100189208984,8905
CND1,GRU,20260801,val,SYG1_10MAG10CT104,#1 机凝汽器 I（低压）壳侧温度,℃,0.823675274848938,0.5835517377936523,0.3676921129226684,0.0316286236047744,0.9211678832116788,27.546998977661133,37.52199935913086,8905
CND1,GRU,20260801,val,SYG1_10MAG10CL104,#1 机凝汽器 I（低压）热井液位 4,mm,0.1557987928390503,41.39814926654708,28.43201065063477,-6.014083862304688,0.2526670409882088,697.905029296875,1232.22900390625,8905
CND1,GRU,20260801,val,SYG1_10MAG10CL105,#1 机凝汽器 I（低压）热井液位 5,mm,0.1749632954597473,40.8725630007466,27.61028480529785,-6.11216402053833,0.2598540145985401,711.4089965820312,1242.071044921875,8905
CND1,GRU,20260801,val,SYG1_10MAG10CL106,#1 机凝汽器 I（低压）热井液位 6,mm,0.2436026930809021,38.78709634367385,25.76759529113769,-3.6593194007873535,0.2838854576080853,694.928955078125,1225.02001953125,8905
CND1,GRU,20260801,val,SYG1_10MAG10CL104-SEL,#1 机凝汽器 I（低压）热井液位三选 - SEL,-,0.1492529511451721,41.55687667550868,27.126304626464844,-3.76982855796814,,697.7900390625,1231.4290771484375,8905
CND1,GRU,20260801,test,SYG1_10MAG10CP101,凝汽器 1 压力 1,kPa,0.6958663463592529,0.2336070672516295,0.1949673146009445,-0.0556323863565921,0.5714848183060426,3.7780003547668457,7.967000007629394,43177
CND1,GRU,20260801,test,SYG1_10MAG10CP105,凝汽器 1 压力 2,kPa,0.6592826843261719,0.2472201484816142,0.2077719122171402,-0.063955932855606,0.5276188711582556,3.763000011444092,7.967000007629394,43177
CND1,GRU,20260801,test,SYG1_10MAG10CP106,凝汽器 1 压力 3,kPa,0.6953259706497192,0.2324380308033892,0.1949700713157653,-0.0616896674036979,0.5737082242860783,3.687000036239624,7.951000213623047,43177
CND1,GRU,20260801,test,SYG1_10MAG10CP107,凝汽器 1 压力 4,kPa,0.6746059060096741,0.2402946815159927,0.1985668689012527,-0.0413447171449661,0.5747736063181786,3.67900013923645,7.8520002365112305,43177
CND1,GRU,20260801,test,SYG1_10MAG10CP108,凝汽器 1 压力 5,kPa,0.6757875680923462,0.2401371037874551,0.2003939598798751,-0.069034494459629,0.5361882483729764,3.5109996795654297,7.630999565124512,43177
CND1,GRU,20260801,test,SYG1_10MAG10CP109,凝汽器 1 压力 6,kPa,0.7310044765472412,0.2188345456228381,0.1806372553110122,-0.056180790066719,0.6317483845565927,3.694000244140625,7.875,43177
CND1,GRU,20260801,test,SYG1_10MAG10CT101,凝汽器 1 温度 1,℃,0.4811777472496032,1.2852055966257478,0.7725999355316162,0.0372378304600715,0.7733052319521968,28.177000045776367,41.06499862670898,43177
CND1,GRU,20260801,test,SYG1_10MAG10CT102,凝汽器 1 温度 2,℃,0.5974020957946777,1.1300441722338317,0.6651340126991272,-0.1674373000860214,0.8386177826157445,27.924999237060547,40.68499755859375,43177
CND1,GRU,20260801,test,SYG1_10MAG10CT103,凝汽器 1 温度 3,℃,0.5407528877258301,1.1888471290546976,0.7447807788848877,-0.15484619140625,0.8020242258609908,28.303001403808597,41.19100189208984,43177
CND1,GRU,20260801,test,SYG1_10MAG10CT104,#1 机凝汽器 I（低压）壳侧温度,℃,0.7021173238754272,0.7975406484498897,0.6660009026527405,-0.2007635831832885,0.7916946522454085,27.546998977661133,37.52199935913086,43177
CND1,GRU,20260801,test,SYG1_10MAG10CL104,#1 机凝汽器 I（低压）热井液位 4,mm,0.3776440024375915,56.007755287493445,38.070125579833984,-12.411707878112791,0.1812770688097829,697.905029296875,1232.22900390625,43177
CND1,GRU,20260801,test,SYG1_10MAG10CL105,#1 机凝汽器 I（低压）热井液位 5,mm,0.361221432685852,56.50776227444885,41.314395904541016,-22.13994789123535,0.1459804988767167,711.4089965820312,1242.071044921875,43177
CND1,GRU,20260801,test,SYG1_10MAG10CL106,#1 机凝汽器 I（低压）热井液位 6,mm,0.3383021950721741,57.24318071422351,41.82903671264648,-22.97112464904785,0.157491256919193,694.928955078125,1225.02001953125,43177
CND1,GRU,20260801,test,SYG1_10MAG10CL104-SEL,#1 机凝汽器 I（低压）热井液位三选 - SEL,-,0.3614734411239624,56.7301383195035,39.47192001342773,-15.70657730102539,,697.7900390625,1231.4290771484375,43177
CND1,iTransformer-small,20260801,train,SYG1_10MAG10CP101,凝汽器 1 压力 1,kPa,0.7474652528762817,0.2320755453889038,0.17889104783535,0.0020254047121852,0.6387122082434363,3.7780003547668457,7.967000007629394,35689
CND1,iTransformer-small,20260801,train,SYG1_10MAG10CP105,凝汽器 1 压力 2,kPa,0.7441765666007996,0.2341548282896282,0.1796925067901611,-0.0008168200147338,0.6383759701868923,3.763000011444092,7.967000007629394,35689
CND1,iTransformer-small,20260801,train,SYG1_10MAG10CP106,凝汽器 1 压力 3,kPa,0.7439627051353455,0.236032324487116,0.1818362325429916,0.0001145420319517,0.632099526464737,3.687000036239624,7.951000213623047,35689
CND1,iTransformer-small,20260801,train,SYG1_10MAG10CP107,凝汽器 1 压力 4,kPa,0.7484068870544434,0.2330389086812883,0.1796266585588455,0.0022622016258537,0.6390764661380257,3.67900013923645,7.8520002365112305,35689
CND1,iTransformer-small,20260801,train,SYG1_10MAG10CP108,凝汽器 1 压力 5,kPa,0.7461895942687988,0.2300771765049811,0.177886351943016,0.0010447411332279,0.6398890414413405,3.5109996795654297,7.630999565124512,35689
CND1,iTransformer-small,20260801,train,SYG1_10MAG10CP109,凝汽器 1 压力 6,kPa,0.7459830045700073,0.2342775380625521,0.1803011745214462,-0.001663698349148,0.6367508195802628,3.694000244140625,7.875,35689
CND1,iTransformer-small,20260801,train,SYG1_10MAG10CT101,凝汽器 1 温度 1,℃,0.7441052198410034,0.8570114578562775,0.6601817607879639,-0.001212760922499,0.7728992126425509,28.177000045776367,41.06499862670898,35689
CND1,iTransformer-small,20260801,train,SYG1_10MAG10CT102,凝汽器 1 温度 2,℃,0.7447419166564941,0.856527744271425,0.6599640250205994,0.0070309680886566,0.7721426770153269,27.924999237060547,40.68499755859375,35689
CND1,iTransformer-small,20260801,train,SYG1_10MAG10CT103,凝汽器 1 温度 3,℃,0.7449944615364075,0.8560597368457419,0.6576244235038757,0.0030613725539296,0.7734596094034576,28.303001403808597,41.19100189208984,35689
CND1,iTransformer-small,20260801,train,SYG1_10MAG10CT104,#1 机凝汽器 I（低压）壳侧温度,℃,0.7263504266738892,0.902388468373288,0.6971980333328247,0.0080348942428827,0.7476813584017484,27.546998977661133,37.52199935913086,35689
CND1,iTransformer-small,20260801,train,SYG1_10MAG10CL104,#1 机凝汽器 I（低压）热井液位 4,mm,0.6377543210983276,45.86434970888337,31.17681312561035,2.881667375564575,0.2835887808568466,697.905029296875,1232.22900390625,35689
CND1,iTransformer-small,20260801,train,SYG1_10MAG10CL105,#1 机凝汽器 I（低压）热井液位 5,mm,0.6370680332183838,45.64420079710291,31.180797576904297,3.089466094970703,0.2759393650704699,711.4089965820312,1242.071044921875,35689
CND1,iTransformer-small,20260801,train,SYG1_10MAG10CL106,#1 机凝汽器 I（低压）热井液位 6,mm,0.6370837688446045,45.4059542746736,30.860525131225582,2.8432466983795166,0.2831684832861666,694.928955078125,1225.02001953125,35689
CND1,iTransformer-small,20260801,train,SYG1_10MAG10CL104-SEL,#1 机凝汽器 I（低压）热井液位三选 - SEL,-,0.638208270072937,45.83670382966854,31.210649490356445,2.9761862754821777,,697.7900390625,1231.4290771484375,35689
CND1,iTransformer-small,20260801,val,SYG1_10MAG10CP101,凝汽器 1 压力 1,kPa,0.3069947957992553,0.3445170146570341,0.2779792547225952,0.0220538768917322,0.3779898933183604,3.7780003547668457,7.967000007629394,8905
CND1,iTransformer-small,20260801,val,SYG1_10MAG10CP105,凝汽器 1 压力 2,kPa,0.308015763759613,0.343614844281409,0.2761729061603546,0.0268497802317142,0.3877596855699045,3.763000011444092,7.967000007629394,8905
CND1,iTransformer-small,20260801,val,SYG1_10MAG10CP106,凝汽器 1 压力 3,kPa,0.3039002418518066,0.3440601943351969,0.2765721082687378,0.0286441855132579,0.3924761370016844,3.687000036239624,7.951000213623047,8905
CND1,iTransformer-small,20260801,val,SYG1_10MAG10CP107,凝汽器 1 压力 4,kPa,0.3212342858314514,0.3387988458586742,0.2718616724014282,0.0273210052400827,0.4033688938798427,3.67900013923645,7.8520002365112305,8905
CND1,iTransformer-small,20260801,val,SYG1_10MAG10CP108,凝汽器 1 压力 5,kPa,0.3279053568840027,0.3374537802766391,0.2721136510372162,0.0245454031974077,0.3930376193149916,3.5109996795654297,7.630999565124512,8905
CND1,iTransformer-small,20260801,val,SYG1_10MAG10CP109,凝汽器 1 压力 6,kPa,0.318748414516449,0.3398131872004944,0.2739105522632599,0.0262520126998424,0.3888826501965188,3.694000244140625,7.875,8905
CND1,iTransformer-small,20260801,val,SYG1_10MAG10CT101,凝汽器 1 温度 1,℃,0.349972665309906,1.1342199592673223,0.9270996451377868,0.0580668188631534,0.6298708590679394,28.177000045776367,41.06499862670898,8905
CND1,iTransformer-small,20260801,val,SYG1_10MAG10CT102,凝汽器 1 温度 2,℃,0.3414639234542846,1.144482191681376,0.9317752122879028,0.067680113017559,0.639528354856822,27.924999237060547,40.68499755859375,8905
CND1,iTransformer-small,20260801,val,SYG1_10MAG10CT103,凝汽器 1 温度 3,℃,0.3556511998176574,1.1298636102652009,0.9192898869514464,0.0672837048768997,0.6394160583941606,28.303001403808597,41.19100189208984,8905
CND1,iTransformer-small,20260801,val,SYG1_10MAG10CT104,#1 机凝汽器 I（低压）壳侧温度,℃,0.2283123731613159,1.220797115522129,1.0013446807861328,0.1002176702022552,0.5690061763054464,27.546998977661133,37.52199935913086,8905
CND1,iTransformer-small,20260801,val,SYG1_10MAG10CL104,#1 机凝汽器 I（低压）热井液位 4,mm,0.1968432664871215,40.379235579882206,24.4587345123291,5.362816333770752,0.3591240875912408,697.905029296875,1232.22900390625,8905
CND1,iTransformer-small,20260801,val,SYG1_10MAG10CL105,#1 机凝汽器 I（低压）热井液位 5,mm,0.1968356966972351,40.32714123654812,24.584095001220703,5.56026554107666,0.3492419988770354,711.4089965820312,1242.071044921875,8905
CND1,iTransformer-small,20260801,val,SYG1_10MAG10CL106,#1 机凝汽器 I（低压）热井液位 6,mm,0.2007402181625366,39.87092057649519,24.03950881958008,5.013606071472168,0.3610331274564851,694.928955078125,1225.02001953125,8905
CND1,iTransformer-small,20260801,val,SYG1_10MAG10CL104-SEL,#1 机凝汽器 I（低压）热井液位三选 - SEL,-,0.1985895633697509,40.33389693778051,24.2192497253418,5.755674839019775,,697.7900390625,1231.4290771484375,8905
CND1,iTransformer-small,20260801,test,SYG1_10MAG10CP101,凝汽器 1 压力 1,kPa,0.0707541108131408,0.40833732917673,0.3064183592796325,0.2394437491893768,0.4598976306830025,3.7780003547668457,7.967000007629394,43177
CND1,iTransformer-small,20260801,test,SYG1_10MAG10CP105,凝汽器 1 压力 2,kPa,0.0878055095672607,0.4045111415516884,0.3032773435115814,0.2354405671358108,0.4632790606109734,3.763000011444092,7.967000007629394,43177
CND1,iTransformer-small,20260801,test,SYG1_10MAG10CP106,凝汽器 1 压力 3,kPa,0.1145788431167602,0.3962455932480451,0.295059472322464,0.2226262986660003,0.4730991036894643,3.687000036239624,7.951000213623047,43177
CND1,iTransformer-small,20260801,test,SYG1_10MAG10CP107,凝汽器 1 压力 4,kPa,0.0751225352287292,0.4051178966924661,0.3043889999389648,0.2396170943975448,0.4557519049493943,3.67900013923645,7.8520002365112305,43177
CND1,iTransformer-small,20260801,test,SYG1_10MAG10CP108,凝汽器 1 压力 5,kPa,0.1249301433563232,0.3945170484951756,0.295626699924469,0.2263601571321487,0.4693702665771128,3.5109996795654297,7.630999565124512,43177
CND1,iTransformer-small,20260801,test,SYG1_10MAG10CP109,凝汽器 1 压力 6,kPa,0.1181750297546386,0.396218309248327,0.2945718765258789,0.2207304090261459,0.4740718438057299,3.694000244140625,7.875,43177
CND1,iTransformer-small,20260801,test,SYG1_10MAG10CT101,凝汽器 1 温度 1,℃,0.0202113389968872,1.7661578969300644,1.1516748666763306,0.92508202791214,0.5812585404266161,28.177000045776367,41.06499862670898,43177
CND1,iTransformer-small,20260801,test,SYG1_10MAG10CT102,凝汽器 1 温度 2,℃,0.0127733349800109,1.769571602805449,1.1561052799224854,0.9228482842445374,0.5809342937211942,27.924999237060547,40.68499755859375,43177
CND1,iTransformer-small,20260801,test,SYG1_10MAG10CT103,凝汽器 1 温度 3,℃,0.0168974995613098,1.7394109933729225,1.1446282863616943,0.9159914255142212,0.5829260949116428,28.303001403808597,41.19100189208984,43177
CND1,iTransformer-small,20260801,test,SYG1_10MAG10CT104,#1 机凝汽器 I（低压）壳侧温度,℃,0.0202009677886962,1.4464342043193417,1.0947059392929075,0.8454510569572449,0.5769043703823795,27.546998977661133,37.52199935913086,43177
CND1,iTransformer-small,20260801,test,SYG1_10MAG10CL104,#1 机凝汽器 I（低压）热井液位 4,mm,-0.3335028886795044,81.9833580435307,63.9670295715332,-47.117332458496094,0.1248813025453366,697.905029296875,1232.22900390625,43177
CND1,iTransformer-small,20260801,test,SYG1_10MAG10CL105,#1 机凝汽器 I（低压）热井液位 5,mm,-0.3289017677307129,81.50408588300957,63.59589767456055,-46.586307525634766,0.1229126618338467,711.4089965820312,1242.071044921875,43177
CND1,iTransformer-small,20260801,test,SYG1_10MAG10CL106,#1 机凝汽器 I（低压）热井液位 6,mm,-0.3250918388366699,81.00594656509021,63.12446594238281,-46.00992584228516,0.1280774486416379,694.928955078125,1225.02001953125,43177
CND1,iTransformer-small,20260801,test,SYG1_10MAG10CL104-SEL,#1 机凝汽器 I（低压）热井液位三选 - SEL,-,-0.3719425201416015,83.1557567629115,64.81757354736328,-47.92483139038086,,697.7900390625,1231.4290771484375,43177
CND1,TCN,20260801,train,SYG1_10MAG10CP101,凝汽器 1 压力 1,kPa,0.9799242615699768,0.0654341745973077,0.0412936322391033,-0.0016142325475811,0.9948443497996582,3.7780003547668457,7.967000007629394,35689
CND1,TCN,20260801,train,SYG1_10MAG10CP105,凝汽器 1 压力 2,kPa,0.9798172116279602,0.0657693848419961,0.0421424470841884,-0.0005434432532638,0.9954327663986102,3.763000011444092,7.967000007629394,35689
CND1,TCN,20260801,train,SYG1_10MAG10CP106,凝汽器 1 压力 3,kPa,0.9805538654327391,0.0650484307446931,0.0414332896471023,-0.0022637494839727,0.9956569251029728,3.687000036239624,7.951000213623047,35689
CND1,TCN,20260801,train,SYG1_10MAG10CP107,凝汽器 1 压力 4,kPa,0.9806212782859802,0.0646758097932926,0.0410242266952991,0.0001221170241478,0.9949003894757488,3.67900013923645,7.8520002365112305,35689
CND1,TCN,20260801,train,SYG1_10MAG10CP108,凝汽器 1 压力 5,kPa,0.9795165657997132,0.0653612576103428,0.0417977645993232,-0.0010598605731502,0.9948163299616128,3.5109996795654297,7.630999565124512,35689
CND1,TCN,20260801,train,SYG1_10MAG10CP109,凝汽器 1 压力 6,kPa,0.9780881404876708,0.0688079726380363,0.0447684787213802,0.0008178125717677,0.993583457087618,3.694000244140625,7.875,35689
CND1,TCN,20260801,train,SYG1_10MAG10CT101,凝汽器 1 温度 1,℃,0.9831070303916932,0.220195870946068,0.1481857597827911,0.0019161911914125,0.998486928745552,28.177000045776367,41.06499862670898,35689
CND1,TCN,20260801,train,SYG1_10MAG10CT102,凝汽器 1 温度 2,℃,0.9838579893112184,0.2153922967634884,0.1438820958137512,1.1096173693658784e-05,0.998486928745552,27.924999237060547,40.68499755859375,35689
CND1,TCN,20260801,train,SYG1_10MAG10CT103,凝汽器 1 温度 3,℃,0.9818552136421204,0.2283522029694017,0.1532713174819946,0.008636150509119,0.9980666311748718,28.303001403808597,41.19100189208984,35689
CND1,TCN,20260801,train,SYG1_10MAG10CT104,#1 机凝汽器 I（低压）壳侧温度,℃,0.9847720265388488,0.2128712094054016,0.1522550731897354,0.0047992505133152,0.9978985121465996,27.546998977661133,37.52199935913086,35689
CND1,TCN,20260801,train,SYG1_10MAG10CL104,#1 机凝汽器 I（低压）热井液位 4,mm,0.8786088824272156,26.550157978284705,19.016525268554688,-2.243328332901001,0.3842360391156939,697.905029296875,1232.22900390625,35689
CND1,TCN,20260801,train,SYG1_10MAG10CL105,#1 机凝汽器 I（低压）热井液位 5,mm,0.8779253959655762,26.471930843038137,19.01706314086914,-1.9534064531326292,0.3891675306116731,711.4089965820312,1242.071044921875,35689
CND1,TCN,20260801,train,SYG1_10MAG10CL106,#1 机凝汽器 I（低压）热井液位 6,mm,0.8797484636306763,26.136950812095627,18.67591667175293,-2.22232985496521,0.3990305136036314,694.928955078125,1225.02001953125,35689
CND1,TCN,20260801,train,SYG1_10MAG10CL104-SEL,#1 机凝汽器 I（低压）热井液位三选 - SEL,-,0.8800007104873657,26.39814386489548,18.89149284362793,-2.2244818210601807,,697.7900390625,1231.4290771484375,35689
CND1,TCN,20260801,val,SYG1_10MAG10CP101,凝汽器 1 压力 1,kPa,0.9334155917167664,0.1067895397996376,0.0808554589748382,-0.0247729010879993,0.9207186973610332,3.7780003547668457,7.967000007629394,8905
CND1,TCN,20260801,val,SYG1_10MAG10CP105,凝汽器 1 压力 2,kPa,0.9336643815040588,0.1063891096215881,0.0789832845330238,-0.018556110560894,0.9218416619876474,3.763000011444092,7.967000007629394,8905
CND1,TCN,20260801,val,SYG1_10MAG10CP106,凝汽器 1 压力 3,kPa,0.9357479214668274,0.1045302963284608,0.0793195813894271,-0.0148980394005775,0.9328467153284672,3.687000036239624,7.951000213623047,8905
CND1,TCN,20260801,val,SYG1_10MAG10CP107,凝汽器 1 压力 4,kPa,0.9430723786354064,0.0981168470670655,0.0753989890217781,-0.0110214091837406,0.9555306007860752,3.67900013923645,7.8520002365112305,8905
CND1,TCN,20260801,val,SYG1_10MAG10CP108,凝汽器 1 压力 5,kPa,0.9453543424606324,0.096222562633539,0.0741415917873382,-0.0225302968174219,0.9647389107243122,3.5109996795654297,7.630999565124512,8905
CND1,TCN,20260801,val,SYG1_10MAG10CP109,凝汽器 1 压力 6,kPa,0.950601041316986,0.0915051196576644,0.0696608573198318,-0.0142034124583005,0.9660864682762492,3.694000244140625,7.875,8905
CND1,TCN,20260801,val,SYG1_10MAG10CT101,凝汽器 1 温度 1,℃,0.9464641213417052,0.325502187830667,0.2430684864521026,-0.0699614062905311,0.9932622122403144,28.177000045776367,41.06499862670898,8905
CND1,TCN,20260801,val,SYG1_10MAG10CT102,凝汽器 1 温度 2,℃,0.9533334970474244,0.304664439771438,0.2206303626298904,-0.1034405082464218,0.989444132509826,27.924999237060547,40.68499755859375,8905
CND1,TCN,20260801,val,SYG1_10MAG10CT103,凝汽器 1 温度 3,℃,0.9503735899925232,0.3135609973554398,0.2353149652481079,-0.053271222859621,0.9893318360471643,28.303001403808597,41.19100189208984,8905
CND1,TCN,20260801,val,SYG1_10MAG10CT104,#1 机凝汽器 I（低压）壳侧温度,℃,0.9324660301208496,0.3611468092174711,0.2687915861606598,-0.1079505309462547,0.9900056148231332,27.546998977661133,37.52199935913086,8905
CND1,TCN,20260801,val,SYG1_10MAG10CL104,#1 机凝汽器 I（低压）热井液位 4,mm,0.2263209819793701,39.63130402584632,27.742713928222656,-5.592862606048584,0.2277372262773722,697.905029296875,1232.22900390625,8905
CND1,TCN,20260801,val,SYG1_10MAG10CL105,#1 机凝汽器 I（低压）热井液位 5,mm,0.2464006543159485,39.062990621918914,26.93262481689453,-3.6528728008270255,0.2290847838293093,711.4089965820312,1242.071044921875,8905
CND1,TCN,20260801,val,SYG1_10MAG10CL106,#1 机凝汽器 I（低压）热井液位 6,mm,0.1731492280960083,40.55326599439927,28.06864356994629,-4.324816703796387,0.2180797304884896,694.928955078125,1225.02001953125,8905
CND1,TCN,20260801,val,SYG1_10MAG10CL104-SEL,#1 机凝汽器 I（低压）热井液位三选 - SEL,-,0.2100264430046081,40.04506128842544,27.769258499145508,-4.810681343078613,,697.7900390625,1231.4290771484375,8905
CND1,TCN,20260801,test,SYG1_10MAG10CP101,凝汽器 1 压力 1,kPa,0.7002277374267578,0.2319260284796186,0.2047812491655349,-0.1972449123859405,0.5015864928086713,3.7780003547668457,7.967000007629394,43177
CND1,TCN,20260801,test,SYG1_10MAG10CP105,凝汽器 1 压力 2,kPa,0.7402201890945435,0.2158685949526182,0.1858139783143997,-0.1688358783721923,0.5653936123399032,3.763000011444092,7.967000007629394,43177
CND1,TCN,20260801,test,SYG1_10MAG10CP106,凝汽器 1 压力 3,kPa,0.6831824779510498,0.237024966554586,0.2053685784339904,-0.1924972981214523,0.4913958820668411,3.687000036239624,7.951000213623047,43177
CND1,TCN,20260801,test,SYG1_10MAG10CP107,凝汽器 1 压力 4,kPa,0.6819632053375244,0.2375625575019628,0.2079577594995498,-0.1977564245462417,0.4800472473770757,3.67900013923645,7.8520002365112305,43177
CND1,TCN,20260801,test,SYG1_10MAG10CP108,凝汽器 1 压力 5,kPa,0.6652227640151978,0.2440182875249639,0.2142235338687896,-0.2093017399311065,0.4868795886698936,3.5109996795654297,7.630999565124512,43177
CND1,TCN,20260801,test,SYG1_10MAG10CP109,凝汽器 1 压力 6,kPa,0.6610027551651001,0.245663956338693,0.2201736867427826,-0.2144826799631118,0.4041040368714825,3.694000244140625,7.875,43177
CND1,TCN,20260801,test,SYG1_10MAG10CT101,凝汽器 1 温度 1,℃,0.6228109002113342,1.0958292135492391,0.8031474947929382,-0.6164430975914001,0.7602427218194873,28.177000045776367,41.06499862670898,43177
CND1,TCN,20260801,test,SYG1_10MAG10CT102,凝汽器 1 温度 2,℃,0.6021181344985962,1.1234061288499029,0.812645673751831,-0.6245071291923523,0.7585751673344605,27.924999237060547,40.68499755859375,43177
CND1,TCN,20260801,test,SYG1_10MAG10CT103,凝汽器 1 温度 3,℃,0.627807080745697,1.0702540249409118,0.8073434233665466,-0.6438702344894409,0.7527850475947843,28.303001403808597,41.19100189208984,43177
CND1,TCN,20260801,test,SYG1_10MAG10CT104,#1 机凝汽器 I（低压）壳侧温度,℃,0.7163029909133911,0.7783188957479068,0.684026837348938,-0.6523406505584717,0.8128864904926234,27.546998977661133,37.52199935913086,43177
CND1,TCN,20260801,test,SYG1_10MAG10CL104,#1 机凝汽器 I（低压）热井液位 4,mm,0.3177194595336914,58.64219663827832,40.32772445678711,-4.073077201843262,0.2003381429927971,697.905029296875,1232.22900390625,43177
CND1,TCN,20260801,test,SYG1_10MAG10CL105,#1 机凝汽器 I（低压）热井液位 5,mm,0.3298353552818298,57.87935534705466,40.62113571166992,-1.320534110069275,0.1934826412210204,711.4089965820312,1242.071044921875,43177
CND1,TCN,20260801,test,SYG1_10MAG10CL106,#1 机凝汽器 I（低压）热井液位 6,mm,0.3069657683372497,58.5829490044885,41.037353515625,1.426854372024536,0.1947564675637492,694.928955078125,1225.02001953125,43177
CND1,TCN,20260801,test,SYG1_10MAG10CL104-SEL,#1 机凝汽器 I（低压）热井液位三选 - SEL,-,0.3359378576278686,57.85337870629834,40.66085052490234,-2.0618162155151367,,697.7900390625,1231.4290771484375,43177
DEA,ANN,20260801,train,SYG1_10LAA10CP101,#1 机除氧器压力 1,MPa,0.9900802969932556,0.0240979145529815,0.0175778195261955,0.0024551206734031,0.9959091036453808,0.2540000081062317,1.0740000009536743,35689
DEA,ANN,20260801,train,SYG1_10LAA10CP102,#1 机除氧器压力 2,MPa,0.9903776049613952,0.0236230671509194,0.017084252089262,0.0019957476761192,0.9977023732802824,0.2520000040531158,1.065000057220459,35689
DEA,ANN,20260801,train,SYG1_10LAA10CT101,#1 机除氧器温度 1,℃,0.9889509081840516,1.4645549845585897,1.0607082843780518,0.0487627647817134,0.5870996665639273,140.25601196289062,186.7330017089844,35689
DEA,ANN,20260801,train,SYG1_10LAA10CT102,#1 机除氧器温度 2,℃,0.9860352873802184,1.6423357082747474,1.1998800039291382,0.0352966897189617,0.5337498949256073,140.12599182128906,186.6000061035156,35689
DEA,ANN,20260801,train,SYG1_10LAA10CL101,#1 机除氧器液位 1,mm,0.4336162805557251,22.538678641661967,14.15640640258789,0.7541059851646423,0.533469696545154,1799.865966796875,2373.44384765625,35689
DEA,ANN,20260801,train,SYG1_10LAA10CL102,#1 机除氧器液位 2,mm,0.4649356007575989,23.693003153621117,14.763568878173828,0.685137152671814,0.5145282860265068,1745.8189697265625,2377.288818359375,35689
DEA,ANN,20260801,train,SYG1_10LAA10CL103,#1 机除氧器液位 3,mm,0.4545596241950989,22.08809018515054,13.793542861938477,0.7211971282958984,0.5416514892543921,1803.925048828125,2460.60205078125,35689
DEA,ANN,20260801,train,SYG1_10LAA10CL101-SEL,#1 机除氧器液位三选,-,0.4425004124641418,22.08904625273506,13.600225448608398,0.6635430455207825,,1797.94287109375,2375.15283203125,35689
DEA,ANN,20260801,train,SYG1_10CBA00CBK00R107,#1汽机除氧器出口O2（汽水取样画面的除氧器出口溶解氧）,μg/L,0.0708268284797668,3.79098543747641,0.9465298056602478,-0.0135314045473933,0.996329401216061,0.0630000829696655,100.58699798583984,35689
DEA,ANN,20260801,val,SYG1_10LAA10CP101,#1 机除氧器压力 1,MPa,0.8851184844970703,0.064450437316343,0.0441693142056465,0.0224724914878606,0.9633913531723752,0.2540000081062317,1.0740000009536743,8905
DEA,ANN,20260801,val,SYG1_10LAA10CP102,#1 机除氧器压力 2,MPa,0.8835932016372681,0.0646480228952441,0.0420030504465103,0.0206629168242216,0.9622683885457608,0.2520000040531158,1.065000057220459,8905
DEA,ANN,20260801,val,SYG1_10LAA10CT101,#1 机除氧器温度 1,℃,0.8174722194671631,4.114243556934418,2.155421018600464,0.5299381017684937,0.3385738349241999,140.25601196289062,186.7330017089844,8905
DEA,ANN,20260801,val,SYG1_10LAA10CT102,#1 机除氧器温度 2,℃,0.8195194005966187,4.070662060625569,2.2692391872406006,0.5516223907470703,0.3053340819764177,140.12599182128906,186.6000061035156,8905
DEA,ANN,20260801,val,SYG1_10LAA10CL101,#1 机除氧器液位 1,mm,0.2000162005424499,27.26517281143657,16.869234085083008,-0.2915046215057373,0.485120718697361,1799.865966796875,2373.44384765625,8905
DEA,ANN,20260801,val,SYG1_10LAA10CL102,#1 机除氧器液位 2,mm,0.1877747178077697,28.64759061844796,17.707881927490234,-2.3725082874298096,0.4643458731049972,1745.8189697265625,2377.288818359375,8905
DEA,ANN,20260801,val,SYG1_10LAA10CL103,#1 机除氧器液位 3,mm,0.1543115973472595,27.450410277700087,17.6558837890625,-4.396842956542969,0.433464345873105,1803.925048828125,2460.60205078125,8905
DEA,ANN,20260801,val,SYG1_10LAA10CL101-SEL,#1 机除氧器液位三选,-,0.1703478693962097,27.16322551378057,16.614952087402344,-3.3799524307250977,,1797.94287109375,2375.15283203125,8905
DEA,ANN,20260801,val,SYG1_10CBA00CBK00R107,#1汽机除氧器出口O2（汽水取样画面的除氧器出口溶解氧）,μg/L,-1.225700855255127,1.0006342902815537,0.8257832527160645,0.4280135333538055,1.0,0.0630000829696655,100.58699798583984,8905
DEA,ANN,20260801,test,SYG1_10LAA10CP101,#1 机除氧器压力 1,MPa,0.9677953720092772,0.0267770880513743,0.020381947979331,-0.0006872876547276,0.995066817981796,0.2540000081062317,1.0740000009536743,43177
DEA,ANN,20260801,test,SYG1_10LAA10CP102,#1 机除氧器压力 2,MPa,0.964227855205536,0.0278766247645065,0.0209207627922296,0.0059248968027532,0.9934687449336452,0.2520000040531158,1.065000057220459,43177
DEA,ANN,20260801,test,SYG1_10LAA10CT101,#1 机除氧器温度 1,℃,0.9638245701789856,1.6656962510090518,1.231336236000061,0.3101827204227447,0.5236352687773583,140.25601196289062,186.7330017089844,43177
DEA,ANN,20260801,test,SYG1_10LAA10CT102,#1 机除氧器温度 2,℃,0.9595714807510376,1.7558741754538207,1.2740167379379272,0.2409798353910446,0.5252796627834264,140.12599182128906,186.6000061035156,43177
DEA,ANN,20260801,test,SYG1_10LAA10CL101,#1 机除氧器液位 1,mm,-0.2476688623428344,26.449674215636023,18.33557510375977,9.763297080993652,0.430900711026704,1799.865966796875,2373.44384765625,43177
DEA,ANN,20260801,test,SYG1_10LAA10CL102,#1 机除氧器液位 2,mm,-0.0156757831573486,23.382293053034143,15.791842460632324,4.671978950500488,0.4739560414109364,1745.8189697265625,2377.288818359375,43177
DEA,ANN,20260801,test,SYG1_10LAA10CL103,#1 机除氧器液位 3,mm,-0.0613405704498291,21.7132383968787,14.77356243133545,0.0817383974790573,0.4850962317900734,1803.925048828125,2460.60205078125,43177
DEA,ANN,20260801,test,SYG1_10LAA10CL101-SEL,#1 机除氧器液位三选,-,-0.0350760221481323,21.071895507368044,13.614489555358888,2.7730588912963867,,1797.94287109375,2375.15283203125,43177
DEA,ANN,20260801,test,SYG1_10CBA00CBK00R107,#1汽机除氧器出口O2（汽水取样画面的除氧器出口溶解氧）,μg/L,-1.2202889919281006,0.8766487459942562,0.6682964563369751,-0.0971073433756828,0.9996525928156196,0.0630000829696655,100.58699798583984,43177
DEA,ANN,20260802,train,SYG1_10LAA10CP101,#1 机除氧器压力 1,MPa,0.9924237132072448,0.0210600353391282,0.0152663718909025,-0.00217199139297,0.9985149485835972,0.2540000081062317,1.0740000009536743,35689
DEA,ANN,20260802,train,SYG1_10LAA10CP102,#1 机除氧器压力 2,MPa,0.9922274947166444,0.0212312321659441,0.0152845717966556,-0.0019260526169091,0.9983748493933704,0.2520000040531158,1.065000057220459,35689
DEA,ANN,20260802,train,SYG1_10LAA10CT101,#1 机除氧器温度 1,℃,0.9919920563697816,1.246817782052434,0.8734158873558044,-0.0997506603598594,0.68278741348875,140.25601196289062,186.7330017089844,35689
DEA,ANN,20260802,train,SYG1_10LAA10CT102,#1 机除氧器温度 2,℃,0.9887112975120544,1.4766189322208496,1.0471017360687256,-0.1010196655988693,0.612093362100367,140.12599182128906,186.6000061035156,35689
DEA,ANN,20260802,train,SYG1_10LAA10CL101,#1 机除氧器液位 1,mm,0.4886435866355896,21.415830286618224,13.180594444274902,0.1115851774811744,0.5684664742637787,1799.865966796875,2373.44384765625,35689
DEA,ANN,20260802,train,SYG1_10LAA10CL102,#1 机除氧器液位 2,mm,0.522516667842865,22.38186080001155,13.473657608032228,-0.0403336808085441,0.5710442993639496,1745.8189697265625,2377.288818359375,35689
DEA,ANN,20260802,train,SYG1_10LAA10CL103,#1 机除氧器液位 3,mm,0.5118913650512695,20.895019434262394,12.63286304473877,0.1167009845376014,0.5918910588696797,1803.925048828125,2460.60205078125,35689
DEA,ANN,20260802,train,SYG1_10LAA10CL101-SEL,#1 机除氧器液位三选,-,0.5002259612083435,20.914213525556683,12.535604476928713,0.1740931868553161,,1797.94287109375,2375.15283203125,35689
DEA,ANN,20260802,train,SYG1_10CBA00CBK00R107,#1汽机除氧器出口O2（汽水取样画面的除氧器出口溶解氧）,μg/L,0.7810077667236328,1.8404249176446132,0.7130387425422668,-0.0069811465218663,0.9979545518226904,0.0630000829696655,100.58699798583984,35689
DEA,ANN,20260802,val,SYG1_10LAA10CP101,#1 机除氧器压力 1,MPa,0.9258605241775512,0.051775641339611,0.0371017232537269,0.0166187360882759,0.963615946097698,0.2540000081062317,1.0740000009536743,8905
DEA,ANN,20260802,val,SYG1_10LAA10CP102,#1 机除氧器压力 2,MPa,0.9210140705108644,0.0532526185627055,0.0385637618601322,0.018184620887041,0.9633913531723752,0.2520000040531158,1.065000057220459,8905
DEA,ANN,20260802,val,SYG1_10LAA10CT101,#1 机除氧器温度 1,℃,0.9070433974266052,2.936064998666004,1.8233100175857544,0.4216963052749634,0.3523862998315553,140.25601196289062,186.7330017089844,8905
DEA,ANN,20260802,val,SYG1_10LAA10CT102,#1 机除氧器温度 2,℃,0.887322187423706,3.216391875499213,2.114701509475708,0.7391478419303894,0.2844469399213924,140.12599182128906,186.6000061035156,8905
DEA,ANN,20260802,val,SYG1_10LAA10CL101,#1 机除氧器液位 1,mm,0.2364260554313659,26.637484923080557,16.23204231262207,-0.305275410413742,0.4979225154407636,1799.865966796875,2373.44384765625,8905
DEA,ANN,20260802,val,SYG1_10LAA10CL102,#1 机除氧器液位 2,mm,0.2493684887886047,27.539955659275197,16.54983139038086,-0.1709220707416534,0.5007299270072992,1745.8189697265625,2377.288818359375,8905
DEA,ANN,20260802,val,SYG1_10LAA10CL103,#1 机除氧器液位 3,mm,0.2340549230575561,26.124168273243647,16.195302963256836,-2.363330841064453,0.4924199887703537,1803.925048828125,2460.60205078125,8905
DEA,ANN,20260802,val,SYG1_10LAA10CL101-SEL,#1 机除氧器液位三选,-,0.2213484048843383,26.315093213959457,15.79759120941162,-2.0970163345336914,,1797.94287109375,2375.15283203125,8905
DEA,ANN,20260802,val,SYG1_10CBA00CBK00R107,#1汽机除氧器出口O2（汽水取样画面的除氧器出口溶解氧）,μg/L,-0.7687044143676758,0.8920097962427417,0.7457844018936157,0.5220653414726257,1.0,0.0630000829696655,100.58699798583984,8905
DEA,ANN,20260802,test,SYG1_10LAA10CP101,#1 机除氧器压力 1,MPa,0.9802098870277404,0.0209907633091933,0.0151705741882324,0.0034926300868391,0.9985640503045604,0.2540000081062317,1.0740000009536743,43177
DEA,ANN,20260802,test,SYG1_10LAA10CP102,#1 机除氧器压力 2,MPa,0.979973316192627,0.0208579965323032,0.0149796791374683,0.0032103694975376,0.9984714083887256,0.2520000040531158,1.065000057220459,43177
DEA,ANN,20260802,test,SYG1_10LAA10CT101,#1 机除氧器温度 1,℃,0.9729959964752196,1.4391399648486878,1.0432041883468628,0.3146451115608215,0.6102786205618732,140.25601196289062,186.7330017089844,43177
DEA,ANN,20260802,test,SYG1_10LAA10CT102,#1 机除氧器温度 2,℃,0.9634776711463928,1.66889409789672,1.2471266984939575,0.7468737959861755,0.5266692915209487,140.12599182128906,186.6000061035156,43177
DEA,ANN,20260802,test,SYG1_10LAA10CL101,#1 机除氧器液位 1,mm,-0.1104543209075927,24.952899967676604,16.78465461730957,5.943535327911377,0.4681659216712601,1799.865966796875,2373.44384765625,43177
DEA,ANN,20260802,test,SYG1_10LAA10CL102,#1 机除氧器液位 2,mm,0.0607137084007263,22.485809598517488,14.775331497192385,2.3569042682647705,0.4988998772494615,1745.8189697265625,2377.288818359375,43177
DEA,ANN,20260802,test,SYG1_10LAA10CL103,#1 机除氧器液位 3,mm,-0.0380860567092895,21.47404652300692,14.638238906860352,-2.5723822116851807,0.4711999444148505,1803.925048828125,2460.60205078125,43177
DEA,ANN,20260802,test,SYG1_10LAA10CL101-SEL,#1 机除氧器液位三选,-,-0.013251781463623,20.848564907240167,13.23758602142334,1.2716630697250366,,1797.94287109375,2375.15283203125,43177
DEA,ANN,20260802,test,SYG1_10CBA00CBK00R107,#1汽机除氧器出口O2（汽水取样画面的除氧器出口溶解氧）,μg/L,-0.38770592212677,0.6930580021473781,0.5325819253921509,-0.0669939815998077,0.999930518563124,0.0630000829696655,100.58699798583984,43177
DEA,ANN,20260803,train,SYG1_10LAA10CP101,#1 机除氧器压力 1,MPa,0.9929862022399902,0.0202631045457403,0.0143452920019626,-0.0020406513940542,0.9977864327944184,0.2540000081062317,1.0740000009536743,35689
DEA,ANN,20260803,train,SYG1_10LAA10CP102,#1 机除氧器压力 2,MPa,0.9926483631134032,0.020648456992401,0.0145679544657468,-0.00184059177991,0.9975342542520104,0.2520000040531158,1.065000057220459,35689
DEA,ANN,20260803,train,SYG1_10LAA10CT101,#1 机除氧器温度 1,℃,0.9895870685577391,1.4217690229221538,1.034050703048706,0.0378977991640567,0.5949452212166214,140.25601196289062,186.7330017089844,35689
DEA,ANN,20260803,train,SYG1_10LAA10CT102,#1 机除氧器温度 2,℃,0.9855616092681884,1.6699594236915227,1.236963152885437,0.04810182005167,0.5211129479671608,140.12599182128906,186.6000061035156,35689
DEA,ANN,20260803,train,SYG1_10LAA10CL101,#1 机除氧器液位 1,mm,0.4217560887336731,22.77343884005142,14.509177207946776,1.4488942623138428,0.5147524447308695,1799.865966796875,2373.44384765625,35689
DEA,ANN,20260803,train,SYG1_10LAA10CL102,#1 机除氧器液位 2,mm,0.4557782411575317,23.894889815132935,15.005989074707031,1.257723331451416,0.5036005491888257,1745.8189697265625,2377.288818359375,35689
DEA,ANN,20260803,train,SYG1_10LAA10CL103,#1 机除氧器液位 3,mm,0.4436533451080322,22.30782732935348,14.039761543273926,1.4176132678985596,0.5292387010003082,1803.925048828125,2460.60205078125,35689
DEA,ANN,20260803,train,SYG1_10LAA10CL101-SEL,#1 机除氧器液位三选,-,0.4327716827392578,22.280946619822743,13.91762638092041,1.517107009887695,,1797.94287109375,2375.15283203125,35689
DEA,ANN,20260803,train,SYG1_10CBA00CBK00R107,#1汽机除氧器出口O2（汽水取样画面的除氧器出口溶解氧）,μg/L,0.0700907707214355,3.792486598192952,0.9565239548683168,0.0152646554633975,0.9962173218638796,0.0630000829696655,100.58699798583984,35689
DEA,ANN,20260803,val,SYG1_10LAA10CP101,#1 机除氧器压力 1,MPa,0.907246470451355,0.0579116638559878,0.0292662102729082,0.0083116451278328,0.9676586187535092,0.2540000081062317,1.0740000009536743,8905
DEA,ANN,20260803,val,SYG1_10LAA10CP102,#1 机除氧器压力 2,MPa,0.9074488878250122,0.0576443608103046,0.0286839641630649,0.007895965129137,0.9656372824256036,0.2520000040531158,1.065000057220459,8905
DEA,ANN,20260803,val,SYG1_10LAA10CT101,#1 机除氧器温度 1,℃,0.8387863636016846,3.866575003776166,2.147101879119873,0.7106533646583557,0.306457046603032,140.25601196289062,186.7330017089844,8905
DEA,ANN,20260803,val,SYG1_10LAA10CT102,#1 机除氧器温度 2,℃,0.8334122896194458,3.9108514158290255,2.076188325881958,0.3290387094020843,0.3466591802358226,140.12599182128906,186.6000061035156,8905
DEA,ANN,20260803,val,SYG1_10LAA10CL101,#1 机除氧器液位 1,mm,0.1391546130180359,28.28331095736384,17.4845027923584,-0.781424343585968,0.4777091521617069,1799.865966796875,2373.44384765625,8905
DEA,ANN,20260803,val,SYG1_10LAA10CL102,#1 机除氧器液位 2,mm,0.137628972530365,29.51867912004512,18.32521629333496,-1.918519735336304,0.4591802358225716,1745.8189697265625,2377.288818359375,8905
DEA,ANN,20260803,val,SYG1_10LAA10CL103,#1 机除氧器液位 3,mm,0.1142361164093017,28.09329267390561,17.525930404663086,-3.750631332397461,0.4768107804604155,1803.925048828125,2460.60205078125,8905
DEA,ANN,20260803,val,SYG1_10LAA10CL101-SEL,#1 机除氧器液位三选,-,0.1095689535140991,28.140606564055595,17.028474807739258,-2.505662679672241,,1797.94287109375,2375.15283203125,8905
DEA,ANN,20260803,val,SYG1_10CBA00CBK00R107,#1汽机除氧器出口O2（汽水取样画面的除氧器出口溶解氧）,μg/L,-1.890681266784668,1.140360344269615,0.9758200645446776,0.6892571449279785,1.0,0.0630000829696655,100.58699798583984,8905
DEA,ANN,20260803,test,SYG1_10LAA10CP101,#1 机除氧器压力 1,MPa,0.9661542773246764,0.0274508711080179,0.0194410476833581,-0.001141776330769,0.9863816383722817,0.2540000081062317,1.0740000009536743,43177
DEA,ANN,20260803,test,SYG1_10LAA10CP102,#1 机除氧器压力 2,MPa,0.9553659558296204,0.0311387305127254,0.0219464395195245,0.0130697293207049,0.9859647497510248,0.2520000040531158,1.065000057220459,43177
DEA,ANN,20260803,test,SYG1_10LAA10CT101,#1 机除氧器温度 1,℃,0.947139859199524,2.0135059898861423,1.5496553182601929,0.353320300579071,0.3924079949973365,140.25601196289062,186.7330017089844,43177
DEA,ANN,20260803,test,SYG1_10LAA10CT102,#1 机除氧器温度 2,℃,0.931702435016632,2.282192714768257,1.843881368637085,-0.2629902362823486,0.3079880491928573,140.12599182128906,186.6000061035156,43177
DEA,ANN,20260803,test,SYG1_10LAA10CL101,#1 机除氧器液位 1,mm,-0.4828850030899048,28.83529509410408,19.786041259765625,10.005805015563965,0.4195289158579799,1799.865966796875,2373.44384765625,43177
DEA,ANN,20260803,test,SYG1_10LAA10CL102,#1 机除氧器液位 2,mm,-0.3438855409622192,26.89618532722159,18.38909339904785,7.752900123596191,0.428862588878338,1745.8189697265625,2377.288818359375,43177
DEA,ANN,20260803,test,SYG1_10LAA10CL103,#1 机除氧器液位 3,mm,-0.3588011264801025,24.568302779493006,16.466594696044922,2.912029266357422,0.4805799383931259,1803.925048828125,2460.60205078125,43177
DEA,ANN,20260803,test,SYG1_10LAA10CL101-SEL,#1 机除氧器液位三选,-,-0.3994818925857544,24.501976711950583,16.075653076171875,5.625788688659668,,1797.94287109375,2375.15283203125,43177
DEA,ANN,20260803,test,SYG1_10CBA00CBK00R107,#1汽机除氧器出口O2（汽水取样画面的除氧器出口溶解氧）,μg/L,-1.355708122253418,0.9029871640734686,0.702143669128418,0.171512097120285,0.9994209880260324,0.0630000829696655,100.58699798583984,43177
DEA,GRU,20260801,train,SYG1_10LAA10CP101,#1 机除氧器压力 1,MPa,0.9931593537330629,0.020011447373413,0.0135761862620711,-0.0021696626208722,0.9964695004062876,0.2540000081062317,1.0740000009536743,35689
DEA,GRU,20260801,train,SYG1_10LAA10CP102,#1 机除氧器压力 2,MPa,0.99273020029068,0.0205331933398347,0.0146471476182341,-0.0025170370936393,0.9987110874499144,0.2520000040531158,1.065000057220459,35689
DEA,GRU,20260801,train,SYG1_10LAA10CT101,#1 机除氧器温度 1,℃,0.9880953431129456,1.52020248846215,1.1331533193588257,-0.1848542690277099,0.550898035809353,140.25601196289062,186.7330017089844,35689
DEA,GRU,20260801,train,SYG1_10LAA10CT102,#1 机除氧器温度 2,℃,0.9847263097763062,1.7175832776531763,1.2743219137191772,-0.0496646352112293,0.5156770993863655,140.12599182128906,186.6000061035156,35689
DEA,GRU,20260801,train,SYG1_10LAA10CL101,#1 机除氧器液位 1,mm,0.5246537923812866,20.64800519198412,13.149893760681152,2.003654956817627,0.5640393398526157,1799.865966796875,2373.44384765625,35689
DEA,GRU,20260801,train,SYG1_10LAA10CL102,#1 机除氧器液位 2,mm,0.5652893781661987,21.355866373538984,13.332037925720217,1.8447173833847048,0.564907954832021,1745.8189697265625,2377.288818359375,35689
DEA,GRU,20260801,train,SYG1_10LAA10CL103,#1 机除氧器液位 3,mm,0.5524316430091858,20.008485138537164,12.64467716217041,1.8922635316848757,0.5788898540166438,1803.925048828125,2460.60205078125,35689
DEA,GRU,20260801,train,SYG1_10LAA10CL101-SEL,#1 机除氧器液位三选,-,0.5364850163459778,20.1412575964948,12.557109832763672,1.80649209022522,,1797.94287109375,2375.15283203125,35689
DEA,GRU,20260801,train,SYG1_10CBA00CBK00R107,#1汽机除氧器出口O2（汽水取样画面的除氧器出口溶解氧）,μg/L,0.0553557872772216,3.822415699300546,0.9509093761444092,-0.0730739161372184,0.9980946510129172,0.0630000829696655,100.58699798583984,35689
DEA,GRU,20260801,val,SYG1_10LAA10CP101,#1 机除氧器压力 1,MPa,0.9499400854110718,0.042544728763021,0.0185706540942192,0.0001614180218894,0.9727119595732734,0.2540000081062317,1.0740000009536743,8905
DEA,GRU,20260801,val,SYG1_10LAA10CP102,#1 机除氧器压力 2,MPa,0.9520789980888368,0.0414790752405649,0.0178629159927368,-0.0069208708591759,0.972599663110612,0.2520000040531158,1.065000057220459,8905
DEA,GRU,20260801,val,SYG1_10LAA10CT101,#1 机除氧器温度 1,℃,0.9423717260360718,2.3117630273949623,1.4592658281326294,0.4378547966480255,0.5274564851207187,140.25601196289062,186.7330017089844,8905
DEA,GRU,20260801,val,SYG1_10LAA10CT102,#1 机除氧器温度 2,℃,0.9160224199295044,2.776716244572851,1.9665273427963257,0.9049705266952516,0.3284671532846715,140.12599182128906,186.6000061035156,8905
DEA,GRU,20260801,val,SYG1_10LAA10CL101,#1 机除氧器液位 1,mm,0.2873375415802002,25.734136639378807,16.171295166015625,-2.3776063919067383,0.498034811903425,1799.865966796875,2373.44384765625,8905
DEA,GRU,20260801,val,SYG1_10LAA10CL102,#1 机除氧器液位 2,mm,0.2522948980331421,27.48622035803236,17.8445987701416,-6.601699352264404,0.4180797304884896,1745.8189697265625,2377.288818359375,8905
DEA,GRU,20260801,val,SYG1_10LAA10CL103,#1 机除氧器液位 3,mm,0.2225870490074157,26.31901038445761,17.592966079711914,-6.507796764373779,0.421336327905671,1803.925048828125,2460.60205078125,8905
DEA,GRU,20260801,val,SYG1_10LAA10CL101-SEL,#1 机除氧器液位三选,-,0.2504842877388,25.818065569783204,16.2707462310791,-4.883821487426758,,1797.94287109375,2375.15283203125,8905
DEA,GRU,20260801,val,SYG1_10CBA00CBK00R107,#1汽机除氧器出口O2（汽水取样画面的除氧器出口溶解氧）,μg/L,-1.3145475387573242,1.0204107941136211,0.8469011187553406,0.4645645916461944,1.0,0.0630000829696655,100.58699798583984,8905
DEA,GRU,20260801,test,SYG1_10LAA10CP101,#1 机除氧器压力 1,MPa,0.9785141348838806,0.0218716012866781,0.0160678029060363,0.0001052745865308,0.9988419760520648,0.2540000081062317,1.0740000009536743,43177
DEA,GRU,20260801,test,SYG1_10LAA10CP102,#1 机除氧器压力 2,MPa,0.97239887714386,0.0244867530144478,0.0188381373882293,-0.0098946178331971,0.9969659772564096,0.2520000040531158,1.065000057220459,43177
DEA,GRU,20260801,test,SYG1_10LAA10CT101,#1 机除氧器温度 1,℃,0.9455103278160096,2.044305717672768,1.5483044385910034,0.2144573926925659,0.416379090719596,140.25601196289062,186.7330017089844,43177
DEA,GRU,20260801,test,SYG1_10LAA10CT102,#1 机除氧器温度 2,℃,0.9156085848808287,2.5368733990108066,2.0519604682922363,0.2388838231563568,0.2580772170368483,140.12599182128906,186.6000061035156,43177
DEA,GRU,20260801,test,SYG1_10LAA10CL101,#1 机除氧器液位 1,mm,-0.0462557077407836,24.220860543119,16.26233673095703,-0.1041918471455574,0.4643907636009912,1799.865966796875,2373.44384765625,43177
DEA,GRU,20260801,test,SYG1_10LAA10CL102,#1 机除氧器液位 2,mm,-0.0198240280151367,23.429993589614465,15.945805549621582,-5.549180030822754,0.4436852954119091,1745.8189697265625,2377.288818359375,43177
DEA,GRU,20260801,test,SYG1_10LAA10CL103,#1 机除氧器液位 3,mm,-0.243458867073059,23.50243738398809,17.434696197509766,-9.028831481933594,0.3407369664404659,1803.925048828125,2460.60205078125,43177
DEA,GRU,20260801,test,SYG1_10LAA10CL101-SEL,#1 机除氧器液位三选,-,-0.0263410806655883,20.98279411627015,13.356810569763184,-3.438133955001831,,1797.94287109375,2375.15283203125,43177
DEA,GRU,20260801,test,SYG1_10CBA00CBK00R107,#1汽机除氧器出口O2（汽水取样画面的除氧器出口溶解氧）,μg/L,-1.5198805332183838,0.9339224583848512,0.7252354621887207,-0.2758216857910156,1.0,0.0630000829696655,100.58699798583984,43177
DEA,GRU,20260802,train,SYG1_10LAA10CP101,#1 机除氧器压力 1,MPa,0.9924876689910888,0.0209708894218788,0.0152257718145847,0.0009718924993649,0.9977864327944184,0.2540000081062317,1.0740000009536743,35689
DEA,GRU,20260802,train,SYG1_10LAA10CP102,#1 机除氧器压力 2,MPa,0.9908959865570068,0.0229779796258169,0.0163952317088842,0.0003747640585061,0.9970298971671944,0.2520000040531158,1.065000057220459,35689
DEA,GRU,20260802,train,SYG1_10LAA10CT101,#1 机除氧器温度 1,℃,0.9905924797058104,1.3513904087118656,0.9772213101387024,0.0244108233600854,0.6300260584493822,140.25601196289062,186.7330017089844,35689
DEA,GRU,20260802,train,SYG1_10LAA10CT102,#1 机除氧器温度 2,℃,0.989592969417572,1.4177821012874148,1.0518053770065308,0.0582970157265663,0.5872677855921993,140.12599182128906,186.6000061035156,35689
DEA,GRU,20260802,train,SYG1_10LAA10CL101,#1 机除氧器液位 1,mm,0.6135368347167969,18.617746464017536,11.95706844329834,-0.7668375372886658,0.5955336378155734,1799.865966796875,2373.44384765625,35689
DEA,GRU,20260802,train,SYG1_10LAA10CL102,#1 机除氧器液位 2,mm,0.6476171016693115,19.227573558848697,12.07329559326172,-0.5108256340026855,0.604079688419401,1745.8189697265625,2377.288818359375,35689
DEA,GRU,20260802,train,SYG1_10LAA10CL103,#1 机除氧器液位 3,mm,0.6344608068466187,18.08220888266065,11.364582061767578,-0.4376759529113769,0.6216201070357813,1803.925048828125,2460.60205078125,35689
DEA,GRU,20260802,train,SYG1_10LAA10CL101-SEL,#1 机除氧器液位三选,-,0.629370927810669,18.010445001453757,11.171353340148926,-0.5203437209129333,,1797.94287109375,2375.15283203125,35689
DEA,GRU,20260802,train,SYG1_10CBA00CBK00R107,#1汽机除氧器出口O2（汽水取样画面的除氧器出口溶解氧）,μg/L,0.0667477846145629,3.799297297907304,0.9514676928520204,0.0134629542008042,0.9966095995965144,0.0630000829696655,100.58699798583984,35689
DEA,GRU,20260802,val,SYG1_10LAA10CP101,#1 机除氧器压力 1,MPa,0.9557188153266908,0.0400138563388444,0.0260237455368042,0.0045245718210935,0.9734980348119034,0.2540000081062317,1.0740000009536743,8905
DEA,GRU,20260802,val,SYG1_10LAA10CP102,#1 机除氧器压力 2,MPa,0.9824479222297668,0.0251032668551545,0.0178837720304727,0.000940021534916,0.9998877035373386,0.2520000040531158,1.065000057220459,8905
DEA,GRU,20260802,val,SYG1_10LAA10CT101,#1 机除氧器温度 1,℃,0.8124213218688965,4.170780109646451,1.938822150230408,0.2366382330656051,0.4029197080291971,140.25601196289062,186.7330017089844,8905
DEA,GRU,20260802,val,SYG1_10LAA10CT102,#1 机除氧器温度 2,℃,0.9015918970108032,3.005835420886116,1.4969934225082395,-0.1244999170303344,0.5334081976417743,140.12599182128906,186.6000061035156,8905
DEA,GRU,20260802,val,SYG1_10LAA10CL101,#1 机除氧器液位 1,mm,0.2392985820770263,26.587333290571024,16.634531021118164,-3.3377065658569336,0.5079169006176305,1799.865966796875,2373.44384765625,8905
DEA,GRU,20260802,val,SYG1_10LAA10CL102,#1 机除氧器液位 2,mm,0.2526301145553589,27.480058687860936,17.001750946044922,-2.0707051753997803,0.5161145423919147,1745.8189697265625,2377.288818359375,8905
DEA,GRU,20260802,val,SYG1_10LAA10CL103,#1 机除氧器液位 3,mm,0.2893907427787781,25.162807278147397,16.342866897583008,-3.956297397613525,0.4818641212801797,1803.925048828125,2460.60205078125,8905
DEA,GRU,20260802,val,SYG1_10LAA10CL101-SEL,#1 机除氧器液位三选,-,0.263466477394104,25.59349482855092,15.799582481384276,-3.674599885940552,,1797.94287109375,2375.15283203125,8905
DEA,GRU,20260802,val,SYG1_10CBA00CBK00R107,#1汽机除氧器出口O2（汽水取样画面的除氧器出口溶解氧）,μg/L,-1.1419637203216553,0.9816304653748594,0.823594868183136,0.5580719113349915,1.0,0.0630000829696655,100.58699798583984,8905
DEA,GRU,20260802,test,SYG1_10LAA10CP101,#1 机除氧器压力 1,MPa,0.9725608825683594,0.0247166396764928,0.0189864188432693,-0.005421039648354,0.997961877851634,0.2540000081062317,1.0740000009536743,43177
DEA,GRU,20260802,test,SYG1_10LAA10CP102,#1 机除氧器压力 2,MPa,0.9682583808898926,0.0262592510490035,0.0174429398030042,-0.0098209306597709,0.9891840563262848,0.2520000040531158,1.065000057220459,43177
DEA,GRU,20260802,test,SYG1_10LAA10CT101,#1 机除氧器温度 1,℃,0.9527637958526612,1.9033838832019367,1.523720622062683,-0.7281342148780823,0.3632026310304097,140.25601196289062,186.7330017089844,43177
DEA,GRU,20260802,test,SYG1_10LAA10CT102,#1 机除氧器温度 2,℃,0.9450229406356812,2.047578064824165,1.7149137258529663,-1.2914748191833496,0.3271649257706649,140.12599182128906,186.6000061035156,43177
DEA,GRU,20260802,test,SYG1_10LAA10CL101,#1 机除氧器液位 1,mm,-0.3171628713607788,27.17630426809125,18.350709915161133,6.352034091949463,0.4338884128123769,1799.865966796875,2373.44384765625,43177
DEA,GRU,20260802,test,SYG1_10LAA10CL102,#1 机除氧器液位 2,mm,-0.1610150337219238,24.999335928680186,16.594987869262695,3.0906424522399902,0.4556129420756421,1745.8189697265625,2377.288818359375,43177
DEA,GRU,20260802,test,SYG1_10LAA10CL103,#1 机除氧器液位 3,mm,-0.2453608512878418,23.52040545263304,15.634932518005373,-0.2863130867481231,0.4828033443731616,1803.925048828125,2460.60205078125,43177
DEA,GRU,20260802,test,SYG1_10LAA10CL101-SEL,#1 机除氧器液位三选,-,-0.2205712795257568,22.882267032163792,14.613421440124512,1.717553973197937,,1797.94287109375,2375.15283203125,43177
DEA,GRU,20260802,test,SYG1_10CBA00CBK00R107,#1汽机除氧器出口O2（汽水取样画面的除氧器出口溶解氧）,μg/L,-1.0729305744171145,0.8470581687107781,0.6753736138343811,0.1006869673728942,0.999930518563124,0.0630000829696655,100.58699798583984,43177
DEA,GRU,20260803,train,SYG1_10LAA10CP101,#1 机除氧器压力 1,MPa,0.992790699005127,0.0205436029509943,0.0141462162137031,-0.000454164983239,0.9960211829975624,0.2540000081062317,1.0740000009536743,35689
DEA,GRU,20260803,train,SYG1_10LAA10CP102,#1 机除氧器压力 2,MPa,0.9926881790161132,0.0205924043550411,0.0138597395271062,-0.0006108446395955,0.9954047465605648,0.2520000040531158,1.065000057220459,35689
DEA,GRU,20260803,train,SYG1_10LAA10CT101,#1 机除氧器温度 1,℃,0.98886638879776,1.470147624485637,1.031399488449097,-0.0683595612645149,0.6094594973241054,140.25601196289062,186.7330017089844,35689
DEA,GRU,20260803,train,SYG1_10LAA10CT102,#1 机除氧器温度 2,℃,0.987662136554718,1.5437130448709648,1.1565301418304443,0.1152709349989891,0.5294908795427162,140.12599182128906,186.6000061035156,35689
DEA,GRU,20260803,train,SYG1_10LAA10CL101,#1 机除氧器液位 1,mm,0.544167160987854,20.2197544608975,12.731049537658691,-0.8478617072105408,0.5812995600885427,1799.865966796875,2373.44384765625,35689
DEA,GRU,20260803,train,SYG1_10LAA10CL102,#1 机除氧器液位 2,mm,0.5805010795593262,20.97889084494184,12.864092826843262,-1.0074774026870728,0.5856426349855698,1745.8189697265625,2377.288818359375,35689
DEA,GRU,20260803,train,SYG1_10LAA10CL103,#1 机除氧器液位 3,mm,0.5603780150413513,19.83006879508916,12.281455993652344,-0.8635184168815613,0.6013617641290033,1803.925048828125,2460.60205078125,35689
DEA,GRU,20260803,train,SYG1_10LAA10CL101-SEL,#1 机除氧器液位三选,-,0.5592252612113953,19.640974601602164,12.050275802612305,-0.6074643135070801,,1797.94287109375,2375.15283203125,35689
DEA,GRU,20260803,train,SYG1_10CBA00CBK00R107,#1汽机除氧器出口O2（汽水取样画面的除氧器出口溶解氧）,μg/L,0.0342475175857543,3.864886098074098,0.9167843461036682,-0.0395918190479278,0.9981787105270532,0.0630000829696655,100.58699798583984,35689
DEA,GRU,20260803,val,SYG1_10LAA10CP101,#1 机除氧器压力 1,MPa,0.9029763340950012,0.059229711518947,0.0287540704011917,0.0037322286516427,0.9690061763054464,0.2540000081062317,1.0740000009536743,8905
DEA,GRU,20260803,val,SYG1_10LAA10CP102,#1 机除氧器压力 2,MPa,0.8574708104133606,0.0715349021423422,0.0294269435107707,0.0018336557550355,0.9695676586187536,0.2520000040531158,1.065000057220459,8905
DEA,GRU,20260803,val,SYG1_10LAA10CT101,#1 机除氧器温度 1,℃,0.8871376514434814,3.235192237106654,1.668365478515625,0.3056764602661133,0.4382930937675463,140.25601196289062,186.7330017089844,8905
DEA,GRU,20260803,val,SYG1_10LAA10CT102,#1 机除氧器温度 2,℃,0.7908524870872498,4.382038014026358,2.3844544887542725,0.7762643098831177,0.2608646827624929,140.12599182128906,186.6000061035156,8905
DEA,GRU,20260803,val,SYG1_10LAA10CL101,#1 机除氧器液位 1,mm,0.2500723600387573,26.398384322231134,16.715679168701172,-2.9123129844665527,0.4826501965188096,1799.865966796875,2373.44384765625,8905
DEA,GRU,20260803,val,SYG1_10LAA10CL102,#1 机除氧器液位 2,mm,0.2795323133468628,26.980942393500754,16.229631423950195,-4.78748083114624,0.5202695115103875,1745.8189697265625,2377.288818359375,8905
DEA,GRU,20260803,val,SYG1_10LAA10CL103,#1 机除氧器液位 3,mm,0.2646676301956177,25.596789206378624,15.764284133911133,-6.697223663330078,0.5115103874227962,1803.925048828125,2460.60205078125,8905
DEA,GRU,20260803,val,SYG1_10LAA10CL101-SEL,#1 机除氧器液位三选,-,0.265001118183136,25.566816567085542,15.552488327026367,-3.459343194961548,,1797.94287109375,2375.15283203125,8905
DEA,GRU,20260803,val,SYG1_10CBA00CBK00R107,#1汽机除氧器出口O2（汽水取样画面的除氧器出口溶解氧）,μg/L,-0.7634371519088745,0.890680579074211,0.7440842986106873,0.4169068932533264,1.0,0.0630000829696655,100.58699798583984,8905
DEA,GRU,20260803,test,SYG1_10LAA10CP101,#1 机除氧器压力 1,MPa,0.969334840774536,0.0261292327704909,0.0195081438869237,0.0004818027082365,0.9965259281561942,0.2540000081062317,1.0740000009536743,43177
DEA,GRU,20260803,test,SYG1_10LAA10CP102,#1 机除氧器压力 2,MPa,0.9752151370048524,0.0232038925747153,0.0160204153507947,0.0041063046082854,0.9968964958195335,0.2520000040531158,1.065000057220459,43177
DEA,GRU,20260803,test,SYG1_10LAA10CT101,#1 机除氧器温度 1,℃,0.9565147161483764,1.8262487058745909,1.3378756046295166,0.3817673921585083,0.4773374713389073,140.25601196289062,186.7330017089844,43177
DEA,GRU,20260803,test,SYG1_10LAA10CT102,#1 机除氧器温度 2,℃,0.9393023252487184,2.1514722440872056,1.596601963043213,1.1312984228134155,0.4425272714639738,140.12599182128906,186.6000061035156,43177
DEA,GRU,20260803,test,SYG1_10LAA10CL101,#1 机除氧器液位 1,mm,-0.1311827898025512,25.184715552511957,16.380611419677734,0.9622677564620972,0.4872269958542742,1799.865966796875,2373.44384765625,43177
DEA,GRU,20260803,test,SYG1_10LAA10CL102,#1 机除氧器液位 2,mm,-0.1387826204299926,24.758820782560885,16.7679386138916,-7.181223392486572,0.4189035829260949,1745.8189697265625,2377.288818359375,43177
DEA,GRU,20260803,test,SYG1_10LAA10CL103,#1 机除氧器液位 3,mm,-0.4136483669281006,25.05924011491008,18.6159782409668,-11.744333267211914,0.3065289390184589,1803.925048828125,2460.60205078125,43177
DEA,GRU,20260803,test,SYG1_10LAA10CL101-SEL,#1 机除氧器液位三选,-,-0.1873738765716552,22.56894344562796,14.817931175231934,-6.478501319885254,,1797.94287109375,2375.15283203125,43177
DEA,GRU,20260803,test,SYG1_10CBA00CBK00R107,#1汽机除氧器出口O2（汽水取样画面的除氧器出口溶解氧）,μg/L,-0.892596960067749,0.8093752194555273,0.6503527760505676,0.0411430411040782,1.0,0.0630000829696655,100.58699798583984,43177
DEA,iTransformer-small,20260801,train,SYG1_10LAA10CP101,#1 机除氧器压力 1,MPa,0.9620347023010254,0.0471436802305805,0.0376052483916282,-0.009529735893011,0.9701868923197624,0.2540000081062317,1.0740000009536743,35689
DEA,iTransformer-small,20260801,train,SYG1_10LAA10CP102,#1 机除氧器压力 2,MPa,0.9587673544883728,0.0489007576510702,0.0396992601454257,-0.0109196184203028,0.9688699599316316,0.2520000040531158,1.065000057220459,35689
DEA,iTransformer-small,20260801,train,SYG1_10LAA10CT101,#1 机除氧器温度 1,℃,0.9459296464920044,3.2398300976416143,2.460991144180298,-0.0973170325160026,0.2898932444170473,140.25601196289062,186.7330017089844,35689
DEA,iTransformer-small,20260801,train,SYG1_10LAA10CT102,#1 机除氧器温度 2,℃,0.9578243494033812,2.854151389273713,2.1515138149261475,-0.1431768089532852,0.3240774468323573,140.12599182128906,186.6000061035156,35689
DEA,iTransformer-small,20260801,train,SYG1_10LAA10CL101,#1 机除氧器液位 1,mm,0.0522735118865966,29.155102804333414,17.633010864257812,0.5632235407829285,0.4410042309955448,1799.865966796875,2373.44384765625,35689
DEA,iTransformer-small,20260801,train,SYG1_10LAA10CL102,#1 机除氧器液位 2,mm,0.1130553483963012,30.504601303468856,17.952423095703125,-1.497122049331665,0.4480372103449242,1745.8189697265625,2377.288818359375,35689
DEA,iTransformer-small,20260801,train,SYG1_10LAA10CL103,#1 机除氧器液位 3,mm,0.0969532132148742,28.42101921986778,17.07755470275879,-1.3203554153442385,0.4620191095295469,1803.925048828125,2460.60205078125,35689
DEA,iTransformer-small,20260801,train,SYG1_10LAA10CL101-SEL,#1 机除氧器液位三选,-,0.0786897540092468,28.39603024528968,16.86652183532715,-0.6057448983192444,,1797.94287109375,2375.15283203125,35689
DEA,iTransformer-small,20260801,train,SYG1_10CBA00CBK00R107,#1汽机除氧器出口O2（汽水取样画面的除氧器出口溶解氧）,μg/L,-0.0019525289535522,3.9366549841577982,0.8835412263870239,0.0256731864064931,0.9981226708509624,0.0630000829696655,100.58699798583984,35689
DEA,iTransformer-small,20260801,val,SYG1_10LAA10CP101,#1 机除氧器压力 1,MPa,-44.01275634765625,1.2757587923781917,0.2564119398593902,-0.178155243396759,0.9413812464907356,0.2540000081062317,1.0740000009536743,8905
DEA,iTransformer-small,20260801,val,SYG1_10LAA10CP102,#1 机除氧器压力 2,MPa,-19.522846221923828,0.8583904522035081,0.1931292861700058,-0.1041292920708656,0.8954519932622123,0.2520000040531158,1.065000057220459,8905
DEA,iTransformer-small,20260801,val,SYG1_10LAA10CT101,#1 机除氧器温度 1,℃,-6.226481914520264,25.88743285239964,6.991684436798096,-1.780221462249756,0.1654126895002807,140.25601196289062,186.7330017089844,8905
DEA,iTransformer-small,20260801,val,SYG1_10LAA10CT102,#1 机除氧器温度 2,℃,-69.32198333740234,80.35175050111697,15.520155906677246,-11.241847038269045,0.2012352610892757,140.12599182128906,186.6000061035156,8905
DEA,iTransformer-small,20260801,val,SYG1_10LAA10CL101,#1 机除氧器液位 1,mm,-0.0485352277755737,31.214700766550887,19.47343063354492,-1.0546679496765137,0.4298708590679393,1799.865966796875,2373.44384765625,8905
DEA,iTransformer-small,20260801,val,SYG1_10LAA10CL102,#1 机除氧器液位 2,mm,-3.6173653602600098,68.30413303632328,28.273347854614254,8.504974365234375,0.4207748455923638,1745.8189697265625,2377.288818359375,8905
DEA,iTransformer-small,20260801,val,SYG1_10LAA10CL103,#1 机除氧器液位 3,mm,-3.194284439086914,61.13256040283484,26.158370971679688,-13.218225479125977,0.457720381807973,1803.925048828125,2460.60205078125,8905
DEA,iTransformer-small,20260801,val,SYG1_10LAA10CL101-SEL,#1 机除氧器液位三选,-,-0.5173845291137695,36.73509277265576,19.639163970947266,-2.2674875259399414,,1797.94287109375,2375.15283203125,8905
DEA,iTransformer-small,20260801,val,SYG1_10CBA00CBK00R107,#1汽机除氧器出口O2（汽水取样画面的除氧器出口溶解氧）,μg/L,-13.910113334655762,2.5898967754752675,1.0625168085098269,0.7312429547309875,0.9750701852891632,0.0630000829696655,100.58699798583984,8905
DEA,iTransformer-small,20260801,test,SYG1_10LAA10CP101,#1 机除氧器压力 1,MPa,-42.11412048339844,0.9797471571285102,0.0785800665616989,-0.0400382466614246,0.9747782384139704,0.2540000081062317,1.0740000009536743,43177
DEA,iTransformer-small,20260801,test,SYG1_10LAA10CP102,#1 机除氧器压力 2,MPa,-18.998836517333984,0.6591286420484594,0.0656357780098915,-0.0197956021875143,0.9713968084859996,0.2520000040531158,1.065000057220459,43177
DEA,iTransformer-small,20260801,test,SYG1_10LAA10CT101,#1 机除氧器温度 1,℃,-4.37715482711792,20.30790287522208,4.150851249694824,1.7814229726791382,0.2036500914838918,140.25601196289062,186.7330017089844,43177
DEA,iTransformer-small,20260801,test,SYG1_10LAA10CT102,#1 机除氧器温度 2,℃,-48.87959289550781,61.675273452727794,5.81541919708252,-0.3081411123275757,0.2149987261736572,140.12599182128906,186.6000061035156,43177
DEA,iTransformer-small,20260801,test,SYG1_10LAA10CL101,#1 机除氧器液位 1,mm,-0.1685054302215576,25.59682139690395,14.968938827514648,-0.4007501900196075,0.529703314264539,1799.865966796875,2373.44384765625,43177
DEA,iTransformer-small,20260801,test,SYG1_10LAA10CL102,#1 机除氧器液位 2,mm,-4.168374061584473,52.74563537186039,15.746891021728516,0.5807220339775085,0.5416541214072307,1745.8189697265625,2377.288818359375,43177
DEA,iTransformer-small,20260801,test,SYG1_10LAA10CL103,#1 机除氧器液位 3,mm,-4.214368343353272,48.128025980353954,17.10249900817871,-9.847454071044922,0.4230493086597031,1803.925048828125,2460.60205078125,43177
DEA,iTransformer-small,20260801,test,SYG1_10LAA10CL101-SEL,#1 机除氧器液位三选,-,-2.3707704544067383,38.02612530951171,13.408785820007324,-4.140259742736816,,1797.94287109375,2375.15283203125,43177
DEA,iTransformer-small,20260801,test,SYG1_10CBA00CBK00R107,#1汽机除氧器出口O2（汽水取样画面的除氧器出口溶解氧）,μg/L,-37.95404052734375,3.6719527865347783,0.7015070915222168,-0.1698472201824188,0.9956921509136808,0.0630000829696655,100.58699798583984,43177
DEA,iTransformer-small,20260802,train,SYG1_10LAA10CP101,#1 机除氧器压力 1,MPa,0.9469330310821532,0.0557368267204253,0.0452076345682144,0.016741044819355,0.9412984392950208,0.2540000081062317,1.0740000009536743,35689
DEA,iTransformer-small,20260802,train,SYG1_10LAA10CP102,#1 机除氧器压力 2,MPa,0.94797545671463,0.0549286820356688,0.0449082553386688,0.0098213469609618,0.9477710218834936,0.2520000040531158,1.065000057220459,35689
DEA,iTransformer-small,20260802,train,SYG1_10LAA10CT101,#1 机除氧器温度 1,℃,0.939401626586914,3.429833341725828,2.696927785873413,1.1649668216705322,0.2588472638628148,140.25601196289062,186.7330017089844,35689
DEA,iTransformer-small,20260802,train,SYG1_10LAA10CT102,#1 机除氧器温度 2,℃,0.9581443071365356,2.8433059513373085,2.1292073726654053,0.0305615849792957,0.3390680601866121,140.12599182128906,186.6000061035156,35689
DEA,iTransformer-small,20260802,train,SYG1_10LAA10CL101,#1 机除氧器液位 1,mm,0.0521219372749328,29.15743378324332,17.505985260009766,1.479957103729248,0.4622432682339096,1799.865966796875,2373.44384765625,35689
DEA,iTransformer-small,20260802,train,SYG1_10LAA10CL102,#1 机除氧器液位 2,mm,0.1370958685874939,30.088349520295537,18.26032447814941,1.4537551403045654,0.4244725265487965,1745.8189697265625,2377.288818359375,35689
DEA,iTransformer-small,20260802,train,SYG1_10LAA10CL103,#1 机除氧器液位 3,mm,0.0913019776344299,28.50980891029546,16.7222957611084,-0.9574881196022034,0.4851915155930398,1803.925048828125,2460.60205078125,35689
DEA,iTransformer-small,20260802,train,SYG1_10LAA10CL101-SEL,#1 机除氧器液位三选,-,0.0770976543426513,28.420555348349435,16.781755447387695,0.3543430268764496,,1797.94287109375,2375.15283203125,35689
DEA,iTransformer-small,20260802,train,SYG1_10CBA00CBK00R107,#1汽机除氧器出口O2（汽水取样画面的除氧器出口溶解氧）,μg/L,-0.0020180940628051,3.93678374057971,0.8363771438598633,-0.0615587905049324,0.9981226708509624,0.0630000829696655,100.58699798583984,35689
DEA,iTransformer-small,20260802,val,SYG1_10LAA10CP101,#1 机除氧器压力 1,MPa,-23.319971084594727,0.9377396912929788,0.2321600168943405,-0.0819692984223365,0.5591240875912409,0.2540000081062317,1.0740000009536743,8905
DEA,iTransformer-small,20260802,val,SYG1_10LAA10CP102,#1 机除氧器压力 2,MPa,-21.935890197753903,0.9074524432980976,0.2219254374504089,-0.083781860768795,0.6774845592363841,0.2520000040531158,1.065000057220459,8905
DEA,iTransformer-small,20260802,val,SYG1_10LAA10CT101,#1 机除氧器温度 1,℃,-30.216257095336918,53.804169651384825,12.79783821105957,-4.941708564758301,0.0777091521617069,140.25601196289062,186.7330017089844,8905
DEA,iTransformer-small,20260802,val,SYG1_10LAA10CT102,#1 机除氧器温度 2,℃,-69.17475891113281,80.26759444975288,15.930944442749023,-10.601574897766112,0.1153284671532846,140.12599182128906,186.6000061035156,8905
DEA,iTransformer-small,20260802,val,SYG1_10LAA10CL101,#1 机除氧器液位 1,mm,-0.4148913621902466,36.26011779597696,21.39190673828125,3.576967477798462,0.426614261650758,1799.865966796875,2373.44384765625,8905
DEA,iTransformer-small,20260802,val,SYG1_10LAA10CL102,#1 机除氧器液位 2,mm,-2.5813803672790527,60.15546468643248,27.06199836730957,9.800307273864746,0.3815833801235261,1745.8189697265625,2377.288818359375,8905
DEA,iTransformer-small,20260802,val,SYG1_10LAA10CL103,#1 机除氧器液位 3,mm,-0.2385684251785278,33.220308053771866,19.58245277404785,-1.3681867122650146,0.4728804042672656,1803.925048828125,2460.60205078125,8905
DEA,iTransformer-small,20260802,val,SYG1_10LAA10CL101-SEL,#1 机除氧器液位三选,-,-0.0611020326614379,30.71934109775906,18.58255195617676,-3.0294859409332275,,1797.94287109375,2375.15283203125,8905
DEA,iTransformer-small,20260802,val,SYG1_10CBA00CBK00R107,#1汽机除氧器出口O2（汽水取样画面的除氧器出口溶解氧）,μg/L,-22.6237735748291,3.2599926430086774,1.2280795574188232,1.00887930393219,0.971813587871982,0.0630000829696655,100.58699798583984,8905
DEA,iTransformer-small,20260802,test,SYG1_10LAA10CP101,#1 机除氧器压力 1,MPa,-22.87432289123535,0.7290709069360439,0.0859939157962799,0.0130766155198216,0.8740764759015216,0.2540000081062317,1.0740000009536743,43177
DEA,iTransformer-small,20260802,test,SYG1_10LAA10CP102,#1 机除氧器压力 2,MPa,-20.49807548522949,0.6833884012510695,0.0786972045898437,0.0032993787899613,0.915626375153438,0.2520000040531158,1.065000057220459,43177
DEA,iTransformer-small,20260802,test,SYG1_10LAA10CT101,#1 机除氧器温度 1,℃,-21.46700668334961,41.51082901823632,6.290772438049316,2.2131054401397705,0.0735576811728466,140.25601196289062,186.7330017089844,43177
DEA,iTransformer-small,20260802,test,SYG1_10LAA10CT102,#1 机除氧器温度 2,℃,-49.99404144287109,62.36046729186188,5.569540500640869,-0.5981928110122681,0.2303541237232786,140.12599182128906,186.6000061035156,43177
DEA,iTransformer-small,20260802,test,SYG1_10LAA10CL101,#1 机除氧器液位 1,mm,-0.7842767238616943,31.630187321607817,15.495318412780762,2.617152452468872,0.5467262662991871,1799.865966796875,2373.44384765625,43177
DEA,iTransformer-small,20260802,test,SYG1_10LAA10CL102,#1 机除氧器液位 2,mm,-5.460771560668945,58.97279687690228,16.3594970703125,2.652207851409912,0.5158533478472335,1745.8189697265625,2377.288818359375,43177
DEA,iTransformer-small,20260802,test,SYG1_10LAA10CL103,#1 机除氧器液位 3,mm,-0.7903786897659302,28.201335209829825,14.869717597961426,-5.941930770874023,0.4812979132408458,1803.925048828125,2460.60205078125,43177
DEA,iTransformer-small,20260802,test,SYG1_10LAA10CL101-SEL,#1 机除氧器液位三选,-,-0.5864642858505249,26.08750977966096,12.186237335205078,-1.4684462547302246,,1797.94287109375,2375.15283203125,43177
DEA,iTransformer-small,20260802,test,SYG1_10CBA00CBK00R107,#1汽机除氧器出口O2（汽水取样画面的除氧器出口溶解氧）,μg/L,-29.364137649536133,3.2419127566196475,0.6404302716255188,-0.0628459379076957,0.9962016814507724,0.0630000829696655,100.58699798583984,43177
DEA,iTransformer-small,20260803,train,SYG1_10LAA10CP101,#1 机除氧器压力 1,MPa,0.9512466192245485,0.0534235352504764,0.0432408899068832,0.001124232308939,0.948891815405307,0.2540000081062317,1.0740000009536743,35689
DEA,iTransformer-small,20260803,train,SYG1_10LAA10CP102,#1 机除氧器压力 2,MPa,0.9584835767745972,0.0490687473421323,0.0398530475795269,0.0035700956359505,0.966404214183642,0.2520000040531158,1.065000057220459,35689
DEA,iTransformer-small,20260803,train,SYG1_10LAA10CT101,#1 机除氧器温度 1,℃,0.961244821548462,2.742883664525191,2.0384271144866943,0.27913698554039,0.3520692650396481,140.25601196289062,186.7330017089844,35689
DEA,iTransformer-small,20260803,train,SYG1_10LAA10CT102,#1 机除氧器温度 2,℃,0.960992991924286,2.7448427218491025,1.9933449029922483,-0.2859483063220978,0.388747233040993,140.12599182128906,186.6000061035156,35689
DEA,iTransformer-small,20260803,train,SYG1_10LAA10CL101,#1 机除氧器液位 1,mm,0.0473703742027282,29.23042359553174,17.514759063720703,0.8917757272720337,0.4502787973885511,1799.865966796875,2373.44384765625,35689
DEA,iTransformer-small,20260803,train,SYG1_10LAA10CL102,#1 机除氧器液位 2,mm,0.1133279204368591,30.499913950314063,18.672367095947266,0.7834776043891907,0.4097901314130404,1745.8189697265625,2377.288818359375,35689
DEA,iTransformer-small,20260803,train,SYG1_10LAA10CL103,#1 机除氧器液位 3,mm,0.0927736759185791,28.486713725642677,16.727598190307617,0.4497602581977844,0.4870688447420774,1803.925048828125,2460.60205078125,35689
DEA,iTransformer-small,20260803,train,SYG1_10LAA10CL101-SEL,#1 机除氧器液位三选,-,0.0663132667541503,28.586124324683297,17.088043212890625,0.0606458745896816,,1797.94287109375,2375.15283203125,35689
DEA,iTransformer-small,20260803,train,SYG1_10CBA00CBK00R107,#1汽机除氧器出口O2（汽水取样画面的除氧器出口溶解氧）,μg/L,0.0040521621704101,3.9248410138045817,0.8455559611320496,0.0125498231500387,0.9981226708509624,0.0630000829696655,100.58699798583984,35689
DEA,iTransformer-small,20260803,val,SYG1_10LAA10CP101,#1 机除氧器压力 1,MPa,-8.032159805297852,0.5714741203342387,0.1572996228933334,-0.0403063558042049,0.7864121280179674,0.2540000081062317,1.0740000009536743,8905
DEA,iTransformer-small,20260803,val,SYG1_10LAA10CP102,#1 机除氧器压力 2,MPa,-27.29216194152832,1.0078575065085331,0.2261934429407119,-0.1125915870070457,0.8469399213924761,0.2520000040531158,1.065000057220459,8905
DEA,iTransformer-small,20260803,val,SYG1_10LAA10CT101,#1 机除氧器温度 1,℃,-52.72392654418945,70.58450858058374,14.373612403869627,-9.11910629272461,0.1257720381807973,140.25601196289062,186.7330017089844,8905
DEA,iTransformer-small,20260803,val,SYG1_10LAA10CT102,#1 机除氧器温度 2,℃,-56.74677276611328,72.81379424815397,14.384894371032717,-9.779167175292969,0.1590117911285794,140.12599182128906,186.6000061035156,8905
DEA,iTransformer-small,20260803,val,SYG1_10LAA10CL101,#1 机除氧器液位 1,mm,-8.232712745666504,92.6258750802118,32.43940734863281,14.49240493774414,0.4282987085906793,1799.865966796875,2373.44384765625,8905
DEA,iTransformer-small,20260803,val,SYG1_10LAA10CL102,#1 机除氧器液位 2,mm,-2.6785035133361816,60.96568258557432,28.06775665283203,10.859331130981444,0.3610331274564851,1745.8189697265625,2377.288818359375,8905
DEA,iTransformer-small,20260803,val,SYG1_10LAA10CL103,#1 机除氧器液位 3,mm,-1.8750228881835935,50.61325818693038,23.978857040405277,-9.655192375183104,0.4605277933745087,1803.925048828125,2460.60205078125,8905
DEA,iTransformer-small,20260803,val,SYG1_10LAA10CL101-SEL,#1 机除氧器液位三选,-,-0.1084151268005371,31.39673849284797,18.76460647583008,-0.4696070849895477,,1797.94287109375,2375.15283203125,8905
DEA,iTransformer-small,20260803,val,SYG1_10CBA00CBK00R107,#1汽机除氧器出口O2（汽水取样画面的除氧器出口溶解氧）,μg/L,-22.20800018310547,3.2311777722902493,1.2808966636657717,0.1791348457336425,0.9711398090960136,0.0630000829696655,100.58699798583984,8905
DEA,iTransformer-small,20260803,test,SYG1_10LAA10CP101,#1 机除氧器压力 1,MPa,-7.601637840270996,0.437617643751584,0.0668456330895423,0.0115874102339148,0.9026565069365634,0.2540000081062317,1.0740000009536743,43177
DEA,iTransformer-small,20260803,test,SYG1_10LAA10CP102,#1 机除氧器压力 2,MPa,-25.622573852539062,0.760488837662439,0.0774764418601989,-0.0103568052873015,0.9391342612965236,0.2520000040531158,1.065000057220459,43177
DEA,iTransformer-small,20260803,test,SYG1_10LAA10CT101,#1 机除氧器温度 1,℃,-37.038272857666016,54.0131119244728,5.247975826263428,-0.1382465213537216,0.2183338351437107,140.25601196289062,186.7330017089844,43177
DEA,iTransformer-small,20260803,test,SYG1_10LAA10CT102,#1 机除氧器温度 2,℃,-41.2453727722168,56.75958413012731,4.95726203918457,-0.8517327904701233,0.2597216110429163,140.12599182128906,186.6000061035156,43177
DEA,iTransformer-small,20260803,test,SYG1_10LAA10CL101,#1 机除氧器液位 1,mm,-8.674461364746094,73.65191769715673,17.547250747680664,4.740901470184326,0.5417467633230655,1799.865966796875,2373.44384765625,43177
DEA,iTransformer-small,20260803,test,SYG1_10LAA10CL102,#1 机除氧器液位 2,mm,-3.414370536804199,48.74655686959465,15.967769622802734,1.6815005540847778,0.5142552747990828,1745.8189697265625,2377.288818359375,43177
DEA,iTransformer-small,20260803,test,SYG1_10LAA10CL103,#1 机除氧器液位 3,mm,-3.261782646179199,43.51037754492096,15.140039443969728,-6.154080867767334,0.5111517706186164,1803.925048828125,2460.60205078125,43177
DEA,iTransformer-small,20260803,test,SYG1_10LAA10CL101-SEL,#1 机除氧器液位三选,-,-0.507304310798645,25.42833617761333,12.569449424743652,-2.824116468429565,,1797.94287109375,2375.15283203125,43177
DEA,iTransformer-small,20260803,test,SYG1_10CBA00CBK00R107,#1汽机除氧器出口O2（汽水取样画面的除氧器出口溶解氧）,μg/L,-27.09450340270996,3.118397872096549,0.6928432583808899,-0.344923585653305,0.9960858790559788,0.0630000829696655,100.58699798583984,43177
DEA,TCN,20260801,train,SYG1_10LAA10CP101,#1 机除氧器压力 1,MPa,0.989930272102356,0.0242794665914573,0.01693263836205,-0.0024950494989752,0.9958530639692904,0.2540000081062317,1.0740000009536743,35689
DEA,TCN,20260801,train,SYG1_10LAA10CP102,#1 机除氧器压力 2,MPa,0.991409957408905,0.0223199459364776,0.016790572553873,-0.0054074674844741,0.9976743534422372,0.2520000040531158,1.065000057220459,35689
DEA,TCN,20260801,train,SYG1_10LAA10CT101,#1 机除氧器温度 1,℃,0.9894971251487732,1.4278963469384245,1.03641676902771,-0.2586889564990997,0.5881924402476953,140.25601196289062,186.7330017089844,35689
DEA,TCN,20260801,train,SYG1_10LAA10CT102,#1 机除氧器温度 2,℃,0.984889030456543,1.7084111064172065,1.289262771606445,-0.4713101983070373,0.4659138670178486,140.12599182128906,186.6000061035156,35689
DEA,TCN,20260801,train,SYG1_10LAA10CL101,#1 机除氧器液位 1,mm,0.4585462808609009,22.037064281533453,14.47316551208496,3.697540760040283,0.4985289585026198,1799.865966796875,2373.44384765625,35689
DEA,TCN,20260801,train,SYG1_10LAA10CL102,#1 机除氧器液位 2,mm,0.4969315528869629,22.973684100135365,15.01111888885498,4.081203937530518,0.4819131945417355,1745.8189697265625,2377.288818359375,35689
DEA,TCN,20260801,train,SYG1_10LAA10CL103,#1 机除氧器液位 3,mm,0.4774780869483948,21.619057958019063,14.354913711547852,4.338329315185547,0.4890302334052509,1803.925048828125,2460.60205078125,35689
DEA,TCN,20260801,train,SYG1_10LAA10CL101-SEL,#1 机除氧器液位三选,-,0.4755125641822815,21.425069424707026,13.796780586242676,3.382919311523437,,1797.94287109375,2375.15283203125,35689
DEA,TCN,20260801,train,SYG1_10CBA00CBK00R107,#1汽机除氧器出口O2（汽水取样画面的除氧器出口溶解氧）,μg/L,0.037628948688507,3.858113936138496,0.927307903766632,0.0814597606658935,0.9977864327944184,0.0630000829696655,100.58699798583984,35689
DEA,TCN,20260801,val,SYG1_10LAA10CP101,#1 机除氧器压力 1,MPa,-0.1947609186172485,0.2078458128307563,0.0502323545515537,-0.0251814723014831,0.9721504772599664,0.2540000081062317,1.0740000009536743,8905
DEA,TCN,20260801,val,SYG1_10LAA10CP102,#1 机除氧器压力 2,MPa,-31.038864135742188,1.0725181296178958,0.1956054419279098,-0.1866998374462127,0.9677709152161706,0.2520000040531158,1.065000057220459,8905
DEA,TCN,20260801,val,SYG1_10LAA10CT101,#1 机除氧器温度 1,℃,0.015659749507904,9.55428385096367,3.006030559539795,-0.7592946290969849,0.190791690061763,140.25601196289062,186.7330017089844,8905
DEA,TCN,20260801,val,SYG1_10LAA10CT102,#1 机除氧器温度 2,℃,-4.299224376678467,22.057483135114477,5.041660785675049,2.204627513885498,0.2689500280741156,140.12599182128906,186.6000061035156,8905
DEA,TCN,20260801,val,SYG1_10LAA10CL101,#1 机除氧器液位 1,mm,-6.74913215637207,84.85827741648866,29.5322322845459,-7.703214645385742,0.4097697922515441,1799.865966796875,2373.44384765625,8905
DEA,TCN,20260801,val,SYG1_10LAA10CL102,#1 机除氧器液位 2,mm,-12.433541297912598,116.50514674790122,34.56047058105469,20.64097213745117,0.3947220662549129,1745.8189697265625,2377.288818359375,8905
DEA,TCN,20260801,val,SYG1_10LAA10CL103,#1 机除氧器液位 3,mm,-3.787808418273926,65.3148661353696,22.75333023071289,5.93736457824707,0.46692869174621,1803.925048828125,2460.60205078125,8905
DEA,TCN,20260801,val,SYG1_10LAA10CL101-SEL,#1 机除氧器液位三选,-,-5.20949125289917,74.31240801087662,25.22628402709961,-4.352071285247803,,1797.94287109375,2375.15283203125,8905
DEA,TCN,20260801,val,SYG1_10CBA00CBK00R107,#1汽机除氧器出口O2（汽水取样画面的除氧器出口溶解氧）,μg/L,-661.6646728515625,17.26588747679447,3.8225347995758057,3.672252893447876,0.970241437394722,0.0630000829696655,100.58699798583984,8905
DEA,TCN,20260801,test,SYG1_10LAA10CP101,#1 机除氧器压力 1,MPa,-1.5706989765167236,0.2392378351084529,0.027977954596281,0.0051375259645283,0.9956226694768048,0.2540000081062317,1.0740000009536743,43177
DEA,TCN,20260801,test,SYG1_10LAA10CP102,#1 机除氧器压力 2,MPa,-33.01387023925781,0.8595988588938854,0.0583922155201435,-0.0486521013081073,0.9924033629015448,0.2520000040531158,1.065000057220459,43177
DEA,TCN,20260801,test,SYG1_10LAA10CT101,#1 机除氧器温度 1,℃,-0.7990518808364868,11.746558151985148,1.9947445392608645,-0.6881680488586426,0.3230423605160155,140.25601196289062,186.7330017089844,43177
DEA,TCN,20260801,test,SYG1_10LAA10CT102,#1 机除氧器温度 2,℃,-4.850159645080566,21.121924904466493,2.243312120437622,0.0583267025649547,0.4393079648887139,140.12599182128906,186.6000061035156,43177
DEA,TCN,20260801,test,SYG1_10LAA10CL101,#1 机除氧器液位 1,mm,-8.633864402770996,73.49722305553455,19.358585357666016,-1.901604533195496,0.4621673576209556,1799.865966796875,2373.44384765625,43177
DEA,TCN,20260801,test,SYG1_10LAA10CL102,#1 机除氧器液位 2,mm,-20.48398971557617,107.53925064685684,20.27691650390625,3.3520290851593018,0.4708293767515112,1745.8189697265625,2377.288818359375,43177
DEA,TCN,20260801,test,SYG1_10LAA10CL103,#1 机除氧器液位 3,mm,-8.98455810546875,66.59806854838209,18.89933204650879,-4.685316562652588,0.3931028093660977,1803.925048828125,2460.60205078125,43177
DEA,TCN,20260801,test,SYG1_10LAA10CL101-SEL,#1 机除氧器液位三选,-,-10.657787322998049,70.71727586289471,15.598981857299805,-3.54675817489624,,1797.94287109375,2375.15283203125,43177
DEA,TCN,20260801,test,SYG1_10CBA00CBK00R107,#1汽机除氧器出口O2（汽水取样画面的除氧器出口溶解氧）,μg/L,-602.0278930664062,14.447394873399483,1.3167680501937866,0.9120845198631288,0.9963406443245246,0.0630000829696655,100.58699798583984,43177
DEA,TCN,20260802,train,SYG1_10LAA10CP101,#1 机除氧器压力 1,MPa,0.991141438484192,0.0227725375318267,0.0168156754225492,-0.0057678031735122,0.9981787105270532,0.2540000081062317,1.0740000009536743,35689
DEA,TCN,20260802,train,SYG1_10LAA10CP102,#1 机除氧器压力 2,MPa,0.990073263645172,0.0239937580537707,0.0168524254113435,-0.0063926470465958,0.9964414805682424,0.2520000040531158,1.065000057220459,35689
DEA,TCN,20260802,train,SYG1_10LAA10CT101,#1 机除氧器温度 1,℃,0.9894077777862548,1.4339551755903728,1.051565647125244,-0.4167848825454712,0.5973269074504749,140.25601196289062,186.7330017089844,35689
DEA,TCN,20260802,train,SYG1_10LAA10CT102,#1 机除氧器温度 2,℃,0.9856738448143004,1.6634546163575226,1.212298035621643,-0.2510421574115753,0.5428563422903415,140.12599182128906,186.6000061035156,35689
DEA,TCN,20260802,train,SYG1_10LAA10CL101,#1 机除氧器液位 1,mm,0.4476064443588257,22.258575501356987,14.070684432983398,-0.1734309792518615,0.5269410742805907,1799.865966796875,2373.44384765625,35689
DEA,TCN,20260802,train,SYG1_10LAA10CL102,#1 机除氧器液位 2,mm,0.498466432094574,22.938608251922265,14.26716423034668,0.1676584035158157,0.530135335817759,1745.8189697265625,2377.288818359375,35689
DEA,TCN,20260802,train,SYG1_10LAA10CL103,#1 机除氧器液位 3,mm,0.4775457382202148,21.617658305995256,13.559233665466309,0.4886015653610229,0.5430244613186136,1803.925048828125,2460.60205078125,35689
DEA,TCN,20260802,train,SYG1_10LAA10CL101-SEL,#1 机除氧器液位三选,-,0.4702357053756714,21.53257802734977,13.259195327758787,-0.0223061982542276,,1797.94287109375,2375.15283203125,35689
DEA,TCN,20260802,train,SYG1_10CBA00CBK00R107,#1汽机除氧器出口O2（汽水取样画面的除氧器出口溶解氧）,μg/L,0.0788872838020324,3.7745064115885465,0.9639458060264589,-0.0487146638333797,0.9931071198408472,0.0630000829696655,100.58699798583984,35689
DEA,TCN,20260802,val,SYG1_10LAA10CP101,#1 机除氧器压力 1,MPa,-51.40794372558594,1.3765732261421684,0.2434093803167343,0.2136692702770233,0.968893879842785,0.2540000081062317,1.0740000009536743,8905
DEA,TCN,20260802,val,SYG1_10LAA10CP102,#1 机除氧器压力 2,MPa,-92.18982696533205,1.8291542872514703,0.3182004392147064,0.3008500039577484,0.9669848399775408,0.2520000040531158,1.065000057220459,8905
DEA,TCN,20260802,val,SYG1_10LAA10CT101,#1 机除氧器温度 1,℃,-175.65968322753906,127.9953688737409,21.86958122253418,20.82648086547852,0.6105558674901741,140.25601196289062,186.7330017089844,8905
DEA,TCN,20260802,val,SYG1_10LAA10CT102,#1 机除氧器温度 2,℃,-236.89349365234372,147.78864765265294,25.45772933959961,24.1823673248291,0.5199326221224031,140.12599182128906,186.6000061035156,8905
DEA,TCN,20260802,val,SYG1_10LAA10CL101,#1 机除氧器液位 1,mm,-26.966053009033203,161.20676503717206,42.75407028198242,-28.26087188720703,0.3949466591802358,1799.865966796875,2373.44384765625,8905
DEA,TCN,20260802,val,SYG1_10LAA10CL102,#1 机除氧器液位 2,mm,-46.75395965576172,219.6618050407262,54.80035781860352,-42.31527328491211,0.313307130825379,1745.8189697265625,2377.288818359375,8905
DEA,TCN,20260802,val,SYG1_10LAA10CL103,#1 机除氧器液位 3,mm,-51.91606140136719,217.13878950166875,54.70680236816406,-43.41186141967773,0.3014037057832678,1803.925048828125,2460.60205078125,8905
DEA,TCN,20260802,val,SYG1_10LAA10CL101-SEL,#1 机除氧器液位三选,-,-35.02360153198242,178.98922475424322,47.94566345214844,-37.13008117675781,,1797.94287109375,2375.15283203125,8905
DEA,TCN,20260802,val,SYG1_10CBA00CBK00R107,#1汽机除氧器出口O2（汽水取样画面的除氧器出口溶解氧）,μg/L,-2242.18212890625,31.766858528681272,5.942582607269287,-4.500107288360596,0.9691184727681078,0.0630000829696655,100.58699798583984,8905
DEA,TCN,20260802,test,SYG1_10LAA10CP101,#1 机除氧器压力 1,MPa,-49.68598937988281,1.062302514964914,0.0756583213806152,0.0252262763679027,0.99481205271325,0.2540000081062317,1.0740000009536743,43177
DEA,TCN,20260802,test,SYG1_10LAA10CP102,#1 机除氧器压力 2,MPa,-93.24153137207033,1.4308331178114382,0.0821839794516563,0.0620939843356609,0.9853394168191398,0.2520000040531158,1.065000057220459,43177
DEA,TCN,20260802,test,SYG1_10LAA10CT101,#1 机除氧器温度 1,℃,-145.86390686035156,106.1319978920707,6.632692813873291,3.633619785308838,0.334298353289946,140.25601196289062,186.7330017089844,43177
DEA,TCN,20260802,test,SYG1_10LAA10CT102,#1 机除氧器温度 2,℃,-189.50982666015625,120.53365226410838,6.981255054473877,4.476518630981445,0.3649165064733539,140.12599182128906,186.6000061035156,43177
DEA,TCN,20260802,test,SYG1_10LAA10CL101,#1 机除氧器液位 1,mm,-43.42512893676758,157.82834697662838,27.37462043762207,7.102987289428711,0.3447205688213632,1799.865966796875,2373.44384765625,43177
DEA,TCN,20260802,test,SYG1_10LAA10CL102,#1 机除氧器液位 2,mm,-73.7191390991211,200.55129097689695,27.027257919311523,1.3001127243041992,0.3716793663292957,1745.8189697265625,2377.288818359375,43177
DEA,TCN,20260802,test,SYG1_10LAA10CL103,#1 机除氧器液位 3,mm,-90.53321838378906,201.644585998484,24.14847946166992,-4.043937206268311,0.4849109479584038,1803.925048828125,2460.60205078125,43177
DEA,TCN,20260802,test,SYG1_10LAA10CL101-SEL,#1 机除氧器液位三选,-,-68.74968719482422,172.97709724664418,21.78892135620117,-1.9044934511184688,,1797.94287109375,2375.15283203125,43177
DEA,TCN,20260802,test,SYG1_10CBA00CBK00R107,#1汽机除氧器出口O2（汽水取样画面的除氧器出口溶解氧）,μg/L,-2172.280029296875,27.427023866682905,1.8078742027282717,-1.3863550424575806,0.994418324570952,0.0630000829696655,100.58699798583984,43177
DEA,TCN,20260803,train,SYG1_10LAA10CP101,#1 机除氧器压力 1,MPa,0.9894614815711976,0.0248382118881799,0.0178734846413135,-0.002365639898926,0.9981226708509624,0.2540000081062317,1.0740000009536743,35689
DEA,TCN,20260803,train,SYG1_10LAA10CP102,#1 机除氧器压力 2,MPa,0.990553379058838,0.0234063495316668,0.0166719947010278,3.62997998308856e-05,0.9970298971671944,0.2520000040531158,1.065000057220459,35689
DEA,TCN,20260803,train,SYG1_10LAA10CT101,#1 机除氧器温度 1,℃,0.9895578026771544,1.4237665861669095,1.0491657257080078,0.0685861408710479,0.5863711507747486,140.25601196289062,186.7330017089844,35689
DEA,TCN,20260803,train,SYG1_10LAA10CT102,#1 机除氧器温度 2,℃,0.9871311783790588,1.5765789503708083,1.139993667602539,0.1321303397417068,0.564907954832021,140.12599182128906,186.6000061035156,35689
DEA,TCN,20260803,train,SYG1_10LAA10CL101,#1 机除氧器液位 1,mm,0.395757257938385,23.279775278376697,14.47242546081543,0.5534974336624146,0.5267729552523186,1799.865966796875,2373.44384765625,35689
DEA,TCN,20260803,train,SYG1_10LAA10CL102,#1 机除氧器液位 2,mm,0.4348695278167724,24.34957859058473,14.693689346313477,0.2942152917385101,0.5309198912830284,1745.8189697265625,2377.288818359375,35689
DEA,TCN,20260803,train,SYG1_10LAA10CL103,#1 机除氧器液位 3,mm,0.4175386428833008,22.82538297400848,14.13340950012207,0.3418652415275574,0.5392137633444478,1803.925048828125,2460.60205078125,35689
DEA,TCN,20260803,train,SYG1_10LAA10CL101-SEL,#1 机除氧器液位三选,-,0.3963702321052551,22.984762700673027,14.135045051574709,0.612848699092865,,1797.94287109375,2375.15283203125,35689
DEA,TCN,20260803,train,SYG1_10CBA00CBK00R107,#1汽机除氧器出口O2（汽水取样画面的除氧器出口溶解氧）,μg/L,0.0214029550552368,3.890502805208029,0.8815584182739258,-0.0202995724976062,0.9981787105270532,0.0630000829696655,100.58699798583984,35689
DEA,TCN,20260803,val,SYG1_10LAA10CP101,#1 机除氧器压力 1,MPa,-1.9634194374084477,0.3273386843341727,0.0753924921154975,-0.0622100196778774,0.968332397529478,0.2540000081062317,1.0740000009536743,8905
DEA,TCN,20260803,val,SYG1_10LAA10CP102,#1 机除氧器压力 2,MPa,-4.972071647644043,0.4630507502064643,0.0930852368474006,-0.0800812095403671,0.968669286917462,0.2520000040531158,1.065000057220459,8905
DEA,TCN,20260803,val,SYG1_10LAA10CT101,#1 机除氧器温度 1,℃,0.0588549971580505,9.342299741130391,2.58304500579834,-1.4277087450027466,0.5353172375070185,140.25601196289062,186.7330017089844,8905
DEA,TCN,20260803,val,SYG1_10LAA10CT102,#1 机除氧器温度 2,℃,-2.1336817741394043,16.96200714182425,3.9220290184021,2.371117353439331,0.4450308815272319,140.12599182128906,186.6000061035156,8905
DEA,TCN,20260803,val,SYG1_10LAA10CL101,#1 机除氧器液位 1,mm,0.0169420838356018,30.22436748944002,17.248586654663086,1.3229583501815796,0.5067939359910163,1799.865966796875,2373.44384765625,8905
DEA,TCN,20260803,val,SYG1_10LAA10CL102,#1 机除氧器液位 2,mm,-0.1890761852264404,34.66208598855708,18.39657211303711,1.486403226852417,0.491184727681078,1745.8189697265625,2377.288818359375,8905
DEA,TCN,20260803,val,SYG1_10LAA10CL103,#1 机除氧器液位 3,mm,-0.267925500869751,33.61170486752439,19.500076293945312,-3.7649972438812256,0.4330151600224592,1803.925048828125,2460.60205078125,8905
DEA,TCN,20260803,val,SYG1_10LAA10CL101-SEL,#1 机除氧器液位三选,-,-3.3045220375061035,61.87223005163544,24.807205200195312,-9.974689483642578,,1797.94287109375,2375.15283203125,8905
DEA,TCN,20260803,val,SYG1_10CBA00CBK00R107,#1汽机除氧器出口O2（汽水取样画面的除氧器出口溶解氧）,μg/L,-47.370025634765625,4.664768900324282,1.465717077255249,1.2280850410461426,0.9701291409320606,0.0630000829696655,100.58699798583984,8905
DEA,TCN,20260803,test,SYG1_10LAA10CP101,#1 机除氧器压力 1,MPa,-1.999743223190308,0.2584319908172987,0.0365122184157371,-0.021739587187767,0.9946962503184564,0.2540000081062317,1.0740000009536743,43177
DEA,TCN,20260803,test,SYG1_10LAA10CP102,#1 机除氧器压力 2,MPa,-4.316572189331055,0.3398471810178647,0.0321661867201328,-0.0166222043335437,0.99159274613799,0.2520000040531158,1.065000057220459,43177
DEA,TCN,20260803,test,SYG1_10LAA10CT101,#1 机除氧器温度 1,℃,0.318377673625946,7.230373256223803,1.4356073141098022,-0.0773218125104904,0.548857030363388,140.25601196289062,186.7330017089844,43177
DEA,TCN,20260803,test,SYG1_10LAA10CT102,#1 机除氧器温度 2,℃,-2.873558759689331,17.187183058157302,2.3145241737365723,1.4075236320495603,0.389860342311879,140.12599182128906,186.6000061035156,43177
DEA,TCN,20260803,test,SYG1_10LAA10CL101,#1 机除氧器液位 1,mm,-0.8190315961837769,31.936754669629867,17.991687774658203,7.027886867523193,0.4432452463116937,1799.865966796875,2373.44384765625,43177
DEA,TCN,20260803,test,SYG1_10LAA10CL102,#1 机除氧器液位 2,mm,-1.427032232284546,36.144922801632006,16.591358184814453,4.719898223876953,0.4535516594483174,1745.8189697265625,2377.288818359375,43177
DEA,TCN,20260803,test,SYG1_10LAA10CL103,#1 机除氧器液位 3,mm,-1.0852093696594238,30.434911096905843,15.364887237548828,0.9957469701766968,0.5090904879912916,1803.925048828125,2460.60205078125,43177
DEA,TCN,20260803,test,SYG1_10LAA10CL101-SEL,#1 机除氧器液位三选,-,-4.12150764465332,46.87231242295392,15.703323364257812,1.6384384632110596,,1797.94287109375,2375.15283203125,43177
DEA,TCN,20260803,test,SYG1_10CBA00CBK00R107,#1汽机除氧器出口O2（汽水取样画面的除氧器出口溶解氧）,μg/L,-49.54075622558594,4.182555510613724,0.7689365148544312,0.0068173231557011,0.9965027676772356,0.0630000829696655,100.58699798583984,43177
H1,ANN,20260801,train,SYG1_10LAD10CP101,#1 高压加热器压力,MPa,0.998709797859192,0.0838975568526753,0.0633387863636016,-0.013805516064167,0.8099414385384852,3.122000217437744,10.931999206542969,35689
H1,ANN,20260801,train,SYG1_10LAD10CL101-CAL,#1 高压加热器水位 1,mm,0.4541879892349243,13.42659441183802,10.72512912750244,0.0221906714141368,0.537644652413909,-110.88399505615234,52.72899627685547,35689
H1,ANN,20260801,train,SYG1_10LAD10CL102-CAL,#1 高压加热器水位 2,mm,0.5353512763977051,13.601297742971765,10.754583358764648,-0.0928870216012001,0.5447897111154697,-144.71600341796875,63.5410041809082,35689
H1,ANN,20260801,train,SYG1_10LAD10CL103-CAL,#1 高压加热器水位 3,mm,0.5579397678375244,13.15999102467518,10.437714576721191,0.0434411726891994,0.5562778447140575,-147.54200744628906,13.303993225097656,35689
H1,ANN,20260801,train,SYG1_10LCH11CT101,#1 高加汽侧疏水温度,℃,0.9974550604820251,1.08237873102918,0.8118951916694641,-0.1595357805490493,0.6940794082210204,211.4949951171875,281.7899780273437,35689
H1,ANN,20260801,train,SYG1_10LAB61CT101,#1 高压给水加热器出口温度,℃,0.9983550310134888,0.9060052343853106,0.6760313510894775,-0.137393519282341,0.7708817843032867,242.05099487304688,316.15997314453125,35689
H1,ANN,20260801,val,SYG1_10LAD10CP101,#1 高压加热器压力,MPa,0.9976784586906432,0.08960829856379,0.0681817382574081,0.0228127967566251,0.7684446939921392,3.122000217437744,10.931999206542969,8905
H1,ANN,20260801,val,SYG1_10LAD10CL101-CAL,#1 高压加热器水位 1,mm,0.3410945534706116,13.989253688099303,11.42989730834961,0.2216717302799224,0.4872543514879281,-110.88399505615234,52.72899627685547,8905
H1,ANN,20260801,val,SYG1_10LAD10CL102-CAL,#1 高压加热器水位 2,mm,0.5315442085266113,14.256703724010636,11.643028259277344,-1.8999090194702148,0.4801796743402582,-144.71600341796875,63.5410041809082,8905
H1,ANN,20260801,val,SYG1_10LAD10CL103-CAL,#1 高压加热器水位 3,mm,0.5034328699111938,14.010781087945666,11.42677116394043,-1.130226969718933,0.4918585064570466,-147.54200744628906,13.303993225097656,8905
H1,ANN,20260801,val,SYG1_10LCH11CT101,#1 高加汽侧疏水温度,℃,0.9958208799362184,1.0027383623686608,0.7449082732200623,0.2254485785961151,0.7265581134194273,211.4949951171875,281.7899780273437,8905
H1,ANN,20260801,val,SYG1_10LAB61CT101,#1 高压给水加热器出口温度,℃,0.9974984526634216,0.785879684354189,0.5999257564544678,0.0793481469154357,0.8267265581134194,242.05099487304688,316.15997314453125,8905
H1,ANN,20260801,test,SYG1_10LAD10CP101,#1 高压加热器压力,MPa,0.9956294894218444,0.0957779786234234,0.0711961761116981,0.0055311187170445,0.758690969729254,3.122000217437744,10.931999206542969,43177
H1,ANN,20260801,test,SYG1_10LAD10CL101-CAL,#1 高压加热器水位 1,mm,0.3549810647964477,11.997304613669025,9.648137092590332,-1.3243653774261477,0.5855432290339764,-110.88399505615234,52.72899627685547,43177
H1,ANN,20260801,test,SYG1_10LAD10CL102-CAL,#1 高压加热器水位 2,mm,0.3195412755012512,12.093223856045247,9.629724502563477,-2.1557211875915527,0.592954582300762,-144.71600341796875,63.5410041809082,43177
H1,ANN,20260801,test,SYG1_10LAD10CL103-CAL,#1 高压加热器水位 3,mm,0.4568549394607544,11.320022695134464,9.010228157043455,-1.4533153772354126,0.6244759941635593,-147.54200744628906,13.303993225097656,43177
H1,ANN,20260801,test,SYG1_10LCH11CT101,#1 高加汽侧疏水温度,℃,0.9936881065368652,1.0790566551565013,0.8433960676193237,0.3836052119731903,0.6647983880306645,211.4949951171875,281.7899780273437,43177
H1,ANN,20260801,test,SYG1_10LAB61CT101,#1 高压给水加热器出口温度,℃,0.9953566193580629,0.9716541076053532,0.7283387780189514,0.0793540328741073,0.7462306320494708,242.05099487304688,316.15997314453125,43177
H1,ANN,20260802,train,SYG1_10LAD10CP101,#1 高压加热器压力,MPa,0.9987231492996216,0.0834632831377061,0.0611475929617881,0.0013741730945184,0.8172826361063633,3.122000217437744,10.931999206542969,35689
H1,ANN,20260802,train,SYG1_10LAD10CL101-CAL,#1 高压加热器水位 1,mm,0.4538449048995971,13.430812857336262,10.680545806884766,0.1898060739040374,0.5415113900641654,-110.88399505615234,52.72899627685547,35689
H1,ANN,20260802,train,SYG1_10LAD10CL102-CAL,#1 高压加热器水位 2,mm,0.5366615653038025,13.58210595949398,10.700858116149902,0.2197503447532653,0.5505337779147637,-144.71600341796875,63.5410041809082,35689
H1,ANN,20260802,train,SYG1_10LAD10CL103-CAL,#1 高压加热器水位 3,mm,0.56098473072052,13.114588504433716,10.34518337249756,0.3410684466361999,0.5633668637395276,-147.54200744628906,13.303993225097656,35689
H1,ANN,20260802,train,SYG1_10LCH11CT101,#1 高加汽侧疏水温度,℃,0.9971953630447388,1.1362615236006448,0.8238808512687683,0.0881339684128761,0.7038583316988428,211.4949951171875,281.7899780273437,35689
H1,ANN,20260802,train,SYG1_10LAB61CT101,#1 高压给水加热器出口温度,℃,0.9981342554092408,0.9648853555581488,0.6877346634864807,0.1567516922950744,0.7806046681050184,242.05099487304688,316.15997314453125,35689
H1,ANN,20260802,val,SYG1_10LAD10CP101,#1 高压加热器压力,MPa,0.99724942445755,0.0975379943101694,0.0701702311635017,0.0226048380136489,0.7697922515440764,3.122000217437744,10.931999206542969,8905
H1,ANN,20260802,val,SYG1_10LAD10CL101-CAL,#1 高压加热器水位 1,mm,0.3386392593383789,14.0152929430425,11.39094066619873,0.4879048764705658,0.4945536215609208,-110.88399505615234,52.72899627685547,8905
H1,ANN,20260802,val,SYG1_10LAD10CL102-CAL,#1 高压加热器水位 2,mm,0.5252914428710938,14.35153432478862,11.75017547607422,-1.9499778747558596,0.4765861875350926,-144.71600341796875,63.5410041809082,8905
H1,ANN,20260802,val,SYG1_10LAD10CL103-CAL,#1 高压加热器水位 3,mm,0.5091366767883301,13.930081843829248,11.377577781677246,-1.081423044204712,0.4920830993823694,-147.54200744628906,13.303993225097656,8905
H1,ANN,20260802,val,SYG1_10LCH11CT101,#1 高加汽侧疏水温度,℃,0.9943938851356506,1.1613864220679655,0.8475080132484436,0.251312106847763,0.6902863559797866,211.4949951171875,281.7899780273437,8905
H1,ANN,20260802,val,SYG1_10LAB61CT101,#1 高压给水加热器出口温度,℃,0.9961876273155212,0.9701714086001116,0.7061716318130493,0.1394244730472564,0.7701291409320606,242.05099487304688,316.15997314453125,8905
H1,ANN,20260802,test,SYG1_10LAD10CP101,#1 高压加热器压力,MPa,0.995910942554474,0.0926424657996175,0.0685392692685127,-0.0080121038481593,0.771406072677583,3.122000217437744,10.931999206542969,43177
H1,ANN,20260802,test,SYG1_10LAD10CL101-CAL,#1 高压加热器水位 1,mm,0.3547694683074951,11.999272642344303,9.671406745910645,-1.766299605369568,0.5831113787433124,-110.88399505615234,52.72899627685547,43177
H1,ANN,20260802,test,SYG1_10LAD10CL102-CAL,#1 高压加热器水位 2,mm,0.3097688555717468,12.179752645752654,9.731654167175291,-2.9572653770446777,0.5859832781341918,-144.71600341796875,63.5410041809082,43177
H1,ANN,20260802,test,SYG1_10LAD10CL103-CAL,#1 高压加热器水位 3,mm,0.4616799354553222,11.269630090554422,9.022223472595217,-1.9612973928451536,0.6214188109410103,-147.54200744628906,13.303993225097656,43177
H1,ANN,20260802,test,SYG1_10LCH11CT101,#1 高加汽侧疏水温度,℃,0.9930726885795592,1.1304387972435104,0.8874708414077759,0.4674459099769592,0.6357551474164486,211.4949951171875,281.7899780273437,43177
H1,ANN,20260802,test,SYG1_10LAB61CT101,#1 高压给水加热器出口温度,℃,0.9951720237731934,0.9907831781738848,0.757110059261322,0.1267535537481308,0.7333070847905134,242.05099487304688,316.15997314453125,43177
H1,ANN,20260803,train,SYG1_10LAD10CP101,#1 高压加热器压力,MPa,0.9987797141075134,0.0815922479714069,0.0623516179621219,0.0258986335247755,0.8121830255821121,3.122000217437744,10.931999206542969,35689
H1,ANN,20260803,train,SYG1_10LAD10CL101-CAL,#1 高压加热器水位 1,mm,0.4584670662879944,13.373859107298648,10.7059965133667,0.2937931716442108,0.537392473871501,-110.88399505615234,52.72899627685547,35689
H1,ANN,20260803,train,SYG1_10LAD10CL102-CAL,#1 高压加热器水位 2,mm,0.5426979660987854,13.493341569960824,10.700170516967772,0.4294471740722656,0.5456022864187845,-144.71600341796875,63.5410041809082,35689
H1,ANN,20260803,train,SYG1_10LAD10CL103-CAL,#1 高压加热器水位 3,mm,0.5657365918159485,13.043420318253675,10.382001876831056,0.3343087136745453,0.5592199277088178,-147.54200744628906,13.303993225097656,35689
H1,ANN,20260803,train,SYG1_10LCH11CT101,#1 高加汽侧疏水温度,℃,0.997497260570526,1.073369914985394,0.7796739339828491,0.2504163086414337,0.7282355907982851,211.4949951171875,281.7899780273437,35689
H1,ANN,20260803,train,SYG1_10LAB61CT101,#1 高压给水加热器出口温度,℃,0.9986059069633484,0.8340584500937329,0.5989378094673157,0.1647176593542099,0.83742889966096,242.05099487304688,316.15997314453125,35689
H1,ANN,20260803,val,SYG1_10LAD10CP101,#1 高压加热器压力,MPa,0.9968690872192384,0.1040633081212898,0.0840523019433021,0.0647825822234153,0.6583941605839416,3.122000217437744,10.931999206542969,8905
H1,ANN,20260803,val,SYG1_10LAD10CL101-CAL,#1 高压加热器水位 1,mm,0.3468120098114013,13.928427715747835,11.438043594360352,-0.2810195684432983,0.484334643458731,-110.88399505615234,52.72899627685547,8905
H1,ANN,20260803,val,SYG1_10LAD10CL102-CAL,#1 高压加热器水位 2,mm,0.5331497192382812,14.232252345849462,11.661994934082031,-2.1619713306427,0.4845592363840539,-144.71600341796875,63.5410041809082,8905
H1,ANN,20260803,val,SYG1_10LAD10CL103-CAL,#1 高压加热器水位 3,mm,0.5037411451339722,14.006431737058614,11.488723754882812,-1.844720482826233,0.4893879842784952,-147.54200744628906,13.303993225097656,8905
H1,ANN,20260803,val,SYG1_10LCH11CT101,#1 高加汽侧疏水温度,℃,0.9949786067008972,1.099153576662805,0.8331403732299805,0.5195720791816711,0.687478944413251,211.4949951171875,281.7899780273437,8905
H1,ANN,20260803,val,SYG1_10LAB61CT101,#1 高压给水加热器出口温度,℃,0.9978706240653992,0.725064158067237,0.5498958826065063,0.241098865866661,0.8497473329590118,242.05099487304688,316.15997314453125,8905
H1,ANN,20260803,test,SYG1_10LAD10CP101,#1 高压加热器压力,MPa,0.9971333742141724,0.0775682969557121,0.0584410578012466,0.0283948145806789,0.8451490376820993,3.122000217437744,10.931999206542969,43177
H1,ANN,20260803,test,SYG1_10LAD10CL101-CAL,#1 高压加热器水位 1,mm,0.3560753464698791,11.987124211026844,9.631647109985352,-1.1306623220443726,0.587928758366723,-110.88399505615234,52.72899627685547,43177
H1,ANN,20260803,test,SYG1_10LAD10CL102-CAL,#1 高压加热器水位 2,mm,0.3434353470802307,11.879001946959152,9.478302001953123,-1.6722712516784668,0.5988836649141904,-144.71600341796875,63.5410041809082,43177
H1,ANN,20260803,test,SYG1_10LAD10CL103-CAL,#1 高压加热器水位 3,mm,0.4582892656326294,11.305065768226465,8.99785041809082,-1.2261241674423218,0.6288996456446719,-147.54200744628906,13.303993225097656,43177
H1,ANN,20260803,test,SYG1_10LCH11CT101,#1 高加汽侧疏水温度,℃,0.9937276244163512,1.0756773877062236,0.8569585084915161,0.53071129322052,0.6467795354007921,211.4949951171875,281.7899780273437,43177
H1,ANN,20260803,test,SYG1_10LAB61CT101,#1 高压给水加热器出口温度,℃,0.9975799918174744,0.7014573347626314,0.5195173621177673,0.0897790789604187,0.8845450123908563,242.05099487304688,316.15997314453125,43177
H1,GRU,20260801,train,SYG1_10LAD10CP101,#1 高压加热器压力,MPa,0.9990659952163696,0.071383573642859,0.0542032718658447,-0.0004208388563711,0.8577432822438287,3.122000217437744,10.931999206542969,35689
H1,GRU,20260801,train,SYG1_10LAD10CL101-CAL,#1 高压加热器水位 1,mm,0.5964752435684204,11.54461309142338,9.18202018737793,-0.2238954603672027,0.6153997029897167,-110.88399505615234,52.72899627685547,35689
H1,GRU,20260801,train,SYG1_10LAD10CL102-CAL,#1 高压加热器水位 2,mm,0.6812463402748108,11.265372391195273,8.910282135009766,-0.0709488317370414,0.6338647762615932,-144.71600341796875,63.5410041809082,35689
H1,GRU,20260801,train,SYG1_10LAD10CL103-CAL,#1 高压加热器水位 3,mm,0.6911693811416626,10.999552977755467,8.72787094116211,-0.2035459727048874,0.6417943904284233,-147.54200744628906,13.303993225097656,35689
H1,GRU,20260801,train,SYG1_10LCH11CT101,#1 高加汽侧疏水温度,℃,0.998832106590271,0.7332433137767665,0.5602343082427979,-0.0497874468564987,0.8493933705063185,211.4949951171875,281.7899780273437,35689
H1,GRU,20260801,train,SYG1_10LAB61CT101,#1 高压给水加热器出口温度,℃,0.999020516872406,0.6991116958585438,0.5192908644676208,-0.0367991290986537,0.8773011291994732,242.05099487304688,316.15997314453125,35689
H1,GRU,20260801,val,SYG1_10LAD10CP101,#1 高压加热器压力,MPa,0.9983530640602112,0.0754745426482223,0.0549188964068889,0.0200171507894992,0.8581695676586187,3.122000217437744,10.931999206542969,8905
H1,GRU,20260801,val,SYG1_10LAD10CL101-CAL,#1 高压加热器水位 1,mm,0.494365930557251,12.254657093668447,9.886613845825195,0.3478637933731079,0.5714766984839977,-110.88399505615234,52.72899627685547,8905
H1,GRU,20260801,val,SYG1_10LAD10CL102-CAL,#1 高压加热器水位 2,mm,0.6603697538375854,12.139141841515713,9.704231262207031,-0.4662254154682159,0.5832678270634475,-144.71600341796875,63.5410041809082,8905
H1,GRU,20260801,val,SYG1_10LAD10CL103-CAL,#1 高压加热器水位 3,mm,0.6445825099945068,11.853395102833078,9.576231002807615,-0.0009794412180781,0.5867490174059518,-147.54200744628906,13.303993225097656,8905
H1,GRU,20260801,val,SYG1_10LCH11CT101,#1 高加汽侧疏水温度,℃,0.9973840713500975,0.7933349515460311,0.5816131234169006,0.1605344265699386,0.8435710275126334,211.4949951171875,281.7899780273437,8905
H1,GRU,20260801,val,SYG1_10LAB61CT101,#1 高压给水加热器出口温度,℃,0.9976907968521118,0.7550598963290082,0.5496485829353333,0.0974305570125579,0.8641212801796744,242.05099487304688,316.15997314453125,8905
H1,GRU,20260801,test,SYG1_10LAD10CP101,#1 高压加热器压力,MPa,0.997322916984558,0.0749599874077442,0.0581523329019546,-0.0207596141844987,0.8552470065080946,3.122000217437744,10.931999206542969,43177
H1,GRU,20260801,test,SYG1_10LAD10CL101-CAL,#1 高压加热器水位 1,mm,0.4459576606750488,11.119082473664468,8.929864883422852,-0.573789656162262,0.6244296732056419,-110.88399505615234,52.72899627685547,43177
H1,GRU,20260801,test,SYG1_10LAD10CL102-CAL,#1 高压加热器水位 2,mm,0.4543282985687256,10.829462934792966,8.596071243286133,0.8122000694274902,0.6470574611482965,-144.71600341796875,63.5410041809082,43177
H1,GRU,20260801,test,SYG1_10LAD10CL103-CAL,#1 高压加热器水位 3,mm,0.5512001514434814,10.290008246564016,8.23757553100586,-0.2730150520801544,0.6644741413252426,-147.54200744628906,13.303993225097656,43177
H1,GRU,20260801,test,SYG1_10LCH11CT101,#1 高加汽侧疏水温度,℃,0.996094286441803,0.8488177941822007,0.6842060089111328,-0.362208753824234,0.7678393589179424,211.4949951171875,281.7899780273437,43177
H1,GRU,20260801,test,SYG1_10LAB61CT101,#1 高压给水加热器出口温度,℃,0.9979602694511414,0.6439946570796748,0.493061363697052,-0.2428073585033416,0.9014521620307108,242.05099487304688,316.15997314453125,43177
H1,GRU,20260802,train,SYG1_10LAD10CP101,#1 高压加热器压力,MPa,0.9992015361785888,0.0660009709294926,0.04824173822999,0.0052256546914577,0.899212642550926,3.122000217437744,10.931999206542969,35689
H1,GRU,20260802,train,SYG1_10LAD10CL101-CAL,#1 高压加热器水位 1,mm,0.578927755355835,11.792953870270509,9.372769355773926,-0.1622665971517563,0.6073019697946146,-110.88399505615234,52.72899627685547,35689
H1,GRU,20260802,train,SYG1_10LAD10CL102-CAL,#1 高压加热器水位 2,mm,0.6639685034751892,11.566659540033116,9.12838649749756,0.1483901143074035,0.6240017932696349,-144.71600341796875,63.5410041809082,35689
H1,GRU,20260802,train,SYG1_10LAD10CL103-CAL,#1 高压加热器水位 3,mm,0.6766363978385925,11.2553870972302,8.911060333251953,-0.0972796753048896,0.6350416094594973,-147.54200744628906,13.303993225097656,35689
H1,GRU,20260802,train,SYG1_10LCH11CT101,#1 高加汽侧疏水温度,℃,0.9987703561782836,0.7523624247513929,0.5637704133987427,-0.0403877347707748,0.848188517470369,211.4949951171875,281.7899780273437,35689
H1,GRU,20260802,train,SYG1_10LAB61CT101,#1 高压给水加热器出口温度,℃,0.99879789352417,0.7744941044700642,0.5560449361801147,0.0333865694701671,0.8556417943904284,242.05099487304688,316.15997314453125,35689
H1,GRU,20260802,val,SYG1_10LAD10CP101,#1 高压加热器压力,MPa,0.9978651404380798,0.0859296128598438,0.0630884170532226,0.0424998886883258,0.8072992700729927,3.122000217437744,10.931999206542969,8905
H1,GRU,20260802,val,SYG1_10LAD10CL101-CAL,#1 高压加热器水位 1,mm,0.4673771262168884,12.57745837228036,10.130941390991213,0.5331699848175049,0.5624929814710836,-110.88399505615234,52.72899627685547,8905
H1,GRU,20260802,val,SYG1_10LAD10CL102-CAL,#1 高压加热器水位 2,mm,0.6450806856155396,12.409366245117788,9.939624786376951,-0.2273319661617279,0.5731611454239192,-144.71600341796875,63.5410041809082,8905
H1,GRU,20260802,val,SYG1_10LAD10CL103-CAL,#1 高压加热器水位 3,mm,0.6241774559020996,12.188908422225127,9.85097885131836,-0.0939846411347389,0.5740595171252105,-147.54200744628906,13.303993225097656,8905
H1,GRU,20260802,val,SYG1_10LCH11CT101,#1 高加汽侧疏水温度,℃,0.997066080570221,0.8401742684019727,0.6193943619728088,0.1334408819675445,0.8165075800112297,211.4949951171875,281.7899780273437,8905
H1,GRU,20260802,val,SYG1_10LAB61CT101,#1 高压给水加热器出口温度,℃,0.9974360466003418,0.7956233947689767,0.5759986639022827,0.1289570033550262,0.8441325098259405,242.05099487304688,316.15997314453125,8905
H1,GRU,20260802,test,SYG1_10LAD10CP101,#1 高压加热器压力,MPa,0.9983738660812378,0.0584218304485478,0.0438552983105182,-0.0024770502932369,0.9348958936470806,3.122000217437744,10.931999206542969,43177
H1,GRU,20260802,test,SYG1_10LAD10CL101-CAL,#1 高压加热器水位 1,mm,0.4386489987373352,11.192180656016683,8.9669189453125,-0.0948058515787124,0.622461032494152,-110.88399505615234,52.72899627685547,43177
H1,GRU,20260802,test,SYG1_10LAD10CL102-CAL,#1 高压加热器水位 2,mm,0.4389703273773193,10.980803645728972,8.709369659423828,0.997478485107422,0.6425643282303078,-144.71600341796875,63.5410041809082,43177
H1,GRU,20260802,test,SYG1_10LAD10CL103-CAL,#1 高压加热器水位 3,mm,0.5450071692466736,10.360760948484462,8.282215118408203,0.1386530846357345,0.6612548347499826,-147.54200744628906,13.303993225097656,43177
H1,GRU,20260802,test,SYG1_10LCH11CT101,#1 高加汽侧疏水温度,℃,0.9973961114883424,0.6930674838460452,0.4896531403064728,0.1145858615636825,0.8881348866294555,211.4949951171875,281.7899780273437,43177
H1,GRU,20260802,test,SYG1_10LAB61CT101,#1 高压给水加热器出口温度,℃,0.997650384902954,0.6911865143827983,0.5001910328865051,0.1810758560895919,0.876091437570929,242.05099487304688,316.15997314453125,43177
H1,GRU,20260803,train,SYG1_10LAD10CP101,#1 高压加热器压力,MPa,0.9991083741188048,0.0697455997283967,0.0529795549809932,0.0228208694607019,0.8742749866905769,3.122000217437744,10.931999206542969,35689
H1,GRU,20260803,train,SYG1_10LAD10CL101-CAL,#1 高压加热器水位 1,mm,0.5815448760986328,11.756248598235562,9.336840629577637,0.2108318209648132,0.6077783070413852,-110.88399505615234,52.72899627685547,35689
H1,GRU,20260803,train,SYG1_10LAD10CL102-CAL,#1 高压加热器水位 2,mm,0.6684458255767822,11.489343764619523,9.097738265991213,0.1516449004411697,0.6227128807195494,-144.71600341796875,63.5410041809082,35689
H1,GRU,20260803,train,SYG1_10LAD10CL103-CAL,#1 高压加热器水位 3,mm,0.6794996857643127,11.205444946987198,8.878171920776367,0.2909008860588074,0.6338927960996386,-147.54200744628906,13.303993225097656,35689
H1,GRU,20260803,train,SYG1_10LCH11CT101,#1 高加汽侧疏水温度,℃,0.9988677501678468,0.7219513212870207,0.547523558139801,0.0871685519814491,0.8556978340665191,211.4949951171875,281.7899780273437,35689
H1,GRU,20260803,train,SYG1_10LAB61CT101,#1 高压给水加热器出口温度,℃,0.9990155100822448,0.7009076228855639,0.5293678045272827,0.1949197500944137,0.8688391381097818,242.05099487304688,316.15997314453125,35689
H1,GRU,20260803,val,SYG1_10LAD10CP101,#1 高压加热器压力,MPa,0.9976667761802672,0.0898331656648319,0.0682063549757003,0.0574007220566272,0.7920269511510387,3.122000217437744,10.931999206542969,8905
H1,GRU,20260803,val,SYG1_10LAD10CL101-CAL,#1 高压加热器水位 1,mm,0.4708989858627319,12.535806869022109,10.044105529785156,1.172033667564392,0.5739472206625491,-110.88399505615234,52.72899627685547,8905
H1,GRU,20260803,val,SYG1_10LAD10CL102-CAL,#1 高压加热器水位 2,mm,0.6494541168212891,12.33267464468278,9.870137214660645,0.0607526339590549,0.5816956765861875,-144.71600341796875,63.5410041809082,8905
H1,GRU,20260803,val,SYG1_10LAD10CL103-CAL,#1 高压加热器水位 3,mm,0.6303055286407471,12.089124953389796,9.748590469360352,0.6315484046936035,0.580235822571589,-147.54200744628906,13.303993225097656,8905
H1,GRU,20260803,val,SYG1_10LCH11CT101,#1 高加汽侧疏水温度,℃,0.9976689219474792,0.7488996062689414,0.5558912754058838,0.194364309310913,0.8478382930937676,211.4949951171875,281.7899780273437,8905
H1,GRU,20260803,val,SYG1_10LAB61CT101,#1 高压给水加热器出口温度,℃,0.9978535175323486,0.7279743300643894,0.5321543216705322,0.2034910470247268,0.8620999438517687,242.05099487304688,316.15997314453125,8905
H1,GRU,20260803,test,SYG1_10LAD10CP101,#1 高压加热器压力,MPa,0.9967612624168396,0.0824490872880572,0.068365678191185,-0.0217411462217569,0.7929916390670959,3.122000217437744,10.931999206542969,43177
H1,GRU,20260803,test,SYG1_10LAD10CL101-CAL,#1 高压加热器水位 1,mm,0.4346991777420044,11.2314870462255,8.983787536621094,0.6191262602806091,0.6221136253097714,-110.88399505615234,52.72899627685547,43177
H1,GRU,20260803,test,SYG1_10LAD10CL102-CAL,#1 高压加热器水位 2,mm,0.4360937476158142,11.00891826807273,8.703670501708984,1.462071418762207,0.6448572156472195,-144.71600341796875,63.5410041809082,43177
H1,GRU,20260803,test,SYG1_10LAD10CL103-CAL,#1 高压加热器水位 3,mm,0.5361456871032715,10.461168327947147,8.312261581420898,1.0385515689849854,0.6618801676818676,-147.54200744628906,13.303993225097656,43177
H1,GRU,20260803,test,SYG1_10LCH11CT101,#1 高加汽侧疏水温度,℃,0.9975396990776062,0.6736859378897448,0.5045595169067383,-0.1790758371353149,0.8860272830442134,211.4949951171875,281.7899780273437,43177
H1,GRU,20260803,test,SYG1_10LAB61CT101,#1 高压给水加热器出口温度,℃,0.997521698474884,0.7098560701812938,0.5459743142127991,0.0493950583040714,0.8572619681775019,242.05099487304688,316.15997314453125,43177
H1,iTransformer-small,20260801,train,SYG1_10LAD10CP101,#1 高压加热器压力,MPa,0.993632435798645,0.1863833495539799,0.1441005170345306,0.0651909187436103,0.4351761046821149,3.122000217437744,10.931999206542969,35689
H1,iTransformer-small,20260801,train,SYG1_10LAD10CL101-CAL,#1 高压加热器水位 1,mm,0.4537779688835144,13.431635938862422,10.750232696533203,-0.5524530410766602,0.5370001961388663,-110.88399505615234,52.72899627685547,35689
H1,iTransformer-small,20260801,train,SYG1_10LAD10CL102-CAL,#1 高压加热器水位 2,mm,0.5335261225700378,13.62798423633162,10.73866081237793,-0.009632421657443,0.5496651629353583,-144.71600341796875,63.5410041809082,35689
H1,iTransformer-small,20260801,train,SYG1_10LAD10CL103-CAL,#1 高压加热器水位 3,mm,0.5677276253700256,13.013484710167289,10.377238273620604,-0.5980436205863953,0.5563058645521028,-147.54200744628906,13.303993225097656,35689
H1,iTransformer-small,20260801,train,SYG1_10LCH11CT101,#1 高加汽侧疏水温度,℃,0.990909457206726,2.045674445151739,1.4552851915359497,0.7763388156890869,0.4767295245033484,211.4949951171875,281.7899780273437,35689
H1,iTransformer-small,20260801,train,SYG1_10LAB61CT101,#1 高压给水加热器出口温度,℃,0.9905222654342652,2.174718847409269,1.513844609260559,0.870591938495636,0.4792793297654739,242.05099487304688,316.15997314453125,35689
H1,iTransformer-small,20260801,val,SYG1_10LAD10CP101,#1 高压加热器压力,MPa,0.9911220073699952,0.1752338043931505,0.1366582214832306,0.0564786382019519,0.4546883773161145,3.122000217437744,10.931999206542969,8905
H1,iTransformer-small,20260801,val,SYG1_10LAD10CL101-CAL,#1 高压加热器水位 1,mm,0.3274253010749817,14.13361467285362,11.47297191619873,0.396688848733902,0.4915216170690623,-110.88399505615234,52.72899627685547,8905
H1,iTransformer-small,20260801,val,SYG1_10LAD10CL102-CAL,#1 高压加热器水位 2,mm,0.5042064189910889,14.666796308002294,11.884867668151855,-1.3342716693878174,0.480628860190904,-144.71600341796875,63.5410041809082,8905
H1,iTransformer-small,20260801,val,SYG1_10LAD10CL103-CAL,#1 高压加热器水位 3,mm,0.5162310004234314,13.829051875716209,11.216443061828612,-0.4590981006622314,0.5074677147669848,-147.54200744628906,13.303993225097656,8905
H1,iTransformer-small,20260801,val,SYG1_10LCH11CT101,#1 高加汽侧疏水温度,℃,0.9898166060447692,1.565280957215465,1.1649363040924072,0.4398589432239532,0.5439640651319484,211.4949951171875,281.7899780273437,8905
H1,iTransformer-small,20260801,val,SYG1_10LAB61CT101,#1 高压给水加热器出口温度,℃,0.9892532229423524,1.6288826846972717,1.1846994161605835,0.5155347585678101,0.5554183043234138,242.05099487304688,316.15997314453125,8905
H1,iTransformer-small,20260801,test,SYG1_10LAD10CP101,#1 高压加热器压力,MPa,0.9813126921653748,0.198048633364484,0.1474743783473968,0.026279866695404,0.4427588762535609,3.122000217437744,10.931999206542969,43177
H1,iTransformer-small,20260801,test,SYG1_10LAD10CL101-CAL,#1 高压加热器水位 1,mm,0.3428970575332641,12.109164564703798,9.738385200500488,0.2881107926368713,0.5794057021099196,-110.88399505615234,52.72899627685547,43177
H1,iTransformer-small,20260801,test,SYG1_10LAD10CL102-CAL,#1 高压加热器水位 2,mm,0.3115127682685852,12.164357284080635,9.694294929504396,-0.7652943134307861,0.5903837691363457,-144.71600341796875,63.5410041809082,43177
H1,iTransformer-small,20260801,test,SYG1_10LAD10CL103-CAL,#1 高压加热器水位 3,mm,0.4335418939590454,11.560410759303846,9.215182304382324,1.4465818405151367,0.6123167427102393,-147.54200744628906,13.303993225097656,43177
H1,iTransformer-small,20260801,test,SYG1_10LCH11CT101,#1 高加汽侧疏水温度,℃,0.9747337102890016,2.158915986271538,1.5402337312698364,0.6066979169845581,0.4437084558908678,211.4949951171875,281.7899780273437,43177
H1,iTransformer-small,20260801,test,SYG1_10LAB61CT101,#1 高压给水加热器出口温度,℃,0.9748990535736084,2.2591249024139923,1.5742157697677612,0.6472150683403015,0.4468582810292517,242.05099487304688,316.15997314453125,43177
H1,iTransformer-small,20260802,train,SYG1_10LAD10CP101,#1 高压加热器压力,MPa,0.9935511350631714,0.1875702507816232,0.1448119729757309,0.0602498538792133,0.435848580795203,3.122000217437744,10.931999206542969,35689
H1,iTransformer-small,20260802,train,SYG1_10LAD10CL101-CAL,#1 高压加热器水位 1,mm,0.4440091848373413,13.55121082934681,10.788305282592772,0.3609468340873718,0.5371122754910477,-110.88399505615234,52.72899627685547,35689
H1,iTransformer-small,20260802,train,SYG1_10LAD10CL102-CAL,#1 高压加热器水位 2,mm,0.5137495994567871,13.913870585776424,10.881845474243164,1.0287628173828125,0.548068032166774,-144.71600341796875,63.5410041809082,35689
H1,iTransformer-small,20260802,train,SYG1_10LAD10CL103-CAL,#1 高压加热器水位 3,mm,0.5550602078437805,13.202783487632033,10.47235107421875,0.2525818645954132,0.5541203171845667,-147.54200744628906,13.303993225097656,35689
H1,iTransformer-small,20260802,train,SYG1_10LCH11CT101,#1 高加汽侧疏水温度,℃,0.9930305480957032,1.7911919327113386,1.3058326244354248,0.6033315658569336,0.5122306593067892,211.4949951171875,281.7899780273437,35689
H1,iTransformer-small,20260802,train,SYG1_10LAB61CT101,#1 高压给水加热器出口温度,℃,0.9934530258178712,1.8074683360469632,1.3103606700897217,0.5047109723091125,0.5107736277284317,242.05099487304688,316.15997314453125,35689
H1,iTransformer-small,20260802,val,SYG1_10LAD10CP101,#1 高压加热器压力,MPa,0.9904035329818726,0.1821866493630548,0.1405945569276809,0.0527222976088523,0.4508702975856261,3.122000217437744,10.931999206542969,8905
H1,iTransformer-small,20260802,val,SYG1_10LAD10CL101-CAL,#1 高压加热器水位 1,mm,0.3128888607025146,14.285534372559198,11.56262493133545,1.3860901594161987,0.4883773161145424,-110.88399505615234,52.72899627685547,8905
H1,iTransformer-small,20260802,val,SYG1_10LAD10CL102-CAL,#1 高压加热器水位 2,mm,0.4970226287841797,14.772671619657244,11.901214599609377,0.2281966507434845,0.4838854576080853,-144.71600341796875,63.5410041809082,8905
H1,iTransformer-small,20260802,val,SYG1_10LAD10CL103-CAL,#1 高压加热器水位 3,mm,0.5122791528701782,13.885421550699316,11.217975616455078,0.9340751767158508,0.5108366086468277,-147.54200744628906,13.303993225097656,8905
H1,iTransformer-small,20260802,val,SYG1_10LCH11CT101,#1 高加汽侧疏水温度,℃,0.990816593170166,1.486441047780029,1.1159154176712036,0.4330724477767944,0.5640651319483436,211.4949951171875,281.7899780273437,8905
H1,iTransformer-small,20260802,val,SYG1_10LAB61CT101,#1 高压给水加热器出口温度,℃,0.991235852241516,1.4709750426902732,1.0998804569244385,0.3529097139835357,0.5669848399775407,242.05099487304688,316.15997314453125,8905
H1,iTransformer-small,20260802,test,SYG1_10LAD10CP101,#1 高压加热器压力,MPa,0.9835447072982788,0.1858452957003086,0.134105771780014,-0.0014731374103575,0.5095305370915071,3.122000217437744,10.931999206542969,43177
H1,iTransformer-small,20260802,test,SYG1_10LAD10CL101-CAL,#1 高压加热器水位 1,mm,0.3352843523025512,12.179106184010642,9.777234077453612,1.3710074424743652,0.5796836278574241,-110.88399505615234,52.72899627685547,43177
H1,iTransformer-small,20260802,test,SYG1_10LAD10CL102-CAL,#1 高压加热器水位 2,mm,0.3156811594963074,12.1274763901543,9.661977767944336,-0.1562021225690841,0.5902448062625935,-144.71600341796875,63.5410041809082,43177
H1,iTransformer-small,20260802,test,SYG1_10LAD10CL103-CAL,#1 高压加热器水位 3,mm,0.4268003106117248,11.628999411786722,9.253849029541016,2.121514320373535,0.6135442480950506,-147.54200744628906,13.303993225097656,43177
H1,iTransformer-small,20260802,test,SYG1_10LCH11CT101,#1 高加汽侧疏水温度,℃,0.9826884269714355,1.7870353308175213,1.2329035997390747,0.1708737909793853,0.5621511452856846,211.4949951171875,281.7899780273437,43177
H1,iTransformer-small,20260802,test,SYG1_10LAB61CT101,#1 高压给水加热器出口温度,℃,0.9837501049041748,1.8176939634904627,1.2542237043380735,-0.0020697813015431,0.5529564351390787,242.05099487304688,316.15997314453125,43177
H1,iTransformer-small,20260803,train,SYG1_10LAD10CP101,#1 高压加热器压力,MPa,0.9939590692520142,0.1815405949626695,0.1390022337436676,0.0063620870932936,0.4554064277508476,3.122000217437744,10.931999206542969,35689
H1,iTransformer-small,20260803,train,SYG1_10LAD10CL101-CAL,#1 高压加热器水位 1,mm,0.4734927415847778,13.187015181031894,10.518556594848633,0.3717040717601776,0.5494970439070862,-110.88399505615234,52.72899627685547,35689
H1,iTransformer-small,20260803,train,SYG1_10LAD10CL102-CAL,#1 高压加热器水位 2,mm,0.5444372892379761,13.467657270601984,10.623002052307127,0.4963557720184326,0.5537560592899773,-144.71600341796875,63.5410041809082,35689
H1,iTransformer-small,20260803,train,SYG1_10LAD10CL103-CAL,#1 高压加热器水位 3,mm,0.5848304033279419,12.753448618321094,10.155611038208008,0.4627973139286041,0.5674297402561013,-147.54200744628906,13.303993225097656,35689
H1,iTransformer-small,20260803,train,SYG1_10LCH11CT101,#1 高加汽侧疏水温度,℃,0.9938504695892334,1.682534152133532,1.2424839735031128,0.0795501619577407,0.5174983888593124,211.4949951171875,281.7899780273437,35689
H1,iTransformer-small,20260803,train,SYG1_10LAB61CT101,#1 高压给水加热器出口温度,℃,0.9927753806114196,1.8987049181309463,1.3882012367248535,0.0977395847439765,0.4795875479839726,242.05099487304688,316.15997314453125,35689
H1,iTransformer-small,20260803,val,SYG1_10LAD10CP101,#1 高压加热器压力,MPa,0.990485906600952,0.1814031997608223,0.1401120275259018,-0.0128743350505828,0.4480628860190904,3.122000217437744,10.931999206542969,8905
H1,iTransformer-small,20260803,val,SYG1_10LAD10CL101-CAL,#1 高压加热器水位 1,mm,0.3433908224105835,13.964856315553789,11.279434204101562,1.0091335773468018,0.5042111173498035,-110.88399505615234,52.72899627685547,8905
H1,iTransformer-small,20260803,val,SYG1_10LAD10CL102-CAL,#1 高压加热器水位 2,mm,0.5126893520355225,14.540782008910805,11.759160995483398,-1.337933897972107,0.4887142055025266,-144.71600341796875,63.5410041809082,8905
H1,iTransformer-small,20260803,val,SYG1_10LAD10CL103-CAL,#1 高压加热器水位 3,mm,0.5313467979431152,13.611287066993963,11.031065940856934,0.0829292088747024,0.514093206064009,-147.54200744628906,13.303993225097656,8905
H1,iTransformer-small,20260803,val,SYG1_10LCH11CT101,#1 高加汽侧疏水温度,℃,0.9912670850753784,1.4495234002142066,1.1166198253631592,-0.0570541024208068,0.5460976979225154,211.4949951171875,281.7899780273437,8905
H1,iTransformer-small,20260803,val,SYG1_10LAB61CT101,#1 高压给水加热器出口温度,℃,0.9893882870674132,1.6186147095690957,1.239726424217224,-0.2565436661243438,0.5065693430656935,242.05099487304688,316.15997314453125,8905
H1,iTransformer-small,20260803,test,SYG1_10LAD10CP101,#1 高压加热器压力,MPa,0.9776950478553772,0.2163710148905495,0.1658005267381668,-0.0846472382545471,0.390091947101466,3.122000217437744,10.931999206542969,43177
H1,iTransformer-small,20260803,test,SYG1_10LAD10CL101-CAL,#1 高压加热器水位 1,mm,0.3308984637260437,12.219219540211029,9.786018371582031,1.153919696807861,0.5823470829376751,-110.88399505615234,52.72899627685547,43177
H1,iTransformer-small,20260803,test,SYG1_10LAD10CL102-CAL,#1 高压加热器水位 2,mm,0.306030809879303,12.21268931371946,9.70071029663086,-0.7030477523803711,0.5917270769159506,-144.71600341796875,63.5410041809082,43177
H1,iTransformer-small,20260803,test,SYG1_10LAD10CL103-CAL,#1 高压加热器水位 3,mm,0.4013674259185791,11.88418898174824,9.426861763000488,2.692880153656006,0.604025291243023,-147.54200744628906,13.303993225097656,43177
H1,iTransformer-small,20260803,test,SYG1_10LCH11CT101,#1 高加汽侧疏水温度,℃,0.9773979783058168,2.0419203801712595,1.5539250373840332,-0.655366837978363,0.4075086272784121,211.4949951171875,281.7899780273437,43177
H1,iTransformer-small,20260803,test,SYG1_10LAB61CT101,#1 高压给水加热器出口温度,℃,0.9759663939476012,2.21057158229008,1.6536556482315063,-0.5154834389686584,0.3918521435023276,242.05099487304688,316.15997314453125,43177
H1,TCN,20260801,train,SYG1_10LAD10CP101,#1 高压加热器压力,MPa,0.9989773631095886,0.0746943612668022,0.056148812174797,-0.0079014748334884,0.8461150494550141,3.122000217437744,10.931999206542969,35689
H1,TCN,20260801,train,SYG1_10LAD10CL101-CAL,#1 高压加热器水位 1,mm,0.5448189973831177,12.261295638208022,9.849774360656738,-0.7350200414657593,0.573902322844574,-110.88399505615234,52.72899627685547,35689
H1,TCN,20260801,train,SYG1_10LAD10CL102-CAL,#1 高压加热器水位 2,mm,0.6383287906646729,11.999825158434929,9.581387519836426,-0.6299774646759033,0.5949732410546668,-144.71600341796875,63.5410041809082,35689
H1,TCN,20260801,train,SYG1_10LAD10CL103-CAL,#1 高压加热器水位 3,mm,0.6457750797271729,11.780247491331888,9.445786476135254,-0.7898162603378296,0.5990080977331951,-147.54200744628906,13.303993225097656,35689
H1,TCN,20260801,train,SYG1_10LCH11CT101,#1 高加汽侧疏水温度,℃,0.9980749487876892,0.9413768716240648,0.7103667855262756,0.2865980267524719,0.7558911709490319,211.4949951171875,281.7899780273437,35689
H1,TCN,20260801,train,SYG1_10LAB61CT101,#1 高压给水加热器出口温度,℃,0.9978959560394288,1.024655091010806,0.7927708029747009,0.0153438234701752,0.6983384236039115,242.05099487304688,316.15997314453125,35689
H1,TCN,20260801,val,SYG1_10LAD10CP101,#1 高压加热器压力,MPa,0.9979360103607178,0.0844920224387875,0.0628718882799148,0.0160192474722862,0.803705783267827,3.122000217437744,10.931999206542969,8905
H1,TCN,20260801,val,SYG1_10LAD10CL101-CAL,#1 高压加热器水位 1,mm,0.4557743072509765,12.713716227848789,10.196096420288086,1.0479340553283691,0.5624929814710836,-110.88399505615234,52.72899627685547,8905
H1,TCN,20260801,val,SYG1_10LAD10CL102-CAL,#1 高压加热器水位 2,mm,0.6365892887115479,12.55693576244569,10.089582443237305,-0.2954217195510864,0.5637282425603594,-144.71600341796875,63.5410041809082,8905
H1,TCN,20260801,val,SYG1_10LAD10CL103-CAL,#1 高压加热器水位 3,mm,0.6171225309371948,12.302780730236927,9.98569679260254,-0.1322401016950607,0.5670971364402021,-147.54200744628906,13.303993225097656,8905
H1,TCN,20260801,val,SYG1_10LCH11CT101,#1 高加汽侧疏水温度,℃,0.9954135417938232,1.0504711501868471,0.8108328580856323,0.5854679942131042,0.6956765861875351,211.4949951171875,281.7899780273437,8905
H1,TCN,20260801,val,SYG1_10LAB61CT101,#1 高压给水加热器出口温度,℃,0.9953648447990416,1.0697500045573107,0.8440953493118286,0.0580742284655571,0.6646827624929814,242.05099487304688,316.15997314453125,8905
H1,TCN,20260801,test,SYG1_10LAD10CP101,#1 高压加热器压力,MPa,0.9974156022071838,0.0736512712467821,0.0534670166671276,0.0053467480465769,0.8600875466104639,3.122000217437744,10.931999206542969,43177
H1,TCN,20260801,test,SYG1_10LAD10CL101-CAL,#1 高压加热器水位 1,mm,0.4266371726989746,11.31129272088642,9.07655906677246,0.0683547630906105,0.6178520971813697,-110.88399505615234,52.72899627685547,43177
H1,TCN,20260801,test,SYG1_10LAD10CL102-CAL,#1 高压加热器水位 2,mm,0.4346773624420166,11.022736027579151,8.765693664550781,0.7042276263237,0.6387660096810802,-144.71600341796875,63.5410041809082,43177
H1,TCN,20260801,test,SYG1_10LAD10CL103-CAL,#1 高压加热器水位 3,mm,0.5263588428497314,10.57095197391255,8.441749572753906,0.2014612406492233,0.6561132084211502,-147.54200744628906,13.303993225097656,43177
H1,TCN,20260801,test,SYG1_10LCH11CT101,#1 高加汽侧疏水温度,℃,0.9948037266731262,0.979062230377696,0.7745280265808105,0.0402228645980358,0.7006044885008222,211.4949951171875,281.7899780273437,43177
H1,TCN,20260801,test,SYG1_10LAB61CT101,#1 高压给水加热器出口温度,℃,0.9949715733528136,1.0111427582223458,0.777843177318573,0.3121440410614013,0.7066493735090442,242.05099487304688,316.15997314453125,43177
H1,TCN,20260802,train,SYG1_10LAD10CP101,#1 高压加热器压力,MPa,0.9977814555168152,0.1100156575067312,0.086822859942913,0.0398095920681953,0.6428591442741461,3.122000217437744,10.931999206542969,35689
H1,TCN,20260802,train,SYG1_10LAD10CL101-CAL,#1 高压加热器水位 1,mm,0.5796475410461426,11.782870153436065,9.409090042114258,-0.3694786131381988,0.6026506766790888,-110.88399505615234,52.72899627685547,35689
H1,TCN,20260802,train,SYG1_10LAD10CL102-CAL,#1 高压加热器水位 2,mm,0.6655013561248779,11.54024727329992,9.153885841369627,-0.0567164495587348,0.6224326823390961,-144.71600341796875,63.5410041809082,35689
H1,TCN,20260802,train,SYG1_10LAD10CL103-CAL,#1 高压加热器水位 3,mm,0.6754904985427856,11.275312641824993,8.980500221252441,-0.3950027823448181,0.6239177337554989,-147.54200744628906,13.303993225097656,35689
H1,TCN,20260802,train,SYG1_10LCH11CT101,#1 高加汽侧疏水温度,℃,0.998206615447998,0.9086175116780018,0.6962494254112244,0.3004928827285766,0.7587211745916108,211.4949951171875,281.7899780273437,35689
H1,TCN,20260802,train,SYG1_10LAB61CT101,#1 高压给水加热器出口温度,℃,0.9978783130645752,1.028938650954902,0.7966997623443604,0.4476111233234405,0.6931547535655244,242.05099487304688,316.15997314453125,35689
H1,TCN,20260802,val,SYG1_10LAD10CP101,#1 高压加热器压力,MPa,0.9957456588745116,0.1213047089674053,0.0985956192016601,0.0722543969750404,0.564963503649635,3.122000217437744,10.931999206542969,8905
H1,TCN,20260802,val,SYG1_10LAD10CL101-CAL,#1 高压加热器水位 1,mm,0.4837220907211303,12.382968379342213,9.908061027526855,1.1737602949142456,0.5750701852891634,-110.88399505615234,52.72899627685547,8905
H1,TCN,20260802,val,SYG1_10LAD10CL102-CAL,#1 高压加热器水位 2,mm,0.6580158472061157,12.181136910631407,9.811286926269531,-0.5774222016334534,0.5811341942728804,-144.71600341796875,63.5410041809082,8905
H1,TCN,20260802,val,SYG1_10LAD10CL103-CAL,#1 高压加热器水位 3,mm,0.6366540789604187,11.984875366428644,9.72893524169922,-0.227273017168045,0.5809096013475575,-147.54200744628906,13.303993225097656,8905
H1,TCN,20260802,val,SYG1_10LCH11CT101,#1 高加汽侧疏水温度,℃,0.9965649843215942,0.9090959323939342,0.7286003828048706,0.4216237068176269,0.7398090960134756,211.4949951171875,281.7899780273437,8905
H1,TCN,20260802,val,SYG1_10LAB61CT101,#1 高压给水加热器出口温度,℃,0.996333658695221,0.9514132590935498,0.7626734972000122,0.3810925185680389,0.711734980348119,242.05099487304688,316.15997314453125,8905
H1,TCN,20260802,test,SYG1_10LAD10CP101,#1 高压加热器压力,MPa,0.9945206046104432,0.1072417439551416,0.0873694643378257,0.0729924887418747,0.6502536072445978,3.122000217437744,10.931999206542969,43177
H1,TCN,20260802,test,SYG1_10LAD10CL101-CAL,#1 高压加热器水位 1,mm,0.4090926051139831,11.483047595480832,9.17200756072998,0.8841367959976196,0.6127799522894134,-110.88399505615234,52.72899627685547,43177
H1,TCN,20260802,test,SYG1_10LAD10CL102-CAL,#1 高压加热器水位 2,mm,0.4006021022796631,11.350077059984136,9.015765190124512,1.230944037437439,0.6254255738008662,-144.71600341796875,63.5410041809082,43177
H1,TCN,20260802,test,SYG1_10LAD10CL103-CAL,#1 高压加热器水位 3,mm,0.5112473964691162,10.738260290653429,8.500977516174316,1.2783337831497192,0.6550478263890497,-147.54200744628906,13.303993225097656,43177
H1,TCN,20260802,test,SYG1_10LCH11CT101,#1 高加汽侧疏水温度,℃,0.9945012331008912,1.0071594724859556,0.8343011736869812,0.6136762499809265,0.6524538527456748,211.4949951171875,281.7899780273437,43177
H1,TCN,20260802,test,SYG1_10LAB61CT101,#1 高压给水加热器出口温度,℃,0.9929977655410768,1.1931991344698134,1.0073961019515991,0.7032703757286072,0.521782430460662,242.05099487304688,316.15997314453125,43177
H1,TCN,20260803,train,SYG1_10LAD10CP101,#1 高压加热器压力,MPa,0.9984068274497986,0.0932301123223036,0.0681997910141944,0.016514940187335,0.7812491243800611,3.122000217437744,10.931999206542969,35689
H1,TCN,20260803,train,SYG1_10LAD10CL101-CAL,#1 高压加热器水位 1,mm,0.5714317560195923,11.8974608974211,9.519658088684082,-0.669604480266571,0.5956737370058001,-110.88399505615234,52.72899627685547,35689
H1,TCN,20260803,train,SYG1_10LAD10CL102-CAL,#1 高压加热器水位 2,mm,0.6617221236228943,11.605257066396607,9.21559715270996,-0.6142016649246216,0.6176973297094343,-144.71600341796875,63.5410041809082,35689
H1,TCN,20260803,train,SYG1_10LAD10CL103-CAL,#1 高压加热器水位 3,mm,0.6719223856925964,11.3371313874235,9.065269470214844,-0.5806061029434204,0.6197707977247892,-147.54200744628906,13.303993225097656,35689
H1,TCN,20260803,train,SYG1_10LCH11CT101,#1 高加汽侧疏水温度,℃,0.9977520704269408,1.01726897773281,0.7630717754364014,0.2170885950326919,0.7256857855361596,211.4949951171875,281.7899780273437,35689
H1,TCN,20260803,train,SYG1_10LAB61CT101,#1 高压给水加热器出口温度,℃,0.998012363910675,0.995903565445405,0.7358511090278625,0.1525866389274597,0.7448233349211242,242.05099487304688,316.15997314453125,35689
H1,TCN,20260803,val,SYG1_10LAD10CP101,#1 高压加热器压力,MPa,0.9969612956047058,0.1025194240110929,0.0763046443462371,0.0348481833934783,0.7345311622683885,3.122000217437744,10.931999206542969,8905
H1,TCN,20260803,val,SYG1_10LAD10CL101-CAL,#1 高压加热器水位 1,mm,0.4833298325538635,12.387671562415644,9.908327102661133,0.6441003084182739,0.5766423357664233,-110.88399505615234,52.72899627685547,8905
H1,TCN,20260803,val,SYG1_10LAD10CL102-CAL,#1 高压加热器水位 2,mm,0.6616199612617493,12.116779490229396,9.69993495941162,-0.6477312445640564,0.5845030881527232,-144.71600341796875,63.5410041809082,8905
H1,TCN,20260803,val,SYG1_10LAD10CL103-CAL,#1 高压加热器水位 3,mm,0.6397022008895874,11.934498354625656,9.637171745300291,-0.1300083845853805,0.5879842784952274,-147.54200744628906,13.303993225097656,8905
H1,TCN,20260803,val,SYG1_10LCH11CT101,#1 高加汽侧疏水温度,℃,0.9957677125930786,1.0090957278879378,0.758296012878418,0.1197885498404502,0.7316114542391915,211.4949951171875,281.7899780273437,8905
H1,TCN,20260803,val,SYG1_10LAB61CT101,#1 高压给水加热器出口温度,℃,0.9953714609146118,1.068986558667315,0.7631266117095947,-0.1731766015291214,0.7401459854014598,242.05099487304688,316.15997314453125,8905
H1,TCN,20260803,test,SYG1_10LAD10CP101,#1 高压加热器压力,MPa,0.995866596698761,0.0931434280608541,0.0693228989839553,-0.0117752104997634,0.7696458762767214,3.122000217437744,10.931999206542969,43177
H1,TCN,20260803,test,SYG1_10LAD10CL101-CAL,#1 高压加热器水位 1,mm,0.3989415168762207,11.581260513984368,9.265707015991213,1.0642988681793213,0.6088426708664335,-110.88399505615234,52.72899627685547,43177
H1,TCN,20260803,test,SYG1_10LAD10CL102-CAL,#1 高压加热器水位 2,mm,0.3724734187126159,11.613343660486525,9.258342742919922,1.3681458234786987,0.6109734349306344,-144.71600341796875,63.5410041809082,43177
H1,TCN,20260803,test,SYG1_10LAD10CL103-CAL,#1 高压加热器水位 3,mm,0.505547046661377,10.800699310267843,8.578289985656738,0.988188087940216,0.6513884707135743,-147.54200744628906,13.303993225097656,43177
H1,TCN,20260803,test,SYG1_10LCH11CT101,#1 高加汽侧疏水温度,℃,0.993741512298584,1.074485440527899,0.8318560719490051,0.2299561500549316,0.6793200083377724,211.4949951171875,281.7899780273437,43177
H1,TCN,20260803,test,SYG1_10LAB61CT101,#1 高压给水加热器出口温度,℃,0.9935241937637328,1.147470027806413,0.886894166469574,-0.0261260494589805,0.6535655557356926,242.05099487304688,316.15997314453125,43177
