task,split,algorithm,target_tag,name_cn,unit,group,r2,rmse,mae,train_actual_min,train_actual_max,actual_min,actual_max,pred_min,pred_max,samples,first_time,last_time
2024-05训练_2024-06测试,train,ANN,SYG1_10MAA50CP101,超高压缸叶片级压力#1,MPa,Y1_VHP本体,0.9945403337478638,0.3634214848395279,0.2563804090023041,6.232999801635742,23.177000045776367,6.232999801635742,23.177000045776367,6.3489274978637695,22.546306610107422,43759,2024-05-01 00:23:00,2024-05-31 23:59:00
2024-05训练_2024-06测试,train,GRU-RNN,SYG1_10MAA50CP101,超高压缸叶片级压力#1,MPa,Y1_VHP本体,0.9989430904388428,0.15990033870794448,0.11108607798814774,6.232999801635742,23.177000045776367,6.232999801635742,23.177000045776367,6.030900001525879,22.644407272338867,43759,2024-05-01 00:23:00,2024-05-31 23:59:00
2024-05训练_2024-06测试,train,TCN,SYG1_10MAA50CP101,超高压缸叶片级压力#1,MPa,Y1_VHP本体,0.9972248673439026,0.2591008161916211,0.19278377294540405,6.232999801635742,23.177000045776367,6.232999801635742,23.177000045776367,6.425187110900879,22.550966262817383,43759,2024-05-01 00:23:00,2024-05-31 23:59:00
2024-05训练_2024-06测试,train,iTransformer-small,SYG1_10MAA50CP101,超高压缸叶片级压力#1,MPa,Y1_VHP本体,0.9987688064575195,0.17258040933059923,0.1282855123281479,6.232999801635742,23.177000045776367,6.232999801635742,23.177000045776367,6.313612937927246,22.87236976623535,43759,2024-05-01 00:23:00,2024-05-31 23:59:00
2024-05训练_2024-06测试,train,ANN,SYG1_10MAA50CP102,超高压缸叶片级压力#2,MPa,Y1_VHP本体,0.9958902597427368,0.3152379022753089,0.21155014634132385,6.230999946594238,23.18600082397461,6.230999946594238,23.18600082397461,6.356359481811523,22.34044647216797,43759,2024-05-01 00:23:00,2024-05-31 23:59:00
2024-05训练_2024-06测试,train,GRU-RNN,SYG1_10MAA50CP102,超高压缸叶片级压力#2,MPa,Y1_VHP本体,0.9988126754760742,0.16943916179731358,0.12200116366147995,6.230999946594238,23.18600082397461,6.230999946594238,23.18600082397461,5.89668083190918,22.758588790893555,43759,2024-05-01 00:23:00,2024-05-31 23:59:00
2024-05训练_2024-06测试,train,TCN,SYG1_10MAA50CP102,超高压缸叶片级压力#2,MPa,Y1_VHP本体,0.9975366592407227,0.24405974001917427,0.1796564757823944,6.230999946594238,23.18600082397461,6.230999946594238,23.18600082397461,6.367136001586914,22.57958221435547,43759,2024-05-01 00:23:00,2024-05-31 23:59:00
2024-05训练_2024-06测试,train,iTransformer-small,SYG1_10MAA50CP102,超高压缸叶片级压力#2,MPa,Y1_VHP本体,0.9987615346908569,0.17305227792197317,0.12899130582809448,6.230999946594238,23.18600082397461,6.230999946594238,23.18600082397461,6.418475151062012,22.87165069580078,43759,2024-05-01 00:23:00,2024-05-31 23:59:00
2024-05训练_2024-06测试,train,ANN,SYG1_10MAA50CP103,超高压缸叶片级压力#3,MPa,Y1_VHP本体,0.9959628582000732,0.3124460412170689,0.20843374729156494,6.25600004196167,23.163000106811523,6.256000518798828,23.163000106811523,6.404056549072266,22.412363052368164,43759,2024-05-01 00:23:00,2024-05-31 23:59:00
2024-05训练_2024-06测试,train,GRU-RNN,SYG1_10MAA50CP103,超高压缸叶片级压力#3,MPa,Y1_VHP本体,0.9984664916992188,0.19256712706075943,0.14251133799552917,6.25600004196167,23.163000106811523,6.256000518798828,23.163000106811523,4.791913986206055,22.683025360107422,43759,2024-05-01 00:23:00,2024-05-31 23:59:00
2024-05训练_2024-06测试,train,TCN,SYG1_10MAA50CP103,超高压缸叶片级压力#3,MPa,Y1_VHP本体,0.9973382353782654,0.25370077475499786,0.18951432406902313,6.25600004196167,23.163000106811523,6.256000518798828,23.163000106811523,6.290389060974121,22.607423782348633,43759,2024-05-01 00:23:00,2024-05-31 23:59:00
2024-05训练_2024-06测试,train,iTransformer-small,SYG1_10MAA50CP103,超高压缸叶片级压力#3,MPa,Y1_VHP本体,0.9987673163414001,0.17264797052753283,0.12735846638679504,6.25600004196167,23.163000106811523,6.256000518798828,23.163000106811523,6.327237129211426,22.811317443847656,43759,2024-05-01 00:23:00,2024-05-31 23:59:00
2024-05训练_2024-06测试,train,ANN,SYG1_10MAA50CT121A,超高压排汽蒸汽温度#1,℃,Y1_VHP本体,0.9462825059890747,0.9984344506254478,0.7532463073730469,386.45599365234375,432.7799987792969,386.45599365234375,432.7799987792969,397.9084167480469,424.1690979003906,43759,2024-05-01 00:23:00,2024-05-31 23:59:00
2024-05训练_2024-06测试,train,GRU-RNN,SYG1_10MAA50CT121A,超高压排汽蒸汽温度#1,℃,Y1_VHP本体,0.9734678864479065,0.7016936462097828,0.5403476357460022,386.45599365234375,432.7799987792969,386.45599365234375,432.7799987792969,393.1440734863281,428.82183837890625,43759,2024-05-01 00:23:00,2024-05-31 23:59:00
2024-05训练_2024-06测试,train,TCN,SYG1_10MAA50CT121A,超高压排汽蒸汽温度#1,℃,Y1_VHP本体,0.9666491150856018,0.7867111069308941,0.5991249084472656,386.45599365234375,432.7799987792969,386.45599365234375,432.7799987792969,395.26116943359375,429.0561828613281,43759,2024-05-01 00:23:00,2024-05-31 23:59:00
2024-05训练_2024-06测试,train,iTransformer-small,SYG1_10MAA50CT121A,超高压排汽蒸汽温度#1,℃,Y1_VHP本体,0.9566014409065247,0.8974277295100723,0.6753894090652466,386.45599365234375,432.7799987792969,386.45599365234375,432.7799987792969,394.7510986328125,428.30267333984375,43759,2024-05-01 00:23:00,2024-05-31 23:59:00
2024-05训练_2024-06测试,train,ANN,SYG1_10MAA50CT122A,超高压排汽蒸汽温度#2,℃,Y1_VHP本体,0.9383938312530518,1.0656263692628896,0.8019755482673645,381.27899169921875,429.37298583984375,381.27899169921875,429.37298583984375,396.0906677246094,421.1705322265625,43759,2024-05-01 00:23:00,2024-05-31 23:59:00
2024-05训练_2024-06测试,train,GRU-RNN,SYG1_10MAA50CT122A,超高压排汽蒸汽温度#2,℃,Y1_VHP本体,0.969819188117981,0.7458615965434021,0.5753088593482971,381.27899169921875,429.37298583984375,381.27899169921875,429.37298583984375,389.9829406738281,425.9400329589844,43759,2024-05-01 00:23:00,2024-05-31 23:59:00
2024-05训练_2024-06测试,train,TCN,SYG1_10MAA50CT122A,超高压排汽蒸汽温度#2,℃,Y1_VHP本体,0.9615312218666077,0.8420678430598815,0.6419554352760315,381.27899169921875,429.37298583984375,381.27899169921875,429.37298583984375,392.1120910644531,425.5206298828125,43759,2024-05-01 00:23:00,2024-05-31 23:59:00
2024-05训练_2024-06测试,train,iTransformer-small,SYG1_10MAA50CT122A,超高压排汽蒸汽温度#2,℃,Y1_VHP本体,0.9531907439231873,0.9288781754572007,0.7023566365242004,381.27899169921875,429.37298583984375,381.27899169921875,429.37298583984375,391.80743408203125,425.5879821777344,43759,2024-05-01 00:23:00,2024-05-31 23:59:00
2024-05训练_2024-06测试,train,ANN,SYG1_10MAA50CT123A,超高压排汽蒸汽温度#3,℃,Y1_VHP本体,0.9357195496559143,1.091364739187711,0.8174830079078674,383.8399963378906,431.1929931640625,383.8399963378906,431.1929931640625,396.88482666015625,422.1213684082031,43759,2024-05-01 00:23:00,2024-05-31 23:59:00
2024-05训练_2024-06测试,train,GRU-RNN,SYG1_10MAA50CT123A,超高压排汽蒸汽温度#3,℃,Y1_VHP本体,0.9676707983016968,0.7739765716156282,0.5955408811569214,383.8399963378906,431.1929931640625,383.8399963378906,431.1929931640625,391.8070983886719,427.27642822265625,43759,2024-05-01 00:23:00,2024-05-31 23:59:00
2024-05训练_2024-06测试,train,TCN,SYG1_10MAA50CT123A,超高压排汽蒸汽温度#3,℃,Y1_VHP本体,0.9610720276832581,0.8493004949929607,0.6481767892837524,383.8399963378906,431.1929931640625,383.8399963378906,431.1929931640625,393.78607177734375,427.45465087890625,43759,2024-05-01 00:23:00,2024-05-31 23:59:00
2024-05训练_2024-06测试,train,iTransformer-small,SYG1_10MAA50CT123A,超高压排汽蒸汽温度#3,℃,Y1_VHP本体,0.9534192085266113,0.9290385826565951,0.7015736103057861,383.8399963378906,431.1929931640625,383.8399963378906,431.1929931640625,393.30120849609375,427.52679443359375,43759,2024-05-01 00:23:00,2024-05-31 23:59:00
2024-05训练_2024-06测试,train,ANN,SYG1_10LBC01CP101,超高压缸A侧排汽垂直管压力,MPa,Y1_VHP本体,0.9931614398956299,0.19835339325715767,0.13270729780197144,3.1449999809265137,11.274999618530273,3.1449999809265137,11.274999618530273,3.01646089553833,10.943890571594238,43759,2024-05-01 00:23:00,2024-05-31 23:59:00
2024-05训练_2024-06测试,train,GRU-RNN,SYG1_10LBC01CP101,超高压缸A侧排汽垂直管压力,MPa,Y1_VHP本体,0.998779833316803,0.0837843892543761,0.059667687863111496,3.1449999809265137,11.274999618530273,3.1449999809265137,11.274999618530273,2.6895856857299805,11.01751708984375,43759,2024-05-01 00:23:00,2024-05-31 23:59:00
2024-05训练_2024-06测试,train,TCN,SYG1_10LBC01CP101,超高压缸A侧排汽垂直管压力,MPa,Y1_VHP本体,0.9977552890777588,0.11364198255600053,0.08235587924718857,3.1449999809265137,11.274999618530273,3.1449999809265137,11.274999618530273,3.1152524948120117,10.962141036987305,43759,2024-05-01 00:23:00,2024-05-31 23:59:00
2024-05训练_2024-06测试,train,iTransformer-small,SYG1_10LBC01CP101,超高压缸A侧排汽垂直管压力,MPa,Y1_VHP本体,0.9990444183349609,0.07414603749708706,0.055229540914297104,3.1449999809265137,11.274999618530273,3.1449999809265137,11.274999618530273,3.06890869140625,11.078836441040039,43759,2024-05-01 00:23:00,2024-05-31 23:59:00
2024-05训练_2024-06测试,train,ANN,SYG1_10LBC02CP101,超高压缸B侧排汽垂直管压力,MPa,Y1_VHP本体,0.9947770833969116,0.17447584004338632,0.11013716459274292,3.1540000438690186,11.347000122070312,3.1539998054504395,11.347000122070312,3.035447120666504,10.947731018066406,43759,2024-05-01 00:23:00,2024-05-31 23:59:00
2024-05训练_2024-06测试,train,GRU-RNN,SYG1_10LBC02CP101,超高压缸B侧排汽垂直管压力,MPa,Y1_VHP本体,0.9985392093658447,0.09227195524227132,0.0670710951089859,3.1540000438690186,11.347000122070312,3.1539998054504395,11.347000122070312,2.9272098541259766,11.046963691711426,43759,2024-05-01 00:23:00,2024-05-31 23:59:00
2024-05训练_2024-06测试,train,TCN,SYG1_10LBC02CP101,超高压缸B侧排汽垂直管压力,MPa,Y1_VHP本体,0.9978066682815552,0.11306576952521875,0.08145280927419662,3.1540000438690186,11.347000122070312,3.1539998054504395,11.347000122070312,3.0751991271972656,11.026504516601562,43759,2024-05-01 00:23:00,2024-05-31 23:59:00
2024-05训练_2024-06测试,train,iTransformer-small,SYG1_10LBC02CP101,超高压缸B侧排汽垂直管压力,MPa,Y1_VHP本体,0.9991238117218018,0.07146366502071763,0.05356186628341675,3.1540000438690186,11.347000122070312,3.1539998054504395,11.347000122070312,3.111618995666504,11.136995315551758,43759,2024-05-01 00:23:00,2024-05-31 23:59:00
2024-05训练_2024-06测试,train,ANN,SYG1_10LBC01CT101,超高压缸A侧排汽垂直管温度,℃,Y1_VHP本体,0.9551769495010376,0.9670937438781424,0.6869851350784302,382.9989929199219,434.29901123046875,382.9989929199219,434.29901123046875,397.1459655761719,426.7821350097656,43759,2024-05-01 00:23:00,2024-05-31 23:59:00
2024-05训练_2024-06测试,train,GRU-RNN,SYG1_10LBC01CT101,超高压缸A侧排汽垂直管温度,℃,Y1_VHP本体,0.9806742072105408,0.6350185653270405,0.4809139668941498,382.9989929199219,434.29901123046875,382.9989929199219,434.29901123046875,392.0569763183594,431.19329833984375,43759,2024-05-01 00:23:00,2024-05-31 23:59:00
2024-05训练_2024-06测试,train,TCN,SYG1_10LBC01CT101,超高压缸A侧排汽垂直管温度,℃,Y1_VHP本体,0.9758798480033875,0.7094273720116547,0.5291772484779358,382.9989929199219,434.29901123046875,382.9989929199219,434.29901123046875,392.2818298339844,430.8666076660156,43759,2024-05-01 00:23:00,2024-05-31 23:59:00
2024-05训练_2024-06测试,train,iTransformer-small,SYG1_10LBC01CT101,超高压缸A侧排汽垂直管温度,℃,Y1_VHP本体,0.9654286503791809,0.8493293739285944,0.6388792991638184,382.9989929199219,434.29901123046875,382.9989929199219,434.29901123046875,393.1823425292969,431.5442810058594,43759,2024-05-01 00:23:00,2024-05-31 23:59:00
2024-05训练_2024-06测试,train,ANN,SYG1_10LBC02CT101,超高压缸B侧排汽垂直管温度,℃,Y1_VHP本体,0.9544984698295593,0.9696981035956523,0.7026296257972717,386.86700439453125,437.12799072265625,386.86700439453125,437.12799072265625,399.9833679199219,430.2010498046875,43759,2024-05-01 00:23:00,2024-05-31 23:59:00
2024-05训练_2024-06测试,train,GRU-RNN,SYG1_10LBC02CT101,超高压缸B侧排汽垂直管温度,℃,Y1_VHP本体,0.9801630973815918,0.6402664111386454,0.48572638630867004,386.86700439453125,437.12799072265625,386.86700439453125,437.12799072265625,395.02777099609375,434.3238220214844,43759,2024-05-01 00:23:00,2024-05-31 23:59:00
2024-05训练_2024-06测试,train,TCN,SYG1_10LBC02CT101,超高压缸B侧排汽垂直管温度,℃,Y1_VHP本体,0.9750783443450928,0.7176487820911778,0.5427286028862,386.86700439453125,437.12799072265625,386.86700439453125,437.12799072265625,395.65057373046875,434.0118713378906,43759,2024-05-01 00:23:00,2024-05-31 23:59:00
2024-05训练_2024-06测试,train,iTransformer-small,SYG1_10LBC02CT101,超高压缸B侧排汽垂直管温度,℃,Y1_VHP本体,0.9635762572288513,0.8675927254978173,0.654848039150238,386.86700439453125,437.12799072265625,386.86700439453125,437.12799072265625,396.1645202636719,434.4779052734375,43759,2024-05-01 00:23:00,2024-05-31 23:59:00
2024-05训练_2024-06测试,train,ANN,SYG1_10LBQ10CP101,一级抽汽口压力,MPa,Y2_一级抽汽接口,0.9955497980117798,0.1588866690440414,0.10445654392242432,3.115000009536743,11.196000099182129,3.114999771118164,11.196000099182129,3.026658535003662,10.850483894348145,43759,2024-05-01 00:23:00,2024-05-31 23:59:00
2024-05训练_2024-06测试,train,GRU-RNN,SYG1_10LBQ10CP101,一级抽汽口压力,MPa,Y2_一级抽汽接口,0.9986608028411865,0.08716169986068334,0.06319978088140488,3.115000009536743,11.196000099182129,3.114999771118164,11.196000099182129,2.740910053253174,11.097116470336914,43759,2024-05-01 00:23:00,2024-05-31 23:59:00
2024-05训练_2024-06测试,train,TCN,SYG1_10LBQ10CP101,一级抽汽口压力,MPa,Y2_一级抽汽接口,0.9979103207588196,0.10887773331316342,0.07896994799375534,3.115000009536743,11.196000099182129,3.114999771118164,11.196000099182129,3.0646004676818848,10.868083953857422,43759,2024-05-01 00:23:00,2024-05-31 23:59:00
2024-05训练_2024-06测试,train,iTransformer-small,SYG1_10LBQ10CP101,一级抽汽口压力,MPa,Y2_一级抽汽接口,0.9991601705551147,0.06902352319570683,0.05188495293259621,3.115000009536743,11.196000099182129,3.114999771118164,11.196000099182129,3.0624074935913086,11.024555206298828,43759,2024-05-01 00:23:00,2024-05-31 23:59:00
2024-05训练_2024-06测试,train,ANN,SYG1_10LBQ10CT101A,一级抽汽口温度,℃,Y2_一级抽汽接口,0.9543341398239136,0.950590641471741,0.6921427845954895,386.5119934082031,436.0530090332031,386.5119934082031,436.0530090332031,399.962890625,428.51318359375,43759,2024-05-01 00:23:00,2024-05-31 23:59:00
2024-05训练_2024-06测试,train,GRU-RNN,SYG1_10LBQ10CT101A,一级抽汽口温度,℃,Y2_一级抽汽接口,0.9810692071914673,0.6120438453638481,0.4656561613082886,386.5119934082031,436.0530090332031,386.5119934082031,436.0530090332031,395.7052001953125,433.5251770019531,43759,2024-05-01 00:23:00,2024-05-31 23:59:00
2024-05训练_2024-06测试,train,TCN,SYG1_10LBQ10CT101A,一级抽汽口温度,℃,Y2_一级抽汽接口,0.9765363335609436,0.6813899456436202,0.5147168636322021,386.5119934082031,436.0530090332031,386.5119934082031,436.0530090332031,395.92559814453125,433.3018798828125,43759,2024-05-01 00:23:00,2024-05-31 23:59:00
2024-05训练_2024-06测试,train,iTransformer-small,SYG1_10LBQ10CT101A,一级抽汽口温度,℃,Y2_一级抽汽接口,0.9660596251487732,0.819513276724013,0.6187312602996826,386.5119934082031,436.0530090332031,386.5119934082031,436.0530090332031,396.2425231933594,433.7060852050781,43759,2024-05-01 00:23:00,2024-05-31 23:59:00
2024-05训练_2024-06测试,train,ANN,SYG1_10LBQ10CT102,一级抽汽逆止门前水平管管顶温度,℃,Y2_一级抽汽接口,0.9471608996391296,1.004629742755353,0.7296313047409058,383.81500244140625,432.1239929199219,383.81500244140625,432.1239929199219,397.63311767578125,425.647705078125,43759,2024-05-01 00:23:00,2024-05-31 23:59:00
2024-05训练_2024-06测试,train,GRU-RNN,SYG1_10LBQ10CT102,一级抽汽逆止门前水平管管顶温度,℃,Y2_一级抽汽接口,0.9818785190582275,0.5883356482088333,0.4497339129447937,383.81500244140625,432.1239929199219,383.81500244140625,432.1239929199219,392.3977966308594,429.8575744628906,43759,2024-05-01 00:23:00,2024-05-31 23:59:00
2024-05训练_2024-06测试,train,TCN,SYG1_10LBQ10CT102,一级抽汽逆止门前水平管管顶温度,℃,Y2_一级抽汽接口,0.9771613478660583,0.660486353217044,0.49940359592437744,383.81500244140625,432.1239929199219,383.81500244140625,432.1239929199219,393.0389709472656,429.47235107421875,43759,2024-05-01 00:23:00,2024-05-31 23:59:00
2024-05训练_2024-06测试,train,iTransformer-small,SYG1_10LBQ10CT102,一级抽汽逆止门前水平管管顶温度,℃,Y2_一级抽汽接口,0.9664276242256165,0.8007917822168469,0.6023930311203003,383.81500244140625,432.1239929199219,383.81500244140625,432.1239929199219,393.3258361816406,430.14947509765625,43759,2024-05-01 00:23:00,2024-05-31 23:59:00
2024-05训练_2024-06测试,train,ANN,SYG1_10LBQ10CT103,一级抽汽逆止门前水平管管底温度,℃,Y2_一级抽汽接口,0.9488901495933533,1.0007606236210562,0.72193443775177,383.2900085449219,431.9469909667969,383.2900085449219,431.9469909667969,396.76983642578125,425.1572265625,43759,2024-05-01 00:23:00,2024-05-31 23:59:00
2024-05训练_2024-06测试,train,GRU-RNN,SYG1_10LBQ10CT103,一级抽汽逆止门前水平管管底温度,℃,Y2_一级抽汽接口,0.982917845249176,0.5785611028523557,0.44189292192459106,383.2900085449219,431.9469909667969,383.2900085449219,431.9469909667969,392.1923828125,430.02130126953125,43759,2024-05-01 00:23:00,2024-05-31 23:59:00
2024-05训练_2024-06测试,train,TCN,SYG1_10LBQ10CT103,一级抽汽逆止门前水平管管底温度,℃,Y2_一级抽汽接口,0.9777238965034485,0.6606897985678032,0.49933648109436035,383.2900085449219,431.9469909667969,383.2900085449219,431.9469909667969,392.484130859375,428.68597412109375,43759,2024-05-01 00:23:00,2024-05-31 23:59:00
2024-05训练_2024-06测试,train,iTransformer-small,SYG1_10LBQ10CT103,一级抽汽逆止门前水平管管底温度,℃,Y2_一级抽汽接口,0.9677671194076538,0.7947443733460142,0.6008399724960327,383.2900085449219,431.9469909667969,383.2900085449219,431.9469909667969,393.1528015136719,430.3441467285156,43759,2024-05-01 00:23:00,2024-05-31 23:59:00
2024-05训练_2024-06测试,train,ANN,SYG1_10LBQ10CT104,一级抽汽逆止门后水平管管顶温度,℃,Y2_一级抽汽接口,0.9450938105583191,0.9975859889872836,0.7296933531761169,383.2340087890625,432.09100341796875,383.2340087890625,432.09100341796875,397.0587158203125,424.4850769042969,43759,2024-05-01 00:23:00,2024-05-31 23:59:00
2024-05训练_2024-06测试,train,GRU-RNN,SYG1_10LBQ10CT104,一级抽汽逆止门后水平管管顶温度,℃,Y2_一级抽汽接口,0.9795399308204651,0.6089660054507786,0.4645859897136688,383.2340087890625,432.09100341796875,383.2340087890625,432.09100341796875,392.3609619140625,428.78765869140625,43759,2024-05-01 00:23:00,2024-05-31 23:59:00
2024-05训练_2024-06测试,train,TCN,SYG1_10LBQ10CT104,一级抽汽逆止门后水平管管顶温度,℃,Y2_一级抽汽接口,0.9758276343345642,0.6619103506732151,0.5000886917114258,383.2340087890625,432.09100341796875,383.2340087890625,432.09100341796875,392.5518798828125,429.3873291015625,43759,2024-05-01 00:23:00,2024-05-31 23:59:00
2024-05训练_2024-06测试,train,iTransformer-small,SYG1_10LBQ10CT104,一级抽汽逆止门后水平管管顶温度,℃,Y2_一级抽汽接口,0.9637200832366943,0.8109105776395282,0.6096813082695007,383.2340087890625,432.09100341796875,383.2340087890625,432.09100341796875,393.4674377441406,429.2769470214844,43759,2024-05-01 00:23:00,2024-05-31 23:59:00
2024-05训练_2024-06测试,train,ANN,SYG1_10LBQ10CT105,一级抽汽逆止门后水平管管底温度,℃,Y2_一级抽汽接口,0.9467464685440063,1.0166451246032597,0.7295464873313904,382.85400390625,431.281005859375,382.85400390625,431.281005859375,396.1510009765625,424.442626953125,43759,2024-05-01 00:23:00,2024-05-31 23:59:00
2024-05训练_2024-06测试,train,GRU-RNN,SYG1_10LBQ10CT105,一级抽汽逆止门后水平管管底温度,℃,Y2_一级抽汽接口,0.9826864004135132,0.5796803867284099,0.44347527623176575,382.85400390625,431.281005859375,382.85400390625,431.281005859375,391.84979248046875,429.2287902832031,43759,2024-05-01 00:23:00,2024-05-31 23:59:00
2024-05训练_2024-06测试,train,TCN,SYG1_10LBQ10CT105,一级抽汽逆止门后水平管管底温度,℃,Y2_一级抽汽接口,0.977803111076355,0.6563588006790811,0.4965778887271881,382.85400390625,431.281005859375,382.85400390625,431.281005859375,392.4642028808594,428.5027160644531,43759,2024-05-01 00:23:00,2024-05-31 23:59:00
2024-05训练_2024-06测试,train,iTransformer-small,SYG1_10LBQ10CT105,一级抽汽逆止门后水平管管底温度,℃,Y2_一级抽汽接口,0.9672436118125916,0.7973397713423073,0.6018543839454651,382.85400390625,431.281005859375,382.85400390625,431.281005859375,392.6519470214844,429.67083740234375,43759,2024-05-01 00:23:00,2024-05-31 23:59:00
2024-05训练_2024-06测试,train,ANN,SYG1_10LBQ10CP102,1号高加入口抽汽压力,MPa,Y2_一级抽汽接口,0.9951571822166443,0.1613809005092936,0.10304272919893265,3.1679999828338623,11.003999710083008,3.1680002212524414,11.003999710083008,3.0889573097229004,10.644777297973633,43759,2024-05-01 00:23:00,2024-05-31 23:59:00
2024-05训练_2024-06测试,train,GRU-RNN,SYG1_10LBQ10CP102,1号高加入口抽汽压力,MPa,Y2_一级抽汽接口,0.9988608360290527,0.07827066015331915,0.05525890737771988,3.1679999828338623,11.003999710083008,3.1680002212524414,11.003999710083008,2.8234124183654785,10.827028274536133,43759,2024-05-01 00:23:00,2024-05-31 23:59:00
2024-05训练_2024-06测试,train,TCN,SYG1_10LBQ10CP102,1号高加入口抽汽压力,MPa,Y2_一级抽汽接口,0.9980913996696472,0.10131189256735443,0.07422642409801483,3.1679999828338623,11.003999710083008,3.1680002212524414,11.003999710083008,3.0856213569641113,10.720802307128906,43759,2024-05-01 00:23:00,2024-05-31 23:59:00
2024-05训练_2024-06测试,train,iTransformer-small,SYG1_10LBQ10CP102,1号高加入口抽汽压力,MPa,Y2_一级抽汽接口,0.99918532371521,0.06619063603461561,0.04973885416984558,3.1679999828338623,11.003999710083008,3.1680002212524414,11.003999710083008,3.0873184204101562,10.873826026916504,43759,2024-05-01 00:23:00,2024-05-31 23:59:00
2024-05训练_2024-06测试,train,ANN,SYG1_10LBQ10CT106,1号高加入口抽汽温度,℃,Y2_一级抽汽接口,0.9405530691146851,1.0281667567530461,0.7478529810905457,383.2340087890625,432.2349853515625,383.2340087890625,432.2349853515625,397.9263610839844,425.1795959472656,43759,2024-05-01 00:23:00,2024-05-31 23:59:00
2024-05训练_2024-06测试,train,GRU-RNN,SYG1_10LBQ10CT106,1号高加入口抽汽温度,℃,Y2_一级抽汽接口,0.9795069098472595,0.6036738709813816,0.4625779986381531,383.2340087890625,432.2349853515625,383.2340087890625,432.2349853515625,391.637451171875,429.693603515625,43759,2024-05-01 00:23:00,2024-05-31 23:59:00
2024-05训练_2024-06测试,train,TCN,SYG1_10LBQ10CT106,1号高加入口抽汽温度,℃,Y2_一级抽汽接口,0.9748609066009521,0.6686110057953112,0.506106972694397,383.2340087890625,432.2349853515625,383.2340087890625,432.2349853515625,392.8882751464844,429.6911315917969,43759,2024-05-01 00:23:00,2024-05-31 23:59:00
2024-05训练_2024-06测试,train,iTransformer-small,SYG1_10LBQ10CT106,1号高加入口抽汽温度,℃,Y2_一级抽汽接口,0.9620121121406555,0.8219045176844041,0.6178452968597412,383.2340087890625,432.2349853515625,383.2340087890625,432.2349853515625,393.8511657714844,429.32135009765625,43759,2024-05-01 00:23:00,2024-05-31 23:59:00
2024-05训练_2024-06测试,train,ANN,SYG1_10LBC20CT101,一次低温再热逆止阀前母管管底温度,℃,Y3_VHP至RH1接口,0.944210410118103,1.0548665212649166,0.7719697952270508,387.16900634765625,434.68798828125,387.16900634765625,434.68798828125,399.654052734375,427.3227844238281,43759,2024-05-01 00:23:00,2024-05-31 23:59:00
2024-05训练_2024-06测试,train,GRU-RNN,SYG1_10LBC20CT101,一次低温再热逆止阀前母管管底温度,℃,Y3_VHP至RH1接口,0.9814025163650513,0.6090432266466259,0.4699464440345764,387.16900634765625,434.68798828125,387.16900634765625,434.68798828125,395.1612548828125,431.4804992675781,43759,2024-05-01 00:23:00,2024-05-31 23:59:00
2024-05训练_2024-06测试,train,TCN,SYG1_10LBC20CT101,一次低温再热逆止阀前母管管底温度,℃,Y3_VHP至RH1接口,0.977120041847229,0.6755362711612752,0.5114148855209351,387.16900634765625,434.68798828125,387.16900634765625,434.68798828125,396.1494140625,430.25848388671875,43759,2024-05-01 00:23:00,2024-05-31 23:59:00
2024-05训练_2024-06测试,train,iTransformer-small,SYG1_10LBC20CT101,一次低温再热逆止阀前母管管底温度,℃,Y3_VHP至RH1接口,0.9679065942764282,0.8000710291920786,0.6056250333786011,387.16900634765625,434.68798828125,387.16900634765625,434.68798828125,395.03350830078125,432.3218688964844,43759,2024-05-01 00:23:00,2024-05-31 23:59:00
2024-05训练_2024-06测试,train,ANN,SYG1_10LBC20CT103,一次低温再热逆止阀后水平管管顶温度,℃,Y3_VHP至RH1接口,0.9497920870780945,0.995938576972123,0.7273992300033569,385.71600341796875,433.8219909667969,385.71600341796875,433.8219909667969,397.8008728027344,426.14630126953125,43759,2024-05-01 00:23:00,2024-05-31 23:59:00
2024-05训练_2024-06测试,train,GRU-RNN,SYG1_10LBC20CT103,一次低温再热逆止阀后水平管管顶温度,℃,Y3_VHP至RH1接口,0.981443464756012,0.6054725646852487,0.4652606248855591,385.71600341796875,433.8219909667969,385.71600341796875,433.8219909667969,393.7675476074219,430.79180908203125,43759,2024-05-01 00:23:00,2024-05-31 23:59:00
2024-05训练_2024-06测试,train,TCN,SYG1_10LBC20CT103,一次低温再热逆止阀后水平管管顶温度,℃,Y3_VHP至RH1接口,0.9779536128044128,0.6599560721907564,0.500848114490509,385.71600341796875,433.8219909667969,385.71600341796875,433.8219909667969,394.6603088378906,430.18133544921875,43759,2024-05-01 00:23:00,2024-05-31 23:59:00
2024-05训练_2024-06测试,train,iTransformer-small,SYG1_10LBC20CT103,一次低温再热逆止阀后水平管管顶温度,℃,Y3_VHP至RH1接口,0.9677258133888245,0.7984984820643493,0.6048825979232788,385.71600341796875,433.8219909667969,385.71600341796875,433.8219909667969,394.218505859375,431.5621643066406,43759,2024-05-01 00:23:00,2024-05-31 23:59:00
2024-05训练_2024-06测试,train,ANN,SYG1_10LBC20CT104,一次低温再热逆止阀后水平管管底温度,℃,Y3_VHP至RH1接口,0.933678388595581,1.1257095218762352,0.8207406997680664,390.68798828125,435.25299072265625,390.68798828125,435.25299072265625,401.90496826171875,428.3288269042969,43759,2024-05-01 00:23:00,2024-05-31 23:59:00
2024-05训练_2024-06测试,train,GRU-RNN,SYG1_10LBC20CT104,一次低温再热逆止阀后水平管管底温度,℃,Y3_VHP至RH1接口,0.9832527041435242,0.5656802819566694,0.4322607219219208,390.68798828125,435.25299072265625,390.68798828125,435.25299072265625,398.3269348144531,433.2073974609375,43759,2024-05-01 00:23:00,2024-05-31 23:59:00
2024-05训练_2024-06测试,train,TCN,SYG1_10LBC20CT104,一次低温再热逆止阀后水平管管底温度,℃,Y3_VHP至RH1接口,0.9784145951271057,0.6422123897212112,0.48646751046180725,390.68798828125,435.25299072265625,390.68798828125,435.25299072265625,398.7908630371094,431.80322265625,43759,2024-05-01 00:23:00,2024-05-31 23:59:00
2024-05训练_2024-06测试,train,iTransformer-small,SYG1_10LBC20CT104,一次低温再热逆止阀后水平管管底温度,℃,Y3_VHP至RH1接口,0.9674670100212097,0.7884254149827313,0.5983487367630005,390.68798828125,435.25299072265625,390.68798828125,435.25299072265625,397.3152770996094,433.8644104003906,43759,2024-05-01 00:23:00,2024-05-31 23:59:00
2024-05训练_2024-06测试,train,ANN,SYG1_10MAA50CT111A,超高压内缸壁温90%处#1,℃,Y4_VHP缸体与内部蒸汽,0.7411614656448364,2.7864287092589013,2.2367773056030273,539.2689819335938,589.6500244140625,539.2689819335938,589.6500244140625,553.8267822265625,581.6307983398438,43759,2024-05-01 00:23:00,2024-05-31 23:59:00
2024-05训练_2024-06测试,train,GRU-RNN,SYG1_10MAA50CT111A,超高压内缸壁温90%处#1,℃,Y4_VHP缸体与内部蒸汽,0.8312364816665649,2.249949242761094,1.837714433670044,539.2689819335938,589.6500244140625,539.2689819335938,589.6500244140625,549.2388916015625,585.2654418945312,43759,2024-05-01 00:23:00,2024-05-31 23:59:00
2024-05训练_2024-06测试,train,TCN,SYG1_10MAA50CT111A,超高压内缸壁温90%处#1,℃,Y4_VHP缸体与内部蒸汽,0.8033584952354431,2.42868394150281,1.978189468383789,539.2689819335938,589.6500244140625,539.2689819335938,589.6500244140625,549.8909912109375,586.9767456054688,43759,2024-05-01 00:23:00,2024-05-31 23:59:00
2024-05训练_2024-06测试,train,iTransformer-small,SYG1_10MAA50CT111A,超高压内缸壁温90%处#1,℃,Y4_VHP缸体与内部蒸汽,0.7918173670768738,2.4989390983228192,2.0316200256347656,539.2689819335938,589.6500244140625,539.2689819335938,589.6500244140625,547.2653198242188,588.7632446289062,43759,2024-05-01 00:23:00,2024-05-31 23:59:00
2024-05训练_2024-06测试,train,ANN,SYG1_10MAA50CT112A,超高压内缸壁温90%处#2,℃,Y4_VHP缸体与内部蒸汽,0.9650628566741943,1.220051877060109,0.909267783164978,553.489013671875,610.7780151367188,553.489013671875,610.7780151367188,563.0558471679688,596.2117309570312,43759,2024-05-01 00:23:00,2024-05-31 23:59:00
2024-05训练_2024-06测试,train,GRU-RNN,SYG1_10MAA50CT112A,超高压内缸壁温90%处#2,℃,Y4_VHP缸体与内部蒸汽,0.9904493093490601,0.6378994157959792,0.48492729663848877,553.489013671875,610.7780151367188,553.489013671875,610.7780151367188,559.677490234375,602.9454956054688,43759,2024-05-01 00:23:00,2024-05-31 23:59:00
2024-05训练_2024-06测试,train,TCN,SYG1_10MAA50CT112A,超高压内缸壁温90%处#2,℃,Y4_VHP缸体与内部蒸汽,0.9856792092323303,0.7811214341234702,0.5891194343566895,553.489013671875,610.7780151367188,553.489013671875,610.7780151367188,560.368408203125,600.1753540039062,43759,2024-05-01 00:23:00,2024-05-31 23:59:00
2024-05训练_2024-06测试,train,iTransformer-small,SYG1_10MAA50CT112A,超高压内缸壁温90%处#2,℃,Y4_VHP缸体与内部蒸汽,0.978600800037384,0.9548460633604591,0.7082216143608093,553.489013671875,610.7780151367188,553.489013671875,610.7780151367188,556.6852416992188,607.0145263671875,43759,2024-05-01 00:23:00,2024-05-31 23:59:00
2024-05训练_2024-06测试,train,ANN,SYG1_10MAA50CT131A,超高压缸蒸汽温度100%,℃,Y4_VHP缸体与内部蒸汽,0.9093135595321655,1.6670285865103807,1.2670303583145142,505.4859924316406,543.5609741210938,505.48602294921875,543.5609741210938,510.7832946777344,537.3385009765625,43759,2024-05-01 00:23:00,2024-05-31 23:59:00
2024-05训练_2024-06测试,train,GRU-RNN,SYG1_10MAA50CT131A,超高压缸蒸汽温度100%,℃,Y4_VHP缸体与内部蒸汽,0.9771926999092102,0.836005092276802,0.6294411420822144,505.4859924316406,543.5609741210938,505.48602294921875,543.5609741210938,509.4454650878906,538.2843017578125,43759,2024-05-01 00:23:00,2024-05-31 23:59:00
2024-05训练_2024-06测试,train,TCN,SYG1_10MAA50CT131A,超高压缸蒸汽温度100%,℃,Y4_VHP缸体与内部蒸汽,0.972779393196106,0.9133156880068757,0.6856536865234375,505.4859924316406,543.5609741210938,505.48602294921875,543.5609741210938,508.9250793457031,538.2092895507812,43759,2024-05-01 00:23:00,2024-05-31 23:59:00
2024-05训练_2024-06测试,train,iTransformer-small,SYG1_10MAA50CT131A,超高压缸蒸汽温度100%,℃,Y4_VHP缸体与内部蒸汽,0.9653794765472412,1.0300032853564856,0.7715707421302795,505.4859924316406,543.5609741210938,505.48602294921875,543.5609741210938,507.664306640625,542.3903198242188,43759,2024-05-01 00:23:00,2024-05-31 23:59:00
2024-05训练_2024-06测试,test,ANN,SYG1_10MAA50CP101,超高压缸叶片级压力#1,MPa,Y1_VHP本体,0.9864121675491333,0.36359402307779626,0.2641714811325073,6.232999801635742,23.177000045776367,6.60099983215332,22.89299964904785,6.258647918701172,22.33092498779297,42595,2024-06-01 00:23:00,2024-06-30 23:59:00
2024-05训练_2024-06测试,test,GRU-RNN,SYG1_10MAA50CP101,超高压缸叶片级压力#1,MPa,Y1_VHP本体,0.9979358315467834,0.1417153657511231,0.10458370298147202,6.232999801635742,23.177000045776367,6.60099983215332,22.89299964904785,6.237092018127441,22.50537109375,42595,2024-06-01 00:23:00,2024-06-30 23:59:00
2024-05训练_2024-06测试,test,TCN,SYG1_10MAA50CP101,超高压缸叶片级压力#1,MPa,Y1_VHP本体,0.9924103617668152,0.27173896214231175,0.20833252370357513,6.232999801635742,23.177000045776367,6.60099983215332,22.89299964904785,6.405888557434082,22.619741439819336,42595,2024-06-01 00:23:00,2024-06-30 23:59:00
2024-05训练_2024-06测试,test,iTransformer-small,SYG1_10MAA50CP101,超高压缸叶片级压力#1,MPa,Y1_VHP本体,0.997552216053009,0.15432219961435165,0.11587449908256531,6.232999801635742,23.177000045776367,6.60099983215332,22.89299964904785,6.558662414550781,22.55179786682129,42595,2024-06-01 00:23:00,2024-06-30 23:59:00
2024-05训练_2024-06测试,test,ANN,SYG1_10MAA50CP102,超高压缸叶片级压力#2,MPa,Y1_VHP本体,0.9907108545303345,0.30057240952060243,0.19731886684894562,6.230999946594238,23.18600082397461,6.598999977111816,22.895999908447266,6.30615234375,22.07463836669922,42595,2024-06-01 00:23:00,2024-06-30 23:59:00
2024-05训练_2024-06测试,test,GRU-RNN,SYG1_10MAA50CP102,超高压缸叶片级压力#2,MPa,Y1_VHP本体,0.9975001811981201,0.155924195121448,0.11325574666261673,6.230999946594238,23.18600082397461,6.598999977111816,22.895999908447266,6.221758842468262,22.545459747314453,42595,2024-06-01 00:23:00,2024-06-30 23:59:00
2024-05训练_2024-06测试,test,TCN,SYG1_10MAA50CP102,超高压缸叶片级压力#2,MPa,Y1_VHP本体,0.9952989220619202,0.2138251955795464,0.15840865671634674,6.230999946594238,23.18600082397461,6.598999977111816,22.895999908447266,6.241364479064941,22.394447326660156,42595,2024-06-01 00:23:00,2024-06-30 23:59:00
2024-05训练_2024-06测试,test,iTransformer-small,SYG1_10MAA50CP102,超高压缸叶片级压力#2,MPa,Y1_VHP本体,0.9975002408027649,0.15592334696465504,0.118463896214962,6.230999946594238,23.18600082397461,6.598999977111816,22.895999908447266,6.624828338623047,22.579256057739258,42595,2024-06-01 00:23:00,2024-06-30 23:59:00
2024-05训练_2024-06测试,test,ANN,SYG1_10MAA50CP103,超高压缸叶片级压力#3,MPa,Y1_VHP本体,0.9911506772041321,0.29340703605004564,0.19136543571949005,6.25600004196167,23.163000106811523,6.604001045227051,22.92300033569336,6.40920352935791,22.2033634185791,42595,2024-06-01 00:23:00,2024-06-30 23:59:00
2024-05训练_2024-06测试,test,GRU-RNN,SYG1_10MAA50CP103,超高压缸叶片级压力#3,MPa,Y1_VHP本体,0.9962081909179688,0.19206080137160203,0.1494317650794983,6.25600004196167,23.163000106811523,6.604001045227051,22.92300033569336,6.354788780212402,22.74028205871582,42595,2024-06-01 00:23:00,2024-06-30 23:59:00
2024-05训练_2024-06测试,test,TCN,SYG1_10MAA50CP103,超高压缸叶片级压力#3,MPa,Y1_VHP本体,0.9932942390441895,0.2554109881367751,0.194320410490036,6.25600004196167,23.163000106811523,6.604001045227051,22.92300033569336,6.230040550231934,22.700035095214844,42595,2024-06-01 00:23:00,2024-06-30 23:59:00
2024-05训练_2024-06测试,test,iTransformer-small,SYG1_10MAA50CP103,超高压缸叶片级压力#3,MPa,Y1_VHP本体,0.997655987739563,0.15100589210693935,0.11263035982847214,6.25600004196167,23.163000106811523,6.604001045227051,22.92300033569336,6.553352355957031,22.48320198059082,42595,2024-06-01 00:23:00,2024-06-30 23:59:00
2024-05训练_2024-06测试,test,ANN,SYG1_10MAA50CT121A,超高压排汽蒸汽温度#1,℃,Y1_VHP本体,0.8092359304428101,1.8076427752612245,1.4939601421356201,386.45599365234375,432.7799987792969,387.60699462890625,427.4739990234375,397.4265441894531,422.802734375,42595,2024-06-01 00:23:00,2024-06-30 23:59:00
2024-05训练_2024-06测试,test,GRU-RNN,SYG1_10MAA50CT121A,超高压排汽蒸汽温度#1,℃,Y1_VHP本体,0.867634654045105,1.5057452167230438,1.2695990800857544,386.45599365234375,432.7799987792969,387.60699462890625,427.4739990234375,392.0611877441406,425.67095947265625,42595,2024-06-01 00:23:00,2024-06-30 23:59:00
2024-05训练_2024-06测试,test,TCN,SYG1_10MAA50CT121A,超高压排汽蒸汽温度#1,℃,Y1_VHP本体,0.8491919040679932,1.6072249633766273,1.33863365650177,386.45599365234375,432.7799987792969,387.60699462890625,427.4739990234375,393.08526611328125,426.4595031738281,42595,2024-06-01 00:23:00,2024-06-30 23:59:00
2024-05训练_2024-06测试,test,iTransformer-small,SYG1_10MAA50CT121A,超高压排汽蒸汽温度#1,℃,Y1_VHP本体,0.8488466739654541,1.6090632757117231,1.3222055435180664,386.45599365234375,432.7799987792969,387.60699462890625,427.4739990234375,395.042724609375,426.35546875,42595,2024-06-01 00:23:00,2024-06-30 23:59:00
2024-05训练_2024-06测试,test,ANN,SYG1_10MAA50CT122A,超高压排汽蒸汽温度#2,℃,Y1_VHP本体,0.8166539072990417,1.7625267730194487,1.457273244857788,381.27899169921875,429.37298583984375,385.00299072265625,424.3080139160156,395.76031494140625,419.8155822753906,42595,2024-06-01 00:23:00,2024-06-30 23:59:00
2024-05训练_2024-06测试,test,GRU-RNN,SYG1_10MAA50CT122A,超高压排汽蒸汽温度#2,℃,Y1_VHP本体,0.8815904259681702,1.4164240386233007,1.1947591304779053,381.27899169921875,429.37298583984375,385.00299072265625,424.3080139160156,388.7451171875,422.5395812988281,42595,2024-06-01 00:23:00,2024-06-30 23:59:00
2024-05训练_2024-06测试,test,TCN,SYG1_10MAA50CT122A,超高压排汽蒸汽温度#2,℃,Y1_VHP本体,0.8605427742004395,1.5371645150479605,1.2779117822647095,381.27899169921875,429.37298583984375,385.00299072265625,424.3080139160156,390.16339111328125,423.72418212890625,42595,2024-06-01 00:23:00,2024-06-30 23:59:00
2024-05训练_2024-06测试,test,iTransformer-small,SYG1_10MAA50CT122A,超高压排汽蒸汽温度#2,℃,Y1_VHP本体,0.8597457408905029,1.541550924063199,1.2657057046890259,381.27899169921875,429.37298583984375,385.00299072265625,424.3080139160156,392.102294921875,423.2929992675781,42595,2024-06-01 00:23:00,2024-06-30 23:59:00
2024-05训练_2024-06测试,test,ANN,SYG1_10MAA50CT123A,超高压排汽蒸汽温度#3,℃,Y1_VHP本体,0.8839687705039978,1.3985836869023638,1.0905876159667969,383.8399963378906,431.1929931640625,385.38299560546875,425.552001953125,396.7279357910156,421.01251220703125,42595,2024-06-01 00:23:00,2024-06-30 23:59:00
2024-05训练_2024-06测试,test,GRU-RNN,SYG1_10MAA50CT123A,超高压排汽蒸汽温度#3,℃,Y1_VHP本体,0.9386714100837708,1.0167928583488604,0.8047022819519043,383.8399963378906,431.1929931640625,385.38299560546875,425.552001953125,390.6588134765625,423.962158203125,42595,2024-06-01 00:23:00,2024-06-30 23:59:00
2024-05训练_2024-06测试,test,TCN,SYG1_10MAA50CT123A,超高压排汽蒸汽温度#3,℃,Y1_VHP本体,0.9153171181678772,1.1948098515814796,0.9379773139953613,383.8399963378906,431.1929931640625,385.38299560546875,425.552001953125,391.87481689453125,424.8747863769531,42595,2024-06-01 00:23:00,2024-06-30 23:59:00
2024-05训练_2024-06测试,test,iTransformer-small,SYG1_10MAA50CT123A,超高压排汽蒸汽温度#3,℃,Y1_VHP本体,0.9134953022003174,1.2075938669686441,0.9384961128234863,383.8399963378906,431.1929931640625,385.38299560546875,425.552001953125,393.563232421875,424.63037109375,42595,2024-06-01 00:23:00,2024-06-30 23:59:00
2024-05训练_2024-06测试,test,ANN,SYG1_10LBC01CP101,超高压缸A侧排汽垂直管压力,MPa,Y1_VHP本体,0.9829819798469543,0.1963949344989828,0.12999771535396576,3.1449999809265137,11.274999618530273,3.197999954223633,11.081999778747559,2.948058605194092,10.76419448852539,42595,2024-06-01 00:23:00,2024-06-30 23:59:00
2024-05训练_2024-06测试,test,GRU-RNN,SYG1_10LBC01CP101,超高压缸A侧排汽垂直管压力,MPa,Y1_VHP本体,0.9974864721298218,0.07547738069344126,0.056658245623111725,3.1449999809265137,11.274999618530273,3.197999954223633,11.081999778747559,2.9909706115722656,11.09758472442627,42595,2024-06-01 00:23:00,2024-06-30 23:59:00
2024-05训练_2024-06测试,test,TCN,SYG1_10LBC01CP101,超高压缸A侧排汽垂直管压力,MPa,Y1_VHP本体,0.9933597445487976,0.12267842456804276,0.09467177838087082,3.1449999809265137,11.274999618530273,3.197999954223633,11.081999778747559,3.0643744468688965,10.927349090576172,42595,2024-06-01 00:23:00,2024-06-30 23:59:00
2024-05训练_2024-06测试,test,iTransformer-small,SYG1_10LBC01CP101,超高压缸A侧排汽垂直管压力,MPa,Y1_VHP本体,0.9978068470954895,0.07050295704742604,0.053365666419267654,3.1449999809265137,11.274999618530273,3.197999954223633,11.081999778747559,3.1464715003967285,10.904549598693848,42595,2024-06-01 00:23:00,2024-06-30 23:59:00
2024-05训练_2024-06测试,test,ANN,SYG1_10LBC02CP101,超高压缸B侧排汽垂直管压力,MPa,Y1_VHP本体,0.987114667892456,0.17211595897574627,0.11661577969789505,3.1540000438690186,11.347000122070312,3.2150001525878906,11.149999618530273,3.08211088180542,10.89321517944336,42595,2024-06-01 00:23:00,2024-06-30 23:59:00
2024-05训练_2024-06测试,test,GRU-RNN,SYG1_10LBC02CP101,超高压缸B侧排汽垂直管压力,MPa,Y1_VHP本体,0.9967261552810669,0.0867563998267501,0.06647279113531113,3.1540000438690186,11.347000122070312,3.2150001525878906,11.149999618530273,3.0474138259887695,10.984749794006348,42595,2024-06-01 00:23:00,2024-06-30 23:59:00
2024-05训练_2024-06测试,test,TCN,SYG1_10LBC02CP101,超高压缸B侧排汽垂直管压力,MPa,Y1_VHP本体,0.9941169023513794,0.11629921100991306,0.08975395560264587,3.1540000438690186,11.347000122070312,3.2150001525878906,11.149999618530273,3.056182861328125,10.957653045654297,42595,2024-06-01 00:23:00,2024-06-30 23:59:00
2024-05训练_2024-06测试,test,iTransformer-small,SYG1_10LBC02CP101,超高压缸B侧排汽垂直管压力,MPa,Y1_VHP本体,0.9978373050689697,0.0705128933404715,0.055793289095163345,3.1540000438690186,11.347000122070312,3.2150001525878906,11.149999618530273,3.1901144981384277,10.96336555480957,42595,2024-06-01 00:23:00,2024-06-30 23:59:00
2024-05训练_2024-06测试,test,ANN,SYG1_10LBC01CT101,超高压缸A侧排汽垂直管温度,℃,Y1_VHP本体,0.9293177127838135,1.1333660483313381,0.8712500333786011,382.9989929199219,434.29901123046875,384.8330078125,429.04901123046875,396.8439636230469,424.60223388671875,42595,2024-06-01 00:23:00,2024-06-30 23:59:00
2024-05训练_2024-06测试,test,GRU-RNN,SYG1_10LBC01CT101,超高压缸A侧排汽垂直管温度,℃,Y1_VHP本体,0.9573364853858948,0.8805284237885154,0.6995990872383118,382.9989929199219,434.29901123046875,384.8330078125,429.04901123046875,390.8693542480469,428.65338134765625,42595,2024-06-01 00:23:00,2024-06-30 23:59:00
2024-05训练_2024-06测试,test,TCN,SYG1_10LBC01CT101,超高压缸A侧排汽垂直管温度,℃,Y1_VHP本体,0.9460573196411133,0.9901048925491768,0.7741225361824036,382.9989929199219,434.29901123046875,384.8330078125,429.04901123046875,391.69580078125,427.8831481933594,42595,2024-06-01 00:23:00,2024-06-30 23:59:00
2024-05训练_2024-06测试,test,iTransformer-small,SYG1_10LBC01CT101,超高压缸A侧排汽垂直管温度,℃,Y1_VHP本体,0.9319915175437927,1.1117229598308105,0.8467516303062439,382.9989929199219,434.29901123046875,384.8330078125,429.04901123046875,393.5751037597656,428.4557189941406,42595,2024-06-01 00:23:00,2024-06-30 23:59:00
2024-05训练_2024-06测试,test,ANN,SYG1_10LBC02CT101,超高压缸B侧排汽垂直管温度,℃,Y1_VHP本体,0.9210494160652161,1.1880094037920028,0.9214237332344055,386.86700439453125,437.12799072265625,387.4930114746094,432.5570068359375,399.37066650390625,426.8216247558594,42595,2024-06-01 00:23:00,2024-06-30 23:59:00
2024-05训练_2024-06测试,test,GRU-RNN,SYG1_10LBC02CT101,超高压缸B侧排汽垂直管温度,℃,Y1_VHP本体,0.9498885273933411,0.946478636720701,0.7656943202018738,386.86700439453125,437.12799072265625,387.4930114746094,432.5570068359375,393.6676025390625,431.81622314453125,42595,2024-06-01 00:23:00,2024-06-30 23:59:00
2024-05训练_2024-06测试,test,TCN,SYG1_10LBC02CT101,超高压缸B侧排汽垂直管温度,℃,Y1_VHP本体,0.9381453394889832,1.0515466334604087,0.8255972862243652,386.86700439453125,437.12799072265625,387.4930114746094,432.5570068359375,395.34271240234375,431.6090393066406,42595,2024-06-01 00:23:00,2024-06-30 23:59:00
2024-05训练_2024-06测试,test,iTransformer-small,SYG1_10LBC02CT101,超高压缸B侧排汽垂直管温度,℃,Y1_VHP本体,0.9275692105293274,1.1378991988042721,0.875899076461792,386.86700439453125,437.12799072265625,387.4930114746094,432.5570068359375,396.5017395019531,431.509765625,42595,2024-06-01 00:23:00,2024-06-30 23:59:00
2024-05训练_2024-06测试,test,ANN,SYG1_10LBQ10CP101,一级抽汽口压力,MPa,Y2_一级抽汽接口,0.9885615110397339,0.1599700880868447,0.10732104629278183,3.115000009536743,11.196000099182129,3.171999454498291,10.99899959564209,3.031979560852051,10.68792724609375,42595,2024-06-01 00:23:00,2024-06-30 23:59:00
2024-05训练_2024-06测试,test,GRU-RNN,SYG1_10LBQ10CP101,一级抽汽口压力,MPa,Y2_一级抽汽接口,0.9970294237136841,0.08152225653922145,0.06198648735880852,3.115000009536743,11.196000099182129,3.171999454498291,10.99899959564209,2.978823661804199,10.990407943725586,42595,2024-06-01 00:23:00,2024-06-30 23:59:00
2024-05训练_2024-06测试,test,TCN,SYG1_10LBQ10CP101,一级抽汽口压力,MPa,Y2_一级抽汽接口,0.9932510852813721,0.12287741678607711,0.09551260620355606,3.115000009536743,11.196000099182129,3.171999454498291,10.99899959564209,3.0266165733337402,10.867431640625,42595,2024-06-01 00:23:00,2024-06-30 23:59:00
2024-05训练_2024-06测试,test,iTransformer-small,SYG1_10LBQ10CP101,一级抽汽口压力,MPa,Y2_一级抽汽接口,0.9979471564292908,0.06776875732598268,0.05320747196674347,3.115000009536743,11.196000099182129,3.171999454498291,10.99899959564209,3.138460636138916,10.846799850463867,42595,2024-06-01 00:23:00,2024-06-30 23:59:00
2024-05训练_2024-06测试,test,ANN,SYG1_10LBQ10CT101A,一级抽汽口温度,℃,Y2_一级抽汽接口,0.9153529405593872,1.2164964136556058,0.945022702217102,386.5119934082031,436.0530090332031,387.90899658203125,431.9590148925781,399.5382080078125,426.7231140136719,42595,2024-06-01 00:23:00,2024-06-30 23:59:00
2024-05训练_2024-06测试,test,GRU-RNN,SYG1_10LBQ10CT101A,一级抽汽口温度,℃,Y2_一级抽汽接口,0.9530152678489685,0.9063239231872097,0.7236195802688599,386.5119934082031,436.0530090332031,387.90899658203125,431.9590148925781,394.1699523925781,429.9790344238281,42595,2024-06-01 00:23:00,2024-06-30 23:59:00
2024-05训练_2024-06测试,test,TCN,SYG1_10LBQ10CT101A,一级抽汽口温度,℃,Y2_一级抽汽接口,0.9375255107879639,1.045096124398657,0.8115476369857788,386.5119934082031,436.0530090332031,387.90899658203125,431.9590148925781,395.5625305175781,430.5833740234375,42595,2024-06-01 00:23:00,2024-06-30 23:59:00
2024-05训练_2024-06测试,test,iTransformer-small,SYG1_10LBQ10CT101A,一级抽汽口温度,℃,Y2_一级抽汽接口,0.9250341057777405,1.1448189956323314,0.8770067095756531,386.5119934082031,436.0530090332031,387.90899658203125,431.9590148925781,396.5986633300781,430.7176513671875,42595,2024-06-01 00:23:00,2024-06-30 23:59:00
2024-05训练_2024-06测试,test,ANN,SYG1_10LBQ10CT102,一级抽汽逆止门前水平管管顶温度,℃,Y2_一级抽汽接口,0.9006538391113281,1.310611319627432,1.0293104648590088,383.81500244140625,432.1239929199219,384.8219909667969,428.3160095214844,397.3273620605469,423.0111999511719,42595,2024-06-01 00:23:00,2024-06-30 23:59:00
2024-05训练_2024-06测试,test,GRU-RNN,SYG1_10LBQ10CT102,一级抽汽逆止门前水平管管顶温度,℃,Y2_一级抽汽接口,0.9505466222763062,0.9246904731643387,0.73954838514328,383.81500244140625,432.1239929199219,384.8219909667969,428.3160095214844,391.1836853027344,426.3533020019531,42595,2024-06-01 00:23:00,2024-06-30 23:59:00
2024-05训练_2024-06测试,test,TCN,SYG1_10LBQ10CT102,一级抽汽逆止门前水平管管顶温度,℃,Y2_一级抽汽接口,0.9343104958534241,1.065727884466266,0.8298275470733643,383.81500244140625,432.1239929199219,384.8219909667969,428.3160095214844,392.4726257324219,426.6076965332031,42595,2024-06-01 00:23:00,2024-06-30 23:59:00
2024-05训练_2024-06测试,test,iTransformer-small,SYG1_10LBQ10CT102,一级抽汽逆止门前水平管管顶温度,℃,Y2_一级抽汽接口,0.9219340682029724,1.1617941549080892,0.8860579133033752,383.81500244140625,432.1239929199219,384.8219909667969,428.3160095214844,393.69378662109375,427.15692138671875,42595,2024-06-01 00:23:00,2024-06-30 23:59:00
2024-05训练_2024-06测试,test,ANN,SYG1_10LBQ10CT103,一级抽汽逆止门前水平管管底温度,℃,Y2_一级抽汽接口,0.9009512066841125,1.309012138324991,1.029091715812683,383.2900085449219,431.9469909667969,384.73199462890625,428.5159912109375,396.4313049316406,423.6114196777344,42595,2024-06-01 00:23:00,2024-06-30 23:59:00
2024-05训练_2024-06测试,test,GRU-RNN,SYG1_10LBQ10CT103,一级抽汽逆止门前水平管管底温度,℃,Y2_一级抽汽接口,0.9507994651794434,0.9225800937421933,0.7369366884231567,383.2900085449219,431.9469909667969,384.73199462890625,428.5159912109375,390.5400695800781,426.77447509765625,42595,2024-06-01 00:23:00,2024-06-30 23:59:00
2024-05训练_2024-06测试,test,TCN,SYG1_10LBQ10CT103,一级抽汽逆止门前水平管管底温度,℃,Y2_一级抽汽接口,0.9373391270637512,1.0411596717442768,0.8131005167961121,383.2900085449219,431.9469909667969,384.73199462890625,428.5159912109375,391.83056640625,426.47039794921875,42595,2024-06-01 00:23:00,2024-06-30 23:59:00
2024-05训练_2024-06测试,test,iTransformer-small,SYG1_10LBQ10CT103,一级抽汽逆止门前水平管管底温度,℃,Y2_一级抽汽接口,0.9215715527534485,1.1648120898850731,0.8903223872184753,383.2900085449219,431.9469909667969,384.73199462890625,428.5159912109375,393.49993896484375,427.4618225097656,42595,2024-06-01 00:23:00,2024-06-30 23:59:00
2024-05训练_2024-06测试,test,ANN,SYG1_10LBQ10CT104,一级抽汽逆止门后水平管管顶温度,℃,Y2_一级抽汽接口,0.905588686466217,1.275690064030183,0.9925532341003418,383.2340087890625,432.09100341796875,384.6759948730469,427.739013671875,396.6528015136719,422.3049011230469,42595,2024-06-01 00:23:00,2024-06-30 23:59:00
2024-05训练_2024-06测试,test,GRU-RNN,SYG1_10LBQ10CT104,一级抽汽逆止门后水平管管顶温度,℃,Y2_一级抽汽接口,0.9529190063476562,0.9008574361749683,0.7164087891578674,383.2340087890625,432.09100341796875,384.6759948730469,427.739013671875,391.05010986328125,425.9739074707031,42595,2024-06-01 00:23:00,2024-06-30 23:59:00
2024-05训练_2024-06测试,test,TCN,SYG1_10LBQ10CT104,一级抽汽逆止门后水平管管顶温度,℃,Y2_一级抽汽接口,0.9384816884994507,1.029758530802073,0.7995622754096985,383.2340087890625,432.09100341796875,384.6759948730469,427.739013671875,391.98095703125,425.7450256347656,42595,2024-06-01 00:23:00,2024-06-30 23:59:00
2024-05训练_2024-06测试,test,iTransformer-small,SYG1_10LBQ10CT104,一级抽汽逆止门后水平管管顶温度,℃,Y2_一级抽汽接口,0.9209880232810974,1.1670233431052959,0.8820529580116272,383.2340087890625,432.09100341796875,384.6759948730469,427.739013671875,393.8111572265625,426.4911804199219,42595,2024-06-01 00:23:00,2024-06-30 23:59:00
2024-05训练_2024-06测试,test,ANN,SYG1_10LBQ10CT105,一级抽汽逆止门后水平管管底温度,℃,Y2_一级抽汽接口,0.8985391855239868,1.3260341567161202,1.045215368270874,382.85400390625,431.281005859375,384.1510009765625,427.79400634765625,395.7972717285156,422.8600769042969,42595,2024-06-01 00:23:00,2024-06-30 23:59:00
2024-05训练_2024-06测试,test,GRU-RNN,SYG1_10LBQ10CT105,一级抽汽逆止门后水平管管底温度,℃,Y2_一级抽汽接口,0.9512319564819336,0.9193336242037233,0.734721302986145,382.85400390625,431.281005859375,384.1510009765625,427.79400634765625,390.3419494628906,425.9588317871094,42595,2024-06-01 00:23:00,2024-06-30 23:59:00
2024-05训练_2024-06测试,test,TCN,SYG1_10LBQ10CT105,一级抽汽逆止门后水平管管底温度,℃,Y2_一级抽汽接口,0.9369813799858093,1.0450568851703157,0.8139432072639465,382.85400390625,431.281005859375,384.1510009765625,427.79400634765625,391.968994140625,425.9228210449219,42595,2024-06-01 00:23:00,2024-06-30 23:59:00
2024-05训练_2024-06测试,test,iTransformer-small,SYG1_10LBQ10CT105,一级抽汽逆止门后水平管管底温度,℃,Y2_一级抽汽接口,0.9231756925582886,1.1538649523866527,0.8801109790802002,382.85400390625,431.281005859375,384.1510009765625,427.79400634765625,393.0304870605469,426.8137512207031,42595,2024-06-01 00:23:00,2024-06-30 23:59:00
2024-05训练_2024-06测试,test,ANN,SYG1_10LBQ10CP102,1号高加入口抽汽压力,MPa,Y2_一级抽汽接口,0.9875966310501099,0.16259824048186494,0.11358805745840073,3.1679999828338623,11.003999710083008,3.2250003814697266,10.789999961853027,3.0814151763916016,10.49685287475586,42595,2024-06-01 00:23:00,2024-06-30 23:59:00
2024-05训练_2024-06测试,test,GRU-RNN,SYG1_10LBQ10CP102,1号高加入口抽汽压力,MPa,Y2_一级抽汽接口,0.9974276423454285,0.07404802160749774,0.05637378245592117,3.1679999828338623,11.003999710083008,3.2250003814697266,10.789999961853027,3.042534828186035,10.769559860229492,42595,2024-06-01 00:23:00,2024-06-30 23:59:00
2024-05训练_2024-06测试,test,TCN,SYG1_10LBQ10CP102,1号高加入口抽汽压力,MPa,Y2_一级抽汽接口,0.994335412979126,0.10988275991059532,0.08649266511201859,3.1679999828338623,11.003999710083008,3.2250003814697266,10.789999961853027,3.072444438934326,10.69993782043457,42595,2024-06-01 00:23:00,2024-06-30 23:59:00
2024-05训练_2024-06测试,test,iTransformer-small,SYG1_10LBQ10CP102,1号高加入口抽汽压力,MPa,Y2_一级抽汽接口,0.9979238510131836,0.0665237740179433,0.05162721499800682,3.1679999828338623,11.003999710083008,3.2250003814697266,10.789999961853027,3.184950828552246,10.696270942687988,42595,2024-06-01 00:23:00,2024-06-30 23:59:00
2024-05训练_2024-06测试,test,ANN,SYG1_10LBQ10CT106,1号高加入口抽汽温度,℃,Y2_一级抽汽接口,0.9021974205970764,1.301451364377137,1.0091148614883423,383.2340087890625,432.2349853515625,385.11199951171875,427.3059997558594,397.7640380859375,423.669921875,42595,2024-06-01 00:23:00,2024-06-30 23:59:00
2024-05训练_2024-06测试,test,GRU-RNN,SYG1_10LBQ10CT106,1号高加入口抽汽温度,℃,Y2_一级抽汽接口,0.9543687701225281,0.8889634209585553,0.7059471011161804,383.2340087890625,432.2349853515625,385.11199951171875,427.3059997558594,390.6858215332031,425.7176818847656,42595,2024-06-01 00:23:00,2024-06-30 23:59:00
2024-05训练_2024-06测试,test,TCN,SYG1_10LBQ10CT106,1号高加入口抽汽温度,℃,Y2_一级抽汽接口,0.9407204389572144,1.0132236555520944,0.7809054851531982,383.2340087890625,432.2349853515625,385.11199951171875,427.3059997558594,392.23956298828125,425.5267639160156,42595,2024-06-01 00:23:00,2024-06-30 23:59:00
2024-05训练_2024-06测试,test,iTransformer-small,SYG1_10LBQ10CT106,1号高加入口抽汽温度,℃,Y2_一级抽汽接口,0.9227613806724548,1.1565650304577493,0.8710078001022339,383.2340087890625,432.2349853515625,385.11199951171875,427.3059997558594,394.2149353027344,426.5093994140625,42595,2024-06-01 00:23:00,2024-06-30 23:59:00
2024-05训练_2024-06测试,test,ANN,SYG1_10LBC20CT101,一次低温再热逆止阀前母管管底温度,℃,Y3_VHP至RH1接口,0.9028065800666809,1.2794638954217525,0.9875880479812622,387.16900634765625,434.68798828125,386.9679870605469,430.3039855957031,399.4938049316406,425.2736511230469,42595,2024-06-01 00:23:00,2024-06-30 23:59:00
2024-05训练_2024-06测试,test,GRU-RNN,SYG1_10LBC20CT101,一次低温再热逆止阀前母管管底温度,℃,Y3_VHP至RH1接口,0.9576548933982849,0.8445228286873797,0.6617632508277893,387.16900634765625,434.68798828125,386.9679870605469,430.3039855957031,393.6729431152344,428.441650390625,42595,2024-06-01 00:23:00,2024-06-30 23:59:00
2024-05训练_2024-06测试,test,TCN,SYG1_10LBC20CT101,一次低温再热逆止阀前母管管底温度,℃,Y3_VHP至RH1接口,0.9441109299659729,0.9702262704960598,0.7509374022483826,387.16900634765625,434.68798828125,386.9679870605469,430.3039855957031,395.4244384765625,428.60235595703125,42595,2024-06-01 00:23:00,2024-06-30 23:59:00
2024-05训练_2024-06测试,test,iTransformer-small,SYG1_10LBC20CT101,一次低温再热逆止阀前母管管底温度,℃,Y3_VHP至RH1接口,0.9319745898246765,1.070398034903372,0.8183388113975525,387.16900634765625,434.68798828125,386.9679870605469,430.3039855957031,395.42010498046875,429.2312316894531,42595,2024-06-01 00:23:00,2024-06-30 23:59:00
2024-05训练_2024-06测试,test,ANN,SYG1_10LBC20CT103,一次低温再热逆止阀后水平管管顶温度,℃,Y3_VHP至RH1接口,0.909187912940979,1.2404732061196275,0.9694886207580566,385.71600341796875,433.8219909667969,386.09600830078125,429.5820007324219,397.8226013183594,424.2524719238281,42595,2024-06-01 00:23:00,2024-06-30 23:59:00
2024-05训练_2024-06测试,test,GRU-RNN,SYG1_10LBC20CT103,一次低温再热逆止阀后水平管管顶温度,℃,Y3_VHP至RH1接口,0.9569745659828186,0.8538435037774025,0.6672280430793762,385.71600341796875,433.8219909667969,386.09600830078125,429.5820007324219,392.57843017578125,427.71160888671875,42595,2024-06-01 00:23:00,2024-06-30 23:59:00
2024-05训练_2024-06测试,test,TCN,SYG1_10LBC20CT103,一次低温再热逆止阀后水平管管顶温度,℃,Y3_VHP至RH1接口,0.9424349069595337,0.9876321462747584,0.762926459312439,385.71600341796875,433.8219909667969,386.09600830078125,429.5820007324219,394.061767578125,428.0334777832031,42595,2024-06-01 00:23:00,2024-06-30 23:59:00
2024-05训练_2024-06测试,test,iTransformer-small,SYG1_10LBC20CT103,一次低温再热逆止阀后水平管管顶温度,℃,Y3_VHP至RH1接口,0.9314379692077637,1.0778477077202988,0.8258779048919678,385.71600341796875,433.8219909667969,386.09600830078125,429.5820007324219,394.5638122558594,428.6333312988281,42595,2024-06-01 00:23:00,2024-06-30 23:59:00
2024-05训练_2024-06测试,test,ANN,SYG1_10LBC20CT104,一次低温再热逆止阀后水平管管底温度,℃,Y3_VHP至RH1接口,0.8861988186836243,1.3652540213681623,1.0564583539962769,390.68798828125,435.25299072265625,388.70001220703125,431.15899658203125,401.503662109375,426.9890441894531,42595,2024-06-01 00:23:00,2024-06-30 23:59:00
2024-05训练_2024-06测试,test,GRU-RNN,SYG1_10LBC20CT104,一次低温再热逆止阀后水平管管底温度,℃,Y3_VHP至RH1接口,0.9561474919319153,0.8474951736065206,0.668659508228302,390.68798828125,435.25299072265625,388.70001220703125,431.15899658203125,396.16845703125,429.9454345703125,42595,2024-06-01 00:23:00,2024-06-30 23:59:00
2024-05训练_2024-06测试,test,TCN,SYG1_10LBC20CT104,一次低温再热逆止阀后水平管管底温度,℃,Y3_VHP至RH1接口,0.9398821592330933,0.9922973992465581,0.7606701254844666,390.68798828125,435.25299072265625,388.70001220703125,431.15899658203125,397.6384582519531,429.529296875,42595,2024-06-01 00:23:00,2024-06-30 23:59:00
2024-05训练_2024-06测试,test,iTransformer-small,SYG1_10LBC20CT104,一次低温再热逆止阀后水平管管底温度,℃,Y3_VHP至RH1接口,0.929989755153656,1.0708308948434657,0.8167925477027893,390.68798828125,435.25299072265625,388.70001220703125,431.15899658203125,397.6493835449219,430.5249328613281,42595,2024-06-01 00:23:00,2024-06-30 23:59:00
2024-05训练_2024-06测试,test,ANN,SYG1_10MAA50CT111A,超高压内缸壁温90%处#1,℃,Y4_VHP缸体与内部蒸汽,0.6523810029029846,3.0189600079703145,2.6177752017974854,539.2689819335938,589.6500244140625,541.8330078125,585.2420043945312,553.7334594726562,580.7301635742188,42595,2024-06-01 00:23:00,2024-06-30 23:59:00
2024-05训练_2024-06测试,test,GRU-RNN,SYG1_10MAA50CT111A,超高压内缸壁温90%处#1,℃,Y4_VHP缸体与内部蒸汽,0.7345589399337769,2.6380901923794537,2.2584235668182373,539.2689819335938,589.6500244140625,541.8330078125,585.2420043945312,546.94775390625,585.2393188476562,42595,2024-06-01 00:23:00,2024-06-30 23:59:00
2024-05训练_2024-06测试,test,TCN,SYG1_10MAA50CT111A,超高压内缸壁温90%处#1,℃,Y4_VHP缸体与内部蒸汽,0.7183091640472412,2.7176400911636733,2.346750259399414,539.2689819335938,589.6500244140625,541.8330078125,585.2420043945312,546.0298461914062,585.2350463867188,42595,2024-06-01 00:23:00,2024-06-30 23:59:00
2024-05训练_2024-06测试,test,iTransformer-small,SYG1_10MAA50CT111A,超高压内缸壁温90%处#1,℃,Y4_VHP缸体与内部蒸汽,0.7483182549476624,2.5688068652761906,2.19624924659729,539.2689819335938,589.6500244140625,541.8330078125,585.2420043945312,547.6718139648438,586.5909423828125,42595,2024-06-01 00:23:00,2024-06-30 23:59:00
2024-05训练_2024-06测试,test,ANN,SYG1_10MAA50CT112A,超高压内缸壁温90%处#2,℃,Y4_VHP缸体与内部蒸汽,0.951172947883606,1.2602232582359187,0.9522367119789124,553.489013671875,610.7780151367188,547.9970092773438,600.552001953125,563.0369262695312,595.0947265625,42595,2024-06-01 00:23:00,2024-06-30 23:59:00
2024-05训练_2024-06测试,test,GRU-RNN,SYG1_10MAA50CT112A,超高压内缸壁温90%处#2,℃,Y4_VHP缸体与内部蒸汽,0.9884817600250244,0.6120823360622826,0.4488637447357178,553.489013671875,610.7780151367188,547.9970092773438,600.552001953125,557.8325805664062,598.6665649414062,42595,2024-06-01 00:23:00,2024-06-30 23:59:00
2024-05训练_2024-06测试,test,TCN,SYG1_10MAA50CT112A,超高压内缸壁温90%处#2,℃,Y4_VHP缸体与内部蒸汽,0.9776700139045715,0.8522392873272592,0.6453859210014343,553.489013671875,610.7780151367188,547.9970092773438,600.552001953125,559.1672973632812,597.9368286132812,42595,2024-06-01 00:23:00,2024-06-30 23:59:00
2024-05训练_2024-06测试,test,iTransformer-small,SYG1_10MAA50CT112A,超高压内缸壁温90%处#2,℃,Y4_VHP缸体与内部蒸汽,0.9733496904373169,0.9310395483022886,0.7017056345939636,553.489013671875,610.7780151367188,547.9970092773438,600.552001953125,557.3555297851562,601.1594848632812,42595,2024-06-01 00:23:00,2024-06-30 23:59:00
2024-05训练_2024-06测试,test,ANN,SYG1_10MAA50CT131A,超高压缸蒸汽温度100%,℃,Y4_VHP缸体与内部蒸汽,0.8097515106201172,1.9495225566411225,1.5225603580474854,505.4859924316406,543.5609741210938,498.65203857421875,538.1129760742188,510.75543212890625,536.6920166015625,42595,2024-06-01 00:23:00,2024-06-30 23:59:00
2024-05训练_2024-06测试,test,GRU-RNN,SYG1_10MAA50CT131A,超高压缸蒸汽温度100%,℃,Y4_VHP缸体与内部蒸汽,0.9447085857391357,1.0509847564462915,0.7856379747390747,505.4859924316406,543.5609741210938,498.65203857421875,538.1129760742188,508.5357360839844,536.9159545898438,42595,2024-06-01 00:23:00,2024-06-30 23:59:00
2024-05训练_2024-06测试,test,TCN,SYG1_10MAA50CT131A,超高压缸蒸汽温度100%,℃,Y4_VHP缸体与内部蒸汽,0.9392184019088745,1.101929299179128,0.8416902422904968,505.4859924316406,543.5609741210938,498.65203857421875,538.1129760742188,508.8359680175781,536.4718017578125,42595,2024-06-01 00:23:00,2024-06-30 23:59:00
2024-05训练_2024-06测试,test,iTransformer-small,SYG1_10MAA50CT131A,超高压缸蒸汽温度100%,℃,Y4_VHP缸体与内部蒸汽,0.9382548928260803,1.1106287359497915,0.8484132885932922,505.4859924316406,543.5609741210938,498.65203857421875,538.1129760742188,504.6271667480469,538.39599609375,42595,2024-06-01 00:23:00,2024-06-30 23:59:00
2025-08训练_2025-09测试,train,ANN,SYG1_10MAA50CP101,超高压缸叶片级压力#1,MPa,Y1_VHP本体,0.9940912127494812,0.3141742203931742,0.22324320673942566,6.738739013671875,24.0399169921875,6.738739013671875,24.0399169921875,6.799559593200684,22.85326385498047,43311,2025-08-01 00:23:00,2025-08-31 23:59:00
2025-08训练_2025-09测试,train,GRU-RNN,SYG1_10MAA50CP101,超高压缸叶片级压力#1,MPa,Y1_VHP本体,0.9983587861061096,0.16557806357605506,0.12073663622140884,6.738739013671875,24.0399169921875,6.738739013671875,24.0399169921875,6.705296516418457,23.73680877685547,43311,2025-08-01 00:23:00,2025-08-31 23:59:00
2025-08训练_2025-09测试,train,TCN,SYG1_10MAA50CP101,超高压缸叶片级压力#1,MPa,Y1_VHP本体,0.9962509274482727,0.2502544270704062,0.19032277166843414,6.738739013671875,24.0399169921875,6.738739013671875,24.0399169921875,6.866995811462402,23.42197036743164,43311,2025-08-01 00:23:00,2025-08-31 23:59:00
2025-08训练_2025-09测试,train,iTransformer-small,SYG1_10MAA50CP101,超高压缸叶片级压力#1,MPa,Y1_VHP本体,0.997678816318512,0.19691456820970346,0.14957407116889954,6.738739013671875,24.0399169921875,6.738739013671875,24.0399169921875,6.592189788818359,23.504695892333984,43311,2025-08-01 00:23:00,2025-08-31 23:59:00
2025-08训练_2025-09测试,train,ANN,SYG1_10MAA50CP102,超高压缸叶片级压力#2,MPa,Y1_VHP本体,0.9959359765052795,0.26046838564695657,0.18047937750816345,6.743316650390625,24.042205810546875,6.743316650390625,24.042205810546875,6.546271324157715,22.730323791503906,43311,2025-08-01 00:23:00,2025-08-31 23:59:00
2025-08训练_2025-09测试,train,GRU-RNN,SYG1_10MAA50CP102,超高压缸叶片级压力#2,MPa,Y1_VHP本体,0.9983153939247131,0.16769843751033583,0.12354480475187302,6.743316650390625,24.042205810546875,6.743316650390625,24.042205810546875,6.555303573608398,23.974327087402344,43311,2025-08-01 00:23:00,2025-08-31 23:59:00
2025-08训练_2025-09测试,train,TCN,SYG1_10MAA50CP102,超高压缸叶片级压力#2,MPa,Y1_VHP本体,0.9969305992126465,0.22636206574195858,0.17052236199378967,6.743316650390625,24.042205810546875,6.743316650390625,24.042205810546875,6.490969657897949,23.202919006347656,43311,2025-08-01 00:23:00,2025-08-31 23:59:00
2025-08训练_2025-09测试,train,iTransformer-small,SYG1_10MAA50CP102,超高压缸叶片级压力#2,MPa,Y1_VHP本体,0.9976349472999573,0.19870010818899422,0.1503266841173172,6.743316650390625,24.042205810546875,6.743316650390625,24.042205810546875,6.633645057678223,23.454082489013672,43311,2025-08-01 00:23:00,2025-08-31 23:59:00
2025-08训练_2025-09测试,train,ANN,SYG1_10MAA50CP103,超高压缸叶片级压力#3,MPa,Y1_VHP本体,0.9962864518165588,0.24896526779242836,0.16613027453422546,6.741027355194092,24.037626266479492,6.741026878356934,24.037626266479492,6.680440902709961,22.787975311279297,43311,2025-08-01 00:23:00,2025-08-31 23:59:00
2025-08训练_2025-09测试,train,GRU-RNN,SYG1_10MAA50CP103,超高压缸叶片级压力#3,MPa,Y1_VHP本体,0.9977747797966003,0.1927218282115704,0.14502358436584473,6.741027355194092,24.037626266479492,6.741026878356934,24.037626266479492,6.731245040893555,23.709247589111328,43311,2025-08-01 00:23:00,2025-08-31 23:59:00
2025-08训练_2025-09测试,train,TCN,SYG1_10MAA50CP103,超高压缸叶片级压力#3,MPa,Y1_VHP本体,0.9967307448387146,0.23359687701017312,0.18006308376789093,6.741027355194092,24.037626266479492,6.741026878356934,24.037626266479492,6.615734100341797,23.212343215942383,43311,2025-08-01 00:23:00,2025-08-31 23:59:00
2025-08训练_2025-09测试,train,iTransformer-small,SYG1_10MAA50CP103,超高压缸叶片级压力#3,MPa,Y1_VHP本体,0.997640073299408,0.19846889142424973,0.15054936707019806,6.741027355194092,24.037626266479492,6.741026878356934,24.037626266479492,6.61734676361084,23.420242309570312,43311,2025-08-01 00:23:00,2025-08-31 23:59:00
2025-08训练_2025-09测试,train,ANN,SYG1_10MAA50CT121A,超高压排汽蒸汽温度#1,℃,Y1_VHP本体,0.9264155030250549,1.353908069078882,1.0515207052230835,387.56256103515625,438.49334716796875,387.56256103515625,438.49334716796875,400.089599609375,432.7432556152344,43311,2025-08-01 00:23:00,2025-08-31 23:59:00
2025-08训练_2025-09测试,train,GRU-RNN,SYG1_10MAA50CT121A,超高压排汽蒸汽温度#1,℃,Y1_VHP本体,0.9592475891113281,1.007563715545771,0.7743397951126099,387.56256103515625,438.49334716796875,387.56256103515625,438.49334716796875,394.2755432128906,436.7705993652344,43311,2025-08-01 00:23:00,2025-08-31 23:59:00
2025-08训练_2025-09测试,train,TCN,SYG1_10MAA50CT121A,超高压排汽蒸汽温度#1,℃,Y1_VHP本体,0.9509100914001465,1.1058394818014066,0.8605899810791016,387.56256103515625,438.49334716796875,387.56256103515625,438.49334716796875,394.182861328125,436.88006591796875,43311,2025-08-01 00:23:00,2025-08-31 23:59:00
2025-08训练_2025-09测试,train,iTransformer-small,SYG1_10MAA50CT121A,超高压排汽蒸汽温度#1,℃,Y1_VHP本体,0.9474969506263733,1.1436369855734045,0.89052414894104,387.56256103515625,438.49334716796875,387.56256103515625,438.49334716796875,395.1357116699219,436.3813781738281,43311,2025-08-01 00:23:00,2025-08-31 23:59:00
2025-08训练_2025-09测试,train,ANN,SYG1_10MAA50CT122A,超高压排汽蒸汽温度#2,℃,Y1_VHP本体,0.9239629507064819,1.3619894120929352,1.047855019569397,385.830322265625,437.0628356933594,385.830322265625,437.0628356933594,400.0372619628906,431.0686950683594,43311,2025-08-01 00:23:00,2025-08-31 23:59:00
2025-08训练_2025-09测试,train,GRU-RNN,SYG1_10MAA50CT122A,超高压排汽蒸汽温度#2,℃,Y1_VHP本体,0.9578949213027954,1.0135106893878114,0.7783359289169312,385.830322265625,437.0628356933594,385.830322265625,437.0628356933594,392.29840087890625,435.25115966796875,43311,2025-08-01 00:23:00,2025-08-31 23:59:00
2025-08训练_2025-09测试,train,TCN,SYG1_10MAA50CT122A,超高压排汽蒸汽温度#2,℃,Y1_VHP本体,0.9451379776000977,1.1569029536649167,0.9018862247467041,385.830322265625,437.0628356933594,385.830322265625,437.0628356933594,392.80126953125,434.7510986328125,43311,2025-08-01 00:23:00,2025-08-31 23:59:00
2025-08训练_2025-09测试,train,iTransformer-small,SYG1_10MAA50CT122A,超高压排汽蒸汽温度#2,℃,Y1_VHP本体,0.945323646068573,1.1549436561250714,0.900120735168457,385.830322265625,437.0628356933594,385.830322265625,437.0628356933594,393.5109558105469,434.3582763671875,43311,2025-08-01 00:23:00,2025-08-31 23:59:00
2025-08训练_2025-09测试,train,ANN,SYG1_10MAA50CT123A,超高压排汽蒸汽温度#3,℃,Y1_VHP本体,0.9212786555290222,1.392433105450857,1.0801236629486084,385.0030517578125,436.24200439453125,385.0030517578125,436.24200439453125,397.9591979980469,429.5406494140625,43311,2025-08-01 00:23:00,2025-08-31 23:59:00
2025-08训练_2025-09测试,train,GRU-RNN,SYG1_10MAA50CT123A,超高压排汽蒸汽温度#3,℃,Y1_VHP本体,0.9562621712684631,1.037902586167757,0.8005293607711792,385.0030517578125,436.24200439453125,385.0030517578125,436.24200439453125,392.4945373535156,434.267578125,43311,2025-08-01 00:23:00,2025-08-31 23:59:00
2025-08训练_2025-09测试,train,TCN,SYG1_10MAA50CT123A,超高压排汽蒸汽温度#3,℃,Y1_VHP本体,0.9483484625816345,1.1278976105591723,0.8784511685371399,385.0030517578125,436.24200439453125,385.0030517578125,436.24200439453125,391.85076904296875,434.35675048828125,43311,2025-08-01 00:23:00,2025-08-31 23:59:00
2025-08训练_2025-09测试,train,iTransformer-small,SYG1_10MAA50CT123A,超高压排汽蒸汽温度#3,℃,Y1_VHP本体,0.9446056485176086,1.1680482052725363,0.9117934107780457,385.0030517578125,436.24200439453125,385.0030517578125,436.24200439453125,392.7529602050781,433.6817932128906,43311,2025-08-01 00:23:00,2025-08-31 23:59:00
2025-08训练_2025-09测试,train,ANN,SYG1_10LBC01CP101,超高压缸A侧排汽垂直管压力,MPa,Y1_VHP本体,0.9939748644828796,0.15522454649668066,0.11560338735580444,3.2663724422454834,11.429443359375,3.2663726806640625,11.429443359375,3.1521973609924316,11.203153610229492,43311,2025-08-01 00:23:00,2025-08-31 23:59:00
2025-08训练_2025-09测试,train,GRU-RNN,SYG1_10LBC01CP101,超高压缸A侧排汽垂直管压力,MPa,Y1_VHP本体,0.998170793056488,0.08552811658640315,0.06465058773756027,3.2663724422454834,11.429443359375,3.2663726806640625,11.429443359375,3.247220993041992,11.482309341430664,43311,2025-08-01 00:23:00,2025-08-31 23:59:00
2025-08训练_2025-09测试,train,TCN,SYG1_10LBC01CP101,超高压缸A侧排汽垂直管压力,MPa,Y1_VHP本体,0.9974369406700134,0.10124131456109614,0.07748977839946747,3.2663724422454834,11.429443359375,3.2663726806640625,11.429443359375,3.146389961242676,11.239288330078125,43311,2025-08-01 00:23:00,2025-08-31 23:59:00
2025-08训练_2025-09测试,train,iTransformer-small,SYG1_10LBC01CP101,超高压缸A侧排汽垂直管压力,MPa,Y1_VHP本体,0.9975122809410095,0.09974164688807637,0.07726848870515823,3.2663724422454834,11.429443359375,3.2663726806640625,11.429443359375,3.1556191444396973,11.45515251159668,43311,2025-08-01 00:23:00,2025-08-31 23:59:00
2025-08训练_2025-09测试,train,ANN,SYG1_10LBC02CP101,超高压缸B侧排汽垂直管压力,MPa,Y1_VHP本体,0.9954853057861328,0.13552996972499431,0.09803498536348343,3.297271490097046,11.532439231872559,3.297271251678467,11.532439231872559,3.0951786041259766,11.384040832519531,43311,2025-08-01 00:23:00,2025-08-31 23:59:00
2025-08训练_2025-09测试,train,GRU-RNN,SYG1_10LBC02CP101,超高压缸B侧排汽垂直管压力,MPa,Y1_VHP本体,0.9979004859924316,0.09242372352963549,0.0707257091999054,3.297271490097046,11.532439231872559,3.297271251678467,11.532439231872559,3.270179271697998,11.611841201782227,43311,2025-08-01 00:23:00,2025-08-31 23:59:00
2025-08训练_2025-09测试,train,TCN,SYG1_10LBC02CP101,超高压缸B侧排汽垂直管压力,MPa,Y1_VHP本体,0.9973328113555908,0.10417127350713214,0.0788588896393776,3.297271490097046,11.532439231872559,3.297271251678467,11.532439231872559,3.223595142364502,11.325260162353516,43311,2025-08-01 00:23:00,2025-08-31 23:59:00
2025-08训练_2025-09测试,train,iTransformer-small,SYG1_10LBC02CP101,超高压缸B侧排汽垂直管压力,MPa,Y1_VHP本体,0.9975697994232178,0.0994353738062357,0.07693437486886978,3.297271490097046,11.532439231872559,3.297271251678467,11.532439231872559,3.2000184059143066,11.54919719696045,43311,2025-08-01 00:23:00,2025-08-31 23:59:00
2025-08训练_2025-09测试,train,ANN,SYG1_10LBC01CT101,超高压缸A侧排汽垂直管温度,℃,Y1_VHP本体,0.9137988090515137,1.7148214351792348,1.257349967956543,382.17132568359375,441.9845275878906,382.17132568359375,441.9845275878906,397.88958740234375,435.5679931640625,43311,2025-08-01 00:23:00,2025-08-31 23:59:00
2025-08训练_2025-09测试,train,GRU-RNN,SYG1_10LBC01CT101,超高压缸A侧排汽垂直管温度,℃,Y1_VHP本体,0.9781790375709534,0.8627784265783354,0.624290406703949,382.17132568359375,441.9845275878906,382.17132568359375,441.9845275878906,391.56463623046875,439.9521789550781,43311,2025-08-01 00:23:00,2025-08-31 23:59:00
2025-08训练_2025-09测试,train,TCN,SYG1_10LBC01CT101,超高压缸A侧排汽垂直管温度,℃,Y1_VHP本体,0.9734098315238953,0.9524080049839242,0.7052323222160339,382.17132568359375,441.9845275878906,382.17132568359375,441.9845275878906,391.6206359863281,439.54229736328125,43311,2025-08-01 00:23:00,2025-08-31 23:59:00
2025-08训练_2025-09测试,train,iTransformer-small,SYG1_10LBC01CT101,超高压缸A侧排汽垂直管温度,℃,Y1_VHP本体,0.9691928625106812,1.0251512229829902,0.7762480974197388,382.17132568359375,441.9845275878906,382.17132568359375,441.9845275878906,390.1902770996094,439.3133544921875,43311,2025-08-01 00:23:00,2025-08-31 23:59:00
2025-08训练_2025-09测试,train,ANN,SYG1_10LBC02CT101,超高压缸B侧排汽垂直管温度,℃,Y1_VHP本体,0.9122815132141113,1.7281736563649948,1.243416666984558,385.55950927734375,444.47808837890625,385.55950927734375,444.47808837890625,400.8977355957031,437.205810546875,43311,2025-08-01 00:23:00,2025-08-31 23:59:00
2025-08训练_2025-09测试,train,GRU-RNN,SYG1_10LBC02CT101,超高压缸B侧排汽垂直管温度,℃,Y1_VHP本体,0.9797666668891907,0.829994502623863,0.6199806928634644,385.55950927734375,444.47808837890625,385.55950927734375,444.47808837890625,394.7575378417969,442.64996337890625,43311,2025-08-01 00:23:00,2025-08-31 23:59:00
2025-08训练_2025-09测试,train,TCN,SYG1_10LBC02CT101,超高压缸B侧排汽垂直管温度,℃,Y1_VHP本体,0.9745128154754639,0.9315420614442687,0.7017235159873962,385.55950927734375,444.47808837890625,385.55950927734375,444.47808837890625,395.0582275390625,442.65704345703125,43311,2025-08-01 00:23:00,2025-08-31 23:59:00
2025-08训练_2025-09测试,train,iTransformer-small,SYG1_10LBC02CT101,超高压缸B侧排汽垂直管温度,℃,Y1_VHP本体,0.9720680713653564,0.9751966767136337,0.7450699210166931,385.55950927734375,444.47808837890625,385.55950927734375,444.47808837890625,392.99591064453125,442.1106872558594,43311,2025-08-01 00:23:00,2025-08-31 23:59:00
2025-08训练_2025-09测试,train,ANN,SYG1_10LBQ10CP101,一级抽汽口压力,MPa,Y2_一级抽汽接口,0.9949800968170166,0.14060207021055332,0.10314802825450897,3.253051280975342,11.34539794921875,3.253051280975342,11.34539794921875,3.0485219955444336,11.16976547241211,43311,2025-08-01 00:23:00,2025-08-31 23:59:00
2025-08训练_2025-09测试,train,GRU-RNN,SYG1_10LBQ10CP101,一级抽汽口压力,MPa,Y2_一级抽汽接口,0.9978938698768616,0.09107268043149866,0.0689714103937149,3.253051280975342,11.34539794921875,3.253051280975342,11.34539794921875,3.214282512664795,11.314831733703613,43311,2025-08-01 00:23:00,2025-08-31 23:59:00
2025-08训练_2025-09测试,train,TCN,SYG1_10LBQ10CP101,一级抽汽口压力,MPa,Y2_一级抽汽接口,0.9974861741065979,0.09949711944283829,0.07629034668207169,3.253051280975342,11.34539794921875,3.253051280975342,11.34539794921875,3.122401714324951,11.199427604675293,43311,2025-08-01 00:23:00,2025-08-31 23:59:00
2025-08训练_2025-09测试,train,iTransformer-small,SYG1_10LBQ10CP101,一级抽汽口压力,MPa,Y2_一级抽汽接口,0.9975483417510986,0.09825891500228924,0.07607701420783997,3.253051280975342,11.34539794921875,3.253051280975342,11.34539794921875,3.149198055267334,11.408060073852539,43311,2025-08-01 00:23:00,2025-08-31 23:59:00
2025-08训练_2025-09测试,train,ANN,SYG1_10LBQ10CT101A,一级抽汽口温度,℃,Y2_一级抽汽接口,0.925045371055603,1.5607728185835528,1.1465332508087158,385.68499755859375,443.54840087890625,385.68499755859375,443.54840087890625,400.86627197265625,436.96697998046875,43311,2025-08-01 00:23:00,2025-08-31 23:59:00
2025-08训练_2025-09测试,train,GRU-RNN,SYG1_10LBQ10CT101A,一级抽汽口温度,℃,Y2_一级抽汽接口,0.9795823097229004,0.8145989669379285,0.593176543712616,385.68499755859375,443.54840087890625,385.68499755859375,443.54840087890625,394.5860290527344,441.2754211425781,43311,2025-08-01 00:23:00,2025-08-31 23:59:00
2025-08训练_2025-09测试,train,TCN,SYG1_10LBQ10CT101A,一级抽汽口温度,℃,Y2_一级抽汽接口,0.9764907956123352,0.8740965061439555,0.6494048833847046,385.68499755859375,443.54840087890625,385.68499755859375,443.54840087890625,394.96905517578125,441.6516418457031,43311,2025-08-01 00:23:00,2025-08-31 23:59:00
2025-08训练_2025-09测试,train,iTransformer-small,SYG1_10LBQ10CT101A,一级抽汽口温度,℃,Y2_一级抽汽接口,0.9714884757995605,0.9626103548472218,0.7293663620948792,385.68499755859375,443.54840087890625,385.68499755859375,443.54840087890625,393.0513000488281,440.86346435546875,43311,2025-08-01 00:23:00,2025-08-31 23:59:00
2025-08训练_2025-09测试,train,ANN,SYG1_10LBQ10CT102,一级抽汽逆止门前水平管管顶温度,℃,Y2_一级抽汽接口,0.9216408133506775,1.5707219287550307,1.1337045431137085,383.3345031738281,439.8227844238281,383.3345031738281,439.8227844238281,398.4814453125,433.6750183105469,43311,2025-08-01 00:23:00,2025-08-31 23:59:00
2025-08训练_2025-09测试,train,GRU-RNN,SYG1_10LBQ10CT102,一级抽汽逆止门前水平管管顶温度,℃,Y2_一级抽汽接口,0.9821398854255676,0.7498884118036968,0.5597962737083435,383.3345031738281,439.8227844238281,383.3345031738281,439.8227844238281,392.2381286621094,437.9000549316406,43311,2025-08-01 00:23:00,2025-08-31 23:59:00
2025-08训练_2025-09测试,train,TCN,SYG1_10LBQ10CT102,一级抽汽逆止门前水平管管顶温度,℃,Y2_一级抽汽接口,0.9783174991607666,0.8262448109566265,0.6291113495826721,383.3345031738281,439.8227844238281,383.3345031738281,439.8227844238281,392.213623046875,437.40924072265625,43311,2025-08-01 00:23:00,2025-08-31 23:59:00
2025-08训练_2025-09测试,train,iTransformer-small,SYG1_10LBQ10CT102,一级抽汽逆止门前水平管管顶温度,℃,Y2_一级抽汽接口,0.9743178486824036,0.899227988744979,0.6905506253242493,383.3345031738281,439.8227844238281,383.3345031738281,439.8227844238281,390.3808288574219,437.4644470214844,43311,2025-08-01 00:23:00,2025-08-31 23:59:00
2025-08训练_2025-09测试,train,ANN,SYG1_10LBQ10CT103,一级抽汽逆止门前水平管管底温度,℃,Y2_一级抽汽接口,0.9274784922599792,1.519488179594246,1.1073065996170044,384.16204833984375,440.4991149902344,384.16204833984375,440.4991149902344,397.65386962890625,434.72735595703125,43311,2025-08-01 00:23:00,2025-08-31 23:59:00
2025-08训练_2025-09测试,train,GRU-RNN,SYG1_10LBQ10CT103,一级抽汽逆止门前水平管管底温度,℃,Y2_一级抽汽接口,0.9827042818069458,0.742049957380158,0.5476617813110352,384.16204833984375,440.4991149902344,384.16204833984375,440.4991149902344,392.1420593261719,439.01324462890625,43311,2025-08-01 00:23:00,2025-08-31 23:59:00
2025-08训练_2025-09测试,train,TCN,SYG1_10LBQ10CT103,一级抽汽逆止门前水平管管底温度,℃,Y2_一级抽汽接口,0.9786233901977539,0.8249606730017569,0.6266534924507141,384.16204833984375,440.4991149902344,384.16204833984375,440.4991149902344,391.7087707519531,437.7189636230469,43311,2025-08-01 00:23:00,2025-08-31 23:59:00
2025-08训练_2025-09测试,train,iTransformer-small,SYG1_10LBQ10CT103,一级抽汽逆止门前水平管管底温度,℃,Y2_一级抽汽接口,0.9744846224784851,0.9012906092622736,0.6894941926002502,384.16204833984375,440.4991149902344,384.16204833984375,440.4991149902344,391.0633850097656,438.3296813964844,43311,2025-08-01 00:23:00,2025-08-31 23:59:00
2025-08训练_2025-09测试,train,ANN,SYG1_10LBQ10CT104,一级抽汽逆止门后水平管管顶温度,℃,Y2_一级抽汽接口,0.9217629432678223,1.546624057336315,1.127293348312378,384.4974365234375,440.54345703125,384.4974365234375,440.54345703125,397.8362121582031,434.4423522949219,43311,2025-08-01 00:23:00,2025-08-31 23:59:00
2025-08训练_2025-09测试,train,GRU-RNN,SYG1_10LBQ10CT104,一级抽汽逆止门后水平管管顶温度,℃,Y2_一级抽汽接口,0.9803693294525146,0.7747224864622644,0.5785676836967468,384.4974365234375,440.54345703125,384.4974365234375,440.54345703125,393.2297058105469,438.4007263183594,43311,2025-08-01 00:23:00,2025-08-31 23:59:00
2025-08训练_2025-09测试,train,TCN,SYG1_10LBQ10CT104,一级抽汽逆止门后水平管管顶温度,℃,Y2_一级抽汽接口,0.9773834347724915,0.8315564802397032,0.6346551775932312,384.4974365234375,440.54345703125,384.4974365234375,440.54345703125,393.0503845214844,437.9990234375,43311,2025-08-01 00:23:00,2025-08-31 23:59:00
2025-08训练_2025-09测试,train,iTransformer-small,SYG1_10LBQ10CT104,一级抽汽逆止门后水平管管顶温度,℃,Y2_一级抽汽接口,0.9726083874702454,0.9151397942758085,0.7033329606056213,384.4974365234375,440.54345703125,384.4974365234375,440.54345703125,391.4851379394531,437.93634033203125,43311,2025-08-01 00:23:00,2025-08-31 23:59:00
2025-08训练_2025-09测试,train,ANN,SYG1_10LBQ10CT105,一级抽汽逆止门后水平管管底温度,℃,Y2_一级抽汽接口,0.9227079153060913,1.5488999339290184,1.123429775238037,383.871337890625,439.7784729003906,383.871337890625,439.7784729003906,397.398193359375,433.4959716796875,43311,2025-08-01 00:23:00,2025-08-31 23:59:00
2025-08训练_2025-09测试,train,GRU-RNN,SYG1_10LBQ10CT105,一级抽汽逆止门后水平管管底温度,℃,Y2_一级抽汽接口,0.9831424951553345,0.7233569485534782,0.5363252758979797,383.871337890625,439.7784729003906,383.871337890625,439.7784729003906,392.3603210449219,438.4339904785156,43311,2025-08-01 00:23:00,2025-08-31 23:59:00
2025-08训练_2025-09测试,train,TCN,SYG1_10LBQ10CT105,一级抽汽逆止门后水平管管底温度,℃,Y2_一级抽汽接口,0.9787378311157227,0.8123804884826579,0.6212243437767029,383.871337890625,439.7784729003906,383.871337890625,439.7784729003906,392.1661376953125,437.22222900390625,43311,2025-08-01 00:23:00,2025-08-31 23:59:00
2025-08训练_2025-09测试,train,iTransformer-small,SYG1_10LBQ10CT105,一级抽汽逆止门后水平管管底温度,℃,Y2_一级抽汽接口,0.974524974822998,0.8892276241843015,0.6824437975883484,383.871337890625,439.7784729003906,383.871337890625,439.7784729003906,390.73638916015625,437.5789794921875,43311,2025-08-01 00:23:00,2025-08-31 23:59:00
2025-08训练_2025-09测试,train,ANN,SYG1_10LBQ10CP102,1号高加入口抽汽压力,MPa,Y2_一级抽汽接口,0.9942985773086548,0.145473418555241,0.10919199138879776,3.31072998046875,11.1632080078125,3.310730457305908,11.1632080078125,3.1374568939208984,11.0136137008667,43311,2025-08-01 00:23:00,2025-08-31 23:59:00
2025-08训练_2025-09测试,train,GRU-RNN,SYG1_10LBQ10CP102,1号高加入口抽汽压力,MPa,Y2_一级抽汽接口,0.9981236457824707,0.08345409642136087,0.06316789239645004,3.31072998046875,11.1632080078125,3.310730457305908,11.1632080078125,3.2905774116516113,11.324455261230469,43311,2025-08-01 00:23:00,2025-08-31 23:59:00
2025-08训练_2025-09测试,train,TCN,SYG1_10LBQ10CP102,1号高加入口抽汽压力,MPa,Y2_一级抽汽接口,0.9976239800453186,0.09391083927492457,0.07220055162906647,3.31072998046875,11.1632080078125,3.310730457305908,11.1632080078125,3.2429933547973633,11.008413314819336,43311,2025-08-01 00:23:00,2025-08-31 23:59:00
2025-08训练_2025-09测试,train,iTransformer-small,SYG1_10LBQ10CP102,1号高加入口抽汽压力,MPa,Y2_一级抽汽接口,0.9975218176841736,0.09590938295882216,0.0742526575922966,3.31072998046875,11.1632080078125,3.310730457305908,11.1632080078125,3.1959362030029297,11.233745574951172,43311,2025-08-01 00:23:00,2025-08-31 23:59:00
2025-08训练_2025-09测试,train,ANN,SYG1_10LBQ10CT106,1号高加入口抽汽温度,℃,Y2_一级抽汽接口,0.9177162647247314,1.552543657214235,1.1353143453598022,383.4798583984375,438.8137512207031,383.4798583984375,438.8137512207031,398.66058349609375,433.65771484375,43311,2025-08-01 00:23:00,2025-08-31 23:59:00
2025-08训练_2025-09测试,train,GRU-RNN,SYG1_10LBQ10CT106,1号高加入口抽汽温度,℃,Y2_一级抽汽接口,0.9802367687225342,0.7608788579320013,0.5690022110939026,383.4798583984375,438.8137512207031,383.4798583984375,438.8137512207031,391.351318359375,436.9346618652344,43311,2025-08-01 00:23:00,2025-08-31 23:59:00
2025-08训练_2025-09测试,train,TCN,SYG1_10LBQ10CT106,1号高加入口抽汽温度,℃,Y2_一级抽汽接口,0.9754096865653992,0.848728749566778,0.6508612036705017,383.4798583984375,438.8137512207031,383.4798583984375,438.8137512207031,391.73797607421875,436.4958801269531,43311,2025-08-01 00:23:00,2025-08-31 23:59:00
2025-08训练_2025-09测试,train,iTransformer-small,SYG1_10LBQ10CT106,1号高加入口抽汽温度,℃,Y2_一级抽汽接口,0.9706745147705078,0.9268504539629805,0.7147008180618286,383.4798583984375,438.8137512207031,383.4798583984375,438.8137512207031,390.5618896484375,436.20294189453125,43311,2025-08-01 00:23:00,2025-08-31 23:59:00
2025-08训练_2025-09测试,train,ANN,SYG1_10LBC20CT101,一次低温再热逆止阀前母管管底温度,℃,Y3_VHP至RH1接口,0.9246727228164673,1.5596919194477794,1.1337100267410278,385.76080322265625,442.2284240722656,385.76080322265625,442.2284240722656,400.1199035644531,436.1065673828125,43311,2025-08-01 00:23:00,2025-08-31 23:59:00
2025-08训练_2025-09测试,train,GRU-RNN,SYG1_10LBC20CT101,一次低温再热逆止阀前母管管底温度,℃,Y3_VHP至RH1接口,0.9827194809913635,0.7470354458520118,0.5536482334136963,385.76080322265625,442.2284240722656,385.76080322265625,442.2284240722656,394.6197814941406,440.3468322753906,43311,2025-08-01 00:23:00,2025-08-31 23:59:00
2025-08训练_2025-09测试,train,TCN,SYG1_10LBC20CT101,一次低温再热逆止阀前母管管底温度,℃,Y3_VHP至RH1接口,0.9791038632392883,0.8214775894182275,0.6213366985321045,385.76080322265625,442.2284240722656,385.76080322265625,442.2284240722656,394.6144714355469,439.2728576660156,43311,2025-08-01 00:23:00,2025-08-31 23:59:00
2025-08训练_2025-09测试,train,iTransformer-small,SYG1_10LBC20CT101,一次低温再热逆止阀前母管管底温度,℃,Y3_VHP至RH1接口,0.975881040096283,0.8825556626204625,0.6780802607536316,385.76080322265625,442.2284240722656,385.76080322265625,442.2284240722656,392.49700927734375,439.55377197265625,43311,2025-08-01 00:23:00,2025-08-31 23:59:00
2025-08训练_2025-09测试,train,ANN,SYG1_10LBC20CT103,一次低温再热逆止阀后水平管管顶温度,℃,Y3_VHP至RH1接口,0.9231107831001282,1.5846959407869714,1.1532284021377563,384.59814453125,441.3638000488281,384.59814453125,441.3638000488281,399.536865234375,435.016845703125,43311,2025-08-01 00:23:00,2025-08-31 23:59:00
2025-08训练_2025-09测试,train,GRU-RNN,SYG1_10LBC20CT103,一次低温再热逆止阀后水平管管顶温度,℃,Y3_VHP至RH1接口,0.9819574356079102,0.7676487082140615,0.5693995952606201,384.59814453125,441.3638000488281,384.59814453125,441.3638000488281,393.4002380371094,439.2059020996094,43311,2025-08-01 00:23:00,2025-08-31 23:59:00
2025-08训练_2025-09测试,train,TCN,SYG1_10LBC20CT103,一次低温再热逆止阀后水平管管顶温度,℃,Y3_VHP至RH1接口,0.9789823889732361,0.828523611905217,0.6231308579444885,384.59814453125,441.3638000488281,384.59814453125,441.3638000488281,393.5467224121094,439.0028076171875,43311,2025-08-01 00:23:00,2025-08-31 23:59:00
2025-08训练_2025-09测试,train,iTransformer-small,SYG1_10LBC20CT103,一次低温再热逆止阀后水平管管顶温度,℃,Y3_VHP至RH1接口,0.9751968383789062,0.9000508625175362,0.6882833242416382,384.59814453125,441.3638000488281,384.59814453125,441.3638000488281,391.28851318359375,438.9972229003906,43311,2025-08-01 00:23:00,2025-08-31 23:59:00
2025-08训练_2025-09测试,train,ANN,SYG1_10LBC20CT104,一次低温再热逆止阀后水平管管底温度,℃,Y3_VHP至RH1接口,0.9188641905784607,1.5959482926809931,1.1538951396942139,388.219482421875,443.369873046875,388.219482421875,443.369873046875,402.21295166015625,437.39898681640625,43311,2025-08-01 00:23:00,2025-08-31 23:59:00
2025-08训练_2025-09测试,train,GRU-RNN,SYG1_10LBC20CT104,一次低温再热逆止阀后水平管管底温度,℃,Y3_VHP至RH1接口,0.9848634004592896,0.6893297901010237,0.5214682817459106,388.219482421875,443.369873046875,388.219482421875,443.369873046875,397.9675598144531,441.215576171875,43311,2025-08-01 00:23:00,2025-08-31 23:59:00
2025-08训练_2025-09测试,train,TCN,SYG1_10LBC20CT104,一次低温再热逆止阀后水平管管底温度,℃,Y3_VHP至RH1接口,0.9780724048614502,0.8296745126860804,0.6406716108322144,388.219482421875,443.369873046875,388.219482421875,443.369873046875,396.9989013671875,440.4898681640625,43311,2025-08-01 00:23:00,2025-08-31 23:59:00
2025-08训练_2025-09测试,train,iTransformer-small,SYG1_10LBC20CT104,一次低温再热逆止阀后水平管管底温度,℃,Y3_VHP至RH1接口,0.9768680930137634,0.8521543423476262,0.6622986197471619,388.219482421875,443.369873046875,388.219482421875,443.369873046875,394.8404235839844,440.6299743652344,43311,2025-08-01 00:23:00,2025-08-31 23:59:00
2025-08训练_2025-09测试,train,ANN,SYG1_10MAA50CT111A,超高压内缸壁温90%处#1,℃,Y4_VHP缸体与内部蒸汽,0.9298187494277954,1.198460789818491,0.9083826541900635,542.2184448242188,595.8546142578125,542.2184448242188,595.8546142578125,559.278076171875,586.1025390625,43311,2025-08-01 00:23:00,2025-08-31 23:59:00
2025-08训练_2025-09测试,train,GRU-RNN,SYG1_10MAA50CT111A,超高压内缸壁温90%处#1,℃,Y4_VHP缸体与内部蒸汽,0.9775825142860413,0.6773399722512042,0.5270544290542603,542.2184448242188,595.8546142578125,542.2184448242188,595.8546142578125,552.2073974609375,589.4270629882812,43311,2025-08-01 00:23:00,2025-08-31 23:59:00
2025-08训练_2025-09测试,train,TCN,SYG1_10MAA50CT111A,超高压内缸壁温90%处#1,℃,Y4_VHP缸体与内部蒸汽,0.9750277996063232,0.7148941105680975,0.5563547015190125,542.2184448242188,595.8546142578125,542.2184448242188,595.8546142578125,552.0597534179688,592.5343627929688,43311,2025-08-01 00:23:00,2025-08-31 23:59:00
2025-08训练_2025-09测试,train,iTransformer-small,SYG1_10MAA50CT111A,超高压内缸壁温90%处#1,℃,Y4_VHP缸体与内部蒸汽,0.958432137966156,0.9223421497256772,0.7053590416908264,542.2184448242188,595.8546142578125,542.2184448242188,595.8546142578125,556.9737548828125,593.1661987304688,43311,2025-08-01 00:23:00,2025-08-31 23:59:00
2025-08训练_2025-09测试,train,ANN,SYG1_10MAA50CT112A,超高压内缸壁温90%处#2,℃,Y4_VHP缸体与内部蒸汽,0.9365703463554382,1.227630830307153,0.9225711822509766,546.23583984375,606.1876831054688,546.23583984375,606.1876831054688,563.5458374023438,594.7716674804688,43311,2025-08-01 00:23:00,2025-08-31 23:59:00
2025-08训练_2025-09测试,train,GRU-RNN,SYG1_10MAA50CT112A,超高压内缸壁温90%处#2,℃,Y4_VHP缸体与内部蒸汽,0.978689968585968,0.7115636311062621,0.5419636368751526,546.23583984375,606.1876831054688,546.23583984375,606.1876831054688,557.9674682617188,598.2277221679688,43311,2025-08-01 00:23:00,2025-08-31 23:59:00
2025-08训练_2025-09测试,train,TCN,SYG1_10MAA50CT112A,超高压内缸壁温90%处#2,℃,Y4_VHP缸体与内部蒸汽,0.9758471846580505,0.7575401131235101,0.5840907692909241,546.23583984375,606.1876831054688,546.23583984375,606.1876831054688,556.3648071289062,601.0223999023438,43311,2025-08-01 00:23:00,2025-08-31 23:59:00
2025-08训练_2025-09测试,train,iTransformer-small,SYG1_10MAA50CT112A,超高压内缸壁温90%处#2,℃,Y4_VHP缸体与内部蒸汽,0.9573230147361755,1.0069746334475966,0.7587557435035706,546.23583984375,606.1876831054688,546.23583984375,606.1876831054688,562.873779296875,601.9158325195312,43311,2025-08-01 00:23:00,2025-08-31 23:59:00
2025-08训练_2025-09测试,train,ANN,SYG1_10MAA50CT131A,超高压缸蒸汽温度100%,℃,Y4_VHP缸体与内部蒸汽,0.8845479488372803,1.850296553478774,1.4507184028625488,500.140625,545.9496459960938,500.1405944824219,545.9496459960938,511.04998779296875,541.263671875,43311,2025-08-01 00:23:00,2025-08-31 23:59:00
2025-08训练_2025-09测试,train,GRU-RNN,SYG1_10MAA50CT131A,超高压缸蒸汽温度100%,℃,Y4_VHP缸体与内部蒸汽,0.9791015386581421,0.7872232208082598,0.6027286052703857,500.140625,545.9496459960938,500.1405944824219,545.9496459960938,509.0602722167969,544.257568359375,43311,2025-08-01 00:23:00,2025-08-31 23:59:00
2025-08训练_2025-09测试,train,TCN,SYG1_10MAA50CT131A,超高压缸蒸汽温度100%,℃,Y4_VHP缸体与内部蒸汽,0.971649169921875,0.9169034904832913,0.7044391632080078,500.140625,545.9496459960938,500.1405944824219,545.9496459960938,507.2898864746094,544.4413452148438,43311,2025-08-01 00:23:00,2025-08-31 23:59:00
2025-08训练_2025-09测试,train,iTransformer-small,SYG1_10MAA50CT131A,超高压缸蒸汽温度100%,℃,Y4_VHP缸体与内部蒸汽,0.9610220193862915,1.0751033400611347,0.833199143409729,500.140625,545.9496459960938,500.1405944824219,545.9496459960938,506.2776184082031,544.932373046875,43311,2025-08-01 00:23:00,2025-08-31 23:59:00
2025-08训练_2025-09测试,test,ANN,SYG1_10MAA50CP101,超高压缸叶片级压力#1,MPa,Y1_VHP本体,0.9892138242721558,0.4981084299382799,0.2801453769207001,6.738739013671875,24.0399169921875,6.7364501953125,23.941497802734375,6.439891815185547,22.8818359375,40120,2025-09-01 00:23:00,2025-09-30 23:59:00
2025-08训练_2025-09测试,test,GRU-RNN,SYG1_10MAA50CP101,超高压缸叶片级压力#1,MPa,Y1_VHP本体,0.9981104731559753,0.20848119177707844,0.14909864962100983,6.738739013671875,24.0399169921875,6.7364501953125,23.941497802734375,6.542079925537109,23.71465492248535,40120,2025-09-01 00:23:00,2025-09-30 23:59:00
2025-08训练_2025-09测试,test,TCN,SYG1_10MAA50CP101,超高压缸叶片级压力#1,MPa,Y1_VHP本体,0.9963114857673645,0.2912826081469267,0.21986888349056244,6.738739013671875,24.0399169921875,6.7364501953125,23.941497802734375,6.849244117736816,23.402915954589844,40120,2025-09-01 00:23:00,2025-09-30 23:59:00
2025-08训练_2025-09测试,test,iTransformer-small,SYG1_10MAA50CP101,超高压缸叶片级压力#1,MPa,Y1_VHP本体,0.995616614818573,0.3175381089791111,0.183693990111351,6.738739013671875,24.0399169921875,6.7364501953125,23.941497802734375,6.617097854614258,23.515859603881836,40120,2025-09-01 00:23:00,2025-09-30 23:59:00
2025-08训练_2025-09测试,test,ANN,SYG1_10MAA50CP102,超高压缸叶片级压力#2,MPa,Y1_VHP本体,0.9914454817771912,0.44348433493888967,0.23191721737384796,6.743316650390625,24.042205810546875,6.738739967346191,23.93463134765625,6.297920227050781,22.739337921142578,40120,2025-09-01 00:23:00,2025-09-30 23:59:00
2025-08训练_2025-09测试,test,GRU-RNN,SYG1_10MAA50CP102,超高压缸叶片级压力#2,MPa,Y1_VHP本体,0.9978063106536865,0.22457811718588194,0.15927816927433014,6.743316650390625,24.042205810546875,6.738739967346191,23.93463134765625,6.650996208190918,23.793107986450195,40120,2025-09-01 00:23:00,2025-09-30 23:59:00
2025-08训练_2025-09测试,test,TCN,SYG1_10MAA50CP102,超高压缸叶片级压力#2,MPa,Y1_VHP本体,0.997051477432251,0.2603645304306983,0.19270668923854828,6.743316650390625,24.042205810546875,6.738739967346191,23.93463134765625,6.78286075592041,23.05835723876953,40120,2025-09-01 00:23:00,2025-09-30 23:59:00
2025-08训练_2025-09测试,test,iTransformer-small,SYG1_10MAA50CP102,超高压缸叶片级压力#2,MPa,Y1_VHP本体,0.9953202605247498,0.32801383269758017,0.185547336935997,6.743316650390625,24.042205810546875,6.738739967346191,23.93463134765625,6.675477027893066,23.478618621826172,40120,2025-09-01 00:23:00,2025-09-30 23:59:00
2025-08训练_2025-09测试,test,ANN,SYG1_10MAA50CP103,超高压缸叶片级压力#3,MPa,Y1_VHP本体,0.9931093454360962,0.39798626873516374,0.2089562565088272,6.741027355194092,24.037626266479492,6.734160423278809,23.927764892578125,6.421472549438477,22.804176330566406,40120,2025-09-01 00:23:00,2025-09-30 23:59:00
2025-08训练_2025-09测试,test,GRU-RNN,SYG1_10MAA50CP103,超高压缸叶片级压力#3,MPa,Y1_VHP本体,0.9955591559410095,0.3195007202374634,0.19546669721603394,6.741027355194092,24.037626266479492,6.734160423278809,23.927764892578125,6.734830856323242,23.59341812133789,40120,2025-09-01 00:23:00,2025-09-30 23:59:00
2025-08训练_2025-09测试,test,TCN,SYG1_10MAA50CP103,超高压缸叶片级压力#3,MPa,Y1_VHP本体,0.9970490336418152,0.26044643073061186,0.20083080232143402,6.741027355194092,24.037626266479492,6.734160423278809,23.927764892578125,6.757383346557617,23.210153579711914,40120,2025-09-01 00:23:00,2025-09-30 23:59:00
2025-08训练_2025-09测试,test,iTransformer-small,SYG1_10MAA50CP103,超高压缸叶片级压力#3,MPa,Y1_VHP本体,0.9955892562866211,0.3184148587983627,0.18517202138900757,6.741027355194092,24.037626266479492,6.734160423278809,23.927764892578125,6.642022132873535,23.43219566345215,40120,2025-09-01 00:23:00,2025-09-30 23:59:00
2025-08训练_2025-09测试,test,ANN,SYG1_10MAA50CT121A,超高压排汽蒸汽温度#1,℃,Y1_VHP本体,0.8704649209976196,2.1803274001555124,1.5035372972488403,387.56256103515625,438.49334716796875,383.77294921875,439.0256042480469,400.1295471191406,432.5538635253906,40120,2025-09-01 00:23:00,2025-09-30 23:59:00
2025-08训练_2025-09测试,test,GRU-RNN,SYG1_10MAA50CT121A,超高压排汽蒸汽温度#1,℃,Y1_VHP本体,0.9407286643981934,1.4748589108764192,1.080114722251892,387.56256103515625,438.49334716796875,383.77294921875,439.0256042480469,395.5514831542969,437.8277893066406,40120,2025-09-01 00:23:00,2025-09-30 23:59:00
2025-08训练_2025-09测试,test,TCN,SYG1_10MAA50CT121A,超高压排汽蒸汽温度#1,℃,Y1_VHP本体,0.9276357889175415,1.6296338987816337,1.1690541505813599,387.56256103515625,438.49334716796875,383.77294921875,439.0256042480469,395.82000732421875,436.79248046875,40120,2025-09-01 00:23:00,2025-09-30 23:59:00
2025-08训练_2025-09测试,test,iTransformer-small,SYG1_10MAA50CT121A,超高压排汽蒸汽温度#1,℃,Y1_VHP本体,0.910210907459259,1.8152644024198648,1.255476474761963,387.56256103515625,438.49334716796875,383.77294921875,439.0256042480469,396.7664794921875,435.79931640625,40120,2025-09-01 00:23:00,2025-09-30 23:59:00
2025-08训练_2025-09测试,test,ANN,SYG1_10MAA50CT122A,超高压排汽蒸汽温度#2,℃,Y1_VHP本体,0.8565869331359863,2.262331653886431,1.515695333480835,385.830322265625,437.0628356933594,381.70404052734375,437.306884765625,400.0168151855469,430.81610107421875,40120,2025-09-01 00:23:00,2025-09-30 23:59:00
2025-08训练_2025-09测试,test,GRU-RNN,SYG1_10MAA50CT122A,超高压排汽蒸汽温度#2,℃,Y1_VHP本体,0.9410520792007446,1.4504278439678586,1.078218698501587,385.830322265625,437.0628356933594,381.70404052734375,437.306884765625,392.9848327636719,435.964111328125,40120,2025-09-01 00:23:00,2025-09-30 23:59:00
2025-08训练_2025-09测试,test,TCN,SYG1_10MAA50CT122A,超高压排汽蒸汽温度#2,℃,Y1_VHP本体,0.9226610660552979,1.6613495251972257,1.2098687887191772,385.830322265625,437.0628356933594,381.70404052734375,437.306884765625,393.7449035644531,434.7496643066406,40120,2025-09-01 00:23:00,2025-09-30 23:59:00
2025-08训练_2025-09测试,test,iTransformer-small,SYG1_10MAA50CT122A,超高压排汽蒸汽温度#2,℃,Y1_VHP本体,0.9069926738739014,1.821883281080424,1.2681331634521484,385.830322265625,437.0628356933594,381.70404052734375,437.306884765625,395.12481689453125,433.8155822753906,40120,2025-09-01 00:23:00,2025-09-30 23:59:00
2025-08训练_2025-09测试,test,ANN,SYG1_10MAA50CT123A,超高压排汽蒸汽温度#3,℃,Y1_VHP本体,0.8628144264221191,2.230911344585141,1.5579878091812134,385.0030517578125,436.24200439453125,381.21173095703125,436.91864013671875,398.0963134765625,429.32464599609375,40120,2025-09-01 00:23:00,2025-09-30 23:59:00
2025-08训练_2025-09测试,test,GRU-RNN,SYG1_10MAA50CT123A,超高压排汽蒸汽温度#3,℃,Y1_VHP本体,0.9384428858757019,1.4944013380587875,1.0862973928451538,385.0030517578125,436.24200439453125,381.21173095703125,436.91864013671875,393.2740478515625,435.138427734375,40120,2025-09-01 00:23:00,2025-09-30 23:59:00
2025-08训练_2025-09测试,test,TCN,SYG1_10MAA50CT123A,超高压排汽蒸汽温度#3,℃,Y1_VHP本体,0.923999547958374,1.6604891813454723,1.1882942914962769,385.0030517578125,436.24200439453125,381.21173095703125,436.91864013671875,393.52734375,434.2699279785156,40120,2025-09-01 00:23:00,2025-09-30 23:59:00
2025-08训练_2025-09测试,test,iTransformer-small,SYG1_10MAA50CT123A,超高压排汽蒸汽温度#3,℃,Y1_VHP本体,0.9087721109390259,1.81924754412801,1.270422339439392,385.0030517578125,436.24200439453125,381.21173095703125,436.91864013671875,394.41864013671875,433.1466064453125,40120,2025-09-01 00:23:00,2025-09-30 23:59:00
2025-08训练_2025-09测试,test,ANN,SYG1_10LBC01CP101,超高压缸A侧排汽垂直管压力,MPa,Y1_VHP本体,0.9919460415840149,0.20927915550084966,0.14392539858818054,3.2663724422454834,11.429443359375,3.2251744270324707,11.466064453125,3.06864070892334,11.228597640991211,40120,2025-09-01 00:23:00,2025-09-30 23:59:00
2025-08训练_2025-09测试,test,GRU-RNN,SYG1_10LBC01CP101,超高压缸A侧排汽垂直管压力,MPa,Y1_VHP本体,0.9959847331047058,0.14776743683819024,0.1044219508767128,3.2663724422454834,11.429443359375,3.2251744270324707,11.466064453125,3.218027114868164,11.51418685913086,40120,2025-09-01 00:23:00,2025-09-30 23:59:00
2025-08训练_2025-09测试,test,TCN,SYG1_10LBC01CP101,超高压缸A侧排汽垂直管压力,MPa,Y1_VHP本体,0.9969810247421265,0.12812999157370175,0.09974992275238037,3.2663724422454834,11.429443359375,3.2251744270324707,11.466064453125,3.196356773376465,11.278526306152344,40120,2025-09-01 00:23:00,2025-09-30 23:59:00
2025-08训练_2025-09测试,test,iTransformer-small,SYG1_10LBC01CP101,超高压缸A侧排汽垂直管压力,MPa,Y1_VHP本体,0.9958486557006836,0.15025030748903925,0.10380770266056061,3.2663724422454834,11.429443359375,3.2251744270324707,11.466064453125,3.1475701332092285,11.43002700805664,40120,2025-09-01 00:23:00,2025-09-30 23:59:00
2025-08训练_2025-09测试,test,ANN,SYG1_10LBC02CP101,超高压缸B侧排汽垂直管压力,MPa,Y1_VHP本体,0.9932867288589478,0.19280523793472618,0.12840783596038818,3.297271490097046,11.532439231872559,3.2572174072265625,11.574783325195312,2.9360790252685547,11.444472312927246,40120,2025-09-01 00:23:00,2025-09-30 23:59:00
2025-08训练_2025-09测试,test,GRU-RNN,SYG1_10LBC02CP101,超高压缸B侧排汽垂直管压力,MPa,Y1_VHP本体,0.9965329170227051,0.1385584689888776,0.10150545835494995,3.297271490097046,11.532439231872559,3.2572174072265625,11.574783325195312,3.2265000343322754,11.628702163696289,40120,2025-09-01 00:23:00,2025-09-30 23:59:00
2025-08训练_2025-09测试,test,TCN,SYG1_10LBC02CP101,超高压缸B侧排汽垂直管压力,MPa,Y1_VHP本体,0.9969760179519653,0.1294022036023201,0.09994912892580032,3.297271490097046,11.532439231872559,3.2572174072265625,11.574783325195312,3.263583183288574,11.360615730285645,40120,2025-09-01 00:23:00,2025-09-30 23:59:00
2025-08训练_2025-09测试,test,iTransformer-small,SYG1_10LBC02CP101,超高压缸B侧排汽垂直管压力,MPa,Y1_VHP本体,0.9959930777549744,0.14895633321588578,0.1018177792429924,3.297271490097046,11.532439231872559,3.2572174072265625,11.574783325195312,3.1912217140197754,11.538151741027832,40120,2025-09-01 00:23:00,2025-09-30 23:59:00
2025-08训练_2025-09测试,test,ANN,SYG1_10LBC01CT101,超高压缸A侧排汽垂直管温度,℃,Y1_VHP本体,0.8677100539207458,2.5235829030948684,1.7784281969070435,382.17132568359375,441.9845275878906,383.4685974121094,442.47235107421875,398.2823791503906,434.96417236328125,40120,2025-09-01 00:23:00,2025-09-30 23:59:00
2025-08训练_2025-09测试,test,GRU-RNN,SYG1_10LBC01CT101,超高压缸A侧排汽垂直管温度,℃,Y1_VHP本体,0.9631694555282593,1.3315519214380915,0.9741100072860718,382.17132568359375,441.9845275878906,383.4685974121094,442.47235107421875,393.54534912109375,441.2754211425781,40120,2025-09-01 00:23:00,2025-09-30 23:59:00
2025-08训练_2025-09测试,test,TCN,SYG1_10LBC01CT101,超高压缸A侧排汽垂直管温度,℃,Y1_VHP本体,0.9504920840263367,1.543801384815831,1.1022676229476929,382.17132568359375,441.9845275878906,383.4685974121094,442.47235107421875,393.0986022949219,440.20184326171875,40120,2025-09-01 00:23:00,2025-09-30 23:59:00
2025-08训练_2025-09测试,test,iTransformer-small,SYG1_10LBC01CT101,超高压缸A侧排汽垂直管温度,℃,Y1_VHP本体,0.9405830502510071,1.691255981254292,1.2162010669708252,382.17132568359375,441.9845275878906,383.4685974121094,442.47235107421875,392.5295715332031,438.33172607421875,40120,2025-09-01 00:23:00,2025-09-30 23:59:00
2025-08训练_2025-09测试,test,ANN,SYG1_10LBC02CT101,超高压缸B侧排汽垂直管温度,℃,Y1_VHP本体,0.8714966773986816,2.46947565157948,1.6942979097366333,385.55950927734375,444.47808837890625,386.8560485839844,444.9656982421875,401.1297607421875,436.86553955078125,40120,2025-09-01 00:23:00,2025-09-30 23:59:00
2025-08训练_2025-09测试,test,GRU-RNN,SYG1_10LBC02CT101,超高压缸B侧排汽垂直管温度,℃,Y1_VHP本体,0.9681658744812012,1.2291196178332795,0.8935287594795227,385.55950927734375,444.47808837890625,386.8560485839844,444.9656982421875,396.076171875,444.63922119140625,40120,2025-09-01 00:23:00,2025-09-30 23:59:00
2025-08训练_2025-09测试,test,TCN,SYG1_10LBC02CT101,超高压缸B侧排汽垂直管温度,℃,Y1_VHP本体,0.955971896648407,1.4454819863409933,1.0164936780929565,385.55950927734375,444.47808837890625,386.8560485839844,444.9656982421875,396.2971496582031,442.98138427734375,40120,2025-09-01 00:23:00,2025-09-30 23:59:00
2025-08训练_2025-09测试,test,iTransformer-small,SYG1_10LBC02CT101,超高压缸B侧排汽垂直管温度,℃,Y1_VHP本体,0.9470390677452087,1.5853508677051653,1.11921226978302,385.55950927734375,444.47808837890625,386.8560485839844,444.9656982421875,395.6203918457031,441.1817626953125,40120,2025-09-01 00:23:00,2025-09-30 23:59:00
2025-08训练_2025-09测试,test,ANN,SYG1_10LBQ10CP101,一级抽汽口压力,MPa,Y2_一级抽汽接口,0.9925318956375122,0.19994656064930963,0.13349996507167816,3.253051280975342,11.34539794921875,3.212769031524658,11.384765625,2.921783924102783,11.217877388000488,40120,2025-09-01 00:23:00,2025-09-30 23:59:00
2025-08训练_2025-09测试,test,GRU-RNN,SYG1_10LBQ10CP101,一级抽汽口压力,MPa,Y2_一级抽汽接口,0.9965012669563293,0.13685557467082385,0.10450843721628189,3.253051280975342,11.34539794921875,3.212769031524658,11.384765625,3.268444061279297,11.502859115600586,40120,2025-09-01 00:23:00,2025-09-30 23:59:00
2025-08训练_2025-09测试,test,TCN,SYG1_10LBQ10CP101,一级抽汽口压力,MPa,Y2_一级抽汽接口,0.9967858791351318,0.13117133860112037,0.10059858858585358,3.253051280975342,11.34539794921875,3.212769031524658,11.384765625,3.1146726608276367,11.196002960205078,40120,2025-09-01 00:23:00,2025-09-30 23:59:00
2025-08训练_2025-09测试,test,iTransformer-small,SYG1_10LBQ10CP101,一级抽汽口压力,MPa,Y2_一级抽汽接口,0.9957596063613892,0.15066488450221482,0.10273130983114243,3.253051280975342,11.34539794921875,3.212769031524658,11.384765625,3.1439437866210938,11.383267402648926,40120,2025-09-01 00:23:00,2025-09-30 23:59:00
2025-08训练_2025-09测试,test,ANN,SYG1_10LBQ10CT101A,一级抽汽口温度,℃,Y2_一级抽汽接口,0.884259819984436,2.2977089957234185,1.5664968490600586,385.68499755859375,443.54840087890625,386.06500244140625,444.2243957519531,401.1444396972656,436.44122314453125,40120,2025-09-01 00:23:00,2025-09-30 23:59:00
2025-08训练_2025-09测试,test,GRU-RNN,SYG1_10LBQ10CT101A,一级抽汽口温度,℃,Y2_一级抽汽接口,0.9652090072631836,1.2597562567783935,0.8817747831344604,385.68499755859375,443.54840087890625,386.06500244140625,444.2243957519531,396.3678283691406,442.86370849609375,40120,2025-09-01 00:23:00,2025-09-30 23:59:00
2025-08训练_2025-09测试,test,TCN,SYG1_10LBQ10CT101A,一级抽汽口温度,℃,Y2_一级抽汽接口,0.9571703672409058,1.3977359311892223,0.9676609039306641,385.68499755859375,443.54840087890625,386.06500244140625,444.2243957519531,395.2989501953125,442.0822448730469,40120,2025-09-01 00:23:00,2025-09-30 23:59:00
2025-08训练_2025-09测试,test,iTransformer-small,SYG1_10LBQ10CT101A,一级抽汽口温度,℃,Y2_一级抽汽接口,0.9442166090011597,1.5951643259428994,1.11650550365448,385.68499755859375,443.54840087890625,386.06500244140625,444.2243957519531,395.44732666015625,440.0732727050781,40120,2025-09-01 00:23:00,2025-09-30 23:59:00
2025-08训练_2025-09测试,test,ANN,SYG1_10LBQ10CT102,一级抽汽逆止门前水平管管顶温度,℃,Y2_一级抽汽接口,0.8710686564445496,2.3933576536226875,1.6053252220153809,383.3345031738281,439.8227844238281,383.3232116699219,440.4548645019531,398.56243896484375,433.29327392578125,40120,2025-09-01 00:23:00,2025-09-30 23:59:00
2025-08训练_2025-09测试,test,GRU-RNN,SYG1_10LBQ10CT102,一级抽汽逆止门前水平管管顶温度,℃,Y2_一级抽汽接口,0.9686053395271301,1.1810177509126973,0.8351021409034729,383.3345031738281,439.8227844238281,383.3232116699219,440.4548645019531,392.91259765625,439.818603515625,40120,2025-09-01 00:23:00,2025-09-30 23:59:00
2025-08训练_2025-09测试,test,TCN,SYG1_10LBQ10CT102,一级抽汽逆止门前水平管管顶温度,℃,Y2_一级抽汽接口,0.9563911557197571,1.3919246472538707,0.9457529783248901,383.3345031738281,439.8227844238281,383.3232116699219,440.4548645019531,393.4479675292969,438.4254150390625,40120,2025-09-01 00:23:00,2025-09-30 23:59:00
2025-08训练_2025-09测试,test,iTransformer-small,SYG1_10LBQ10CT102,一级抽汽逆止门前水平管管顶温度,℃,Y2_一级抽汽接口,0.9460099935531616,1.5487628552609136,1.059799075126648,383.3345031738281,439.8227844238281,383.3232116699219,440.4548645019531,392.9918212890625,436.68597412109375,40120,2025-09-01 00:23:00,2025-09-30 23:59:00
2025-08训练_2025-09测试,test,ANN,SYG1_10LBQ10CT103,一级抽汽逆止门前水平管管底温度,℃,Y2_一级抽汽接口,0.8885421752929688,2.2431256926613345,1.559169888496399,384.16204833984375,440.4991149902344,384.1507263183594,441.4193420410156,398.18524169921875,434.110107421875,40120,2025-09-01 00:23:00,2025-09-30 23:59:00
2025-08训练_2025-09测试,test,GRU-RNN,SYG1_10LBQ10CT103,一级抽汽逆止门前水平管管底温度,℃,Y2_一级抽汽接口,0.9686681032180786,1.1893005273208213,0.8470048904418945,384.16204833984375,440.4991149902344,384.1507263183594,441.4193420410156,393.7101745605469,440.761474609375,40120,2025-09-01 00:23:00,2025-09-30 23:59:00
2025-08训练_2025-09测试,test,TCN,SYG1_10LBQ10CT103,一级抽汽逆止门前水平管管底温度,℃,Y2_一级抽汽接口,0.9592868089675903,1.3557071970760488,0.9525895118713379,384.16204833984375,440.4991149902344,384.1507263183594,441.4193420410156,393.72772216796875,438.7030334472656,40120,2025-09-01 00:23:00,2025-09-30 23:59:00
2025-08训练_2025-09测试,test,iTransformer-small,SYG1_10LBQ10CT103,一级抽汽逆止门前水平管管底温度,℃,Y2_一级抽汽接口,0.9479402899742126,1.5330250630578819,1.0532126426696777,384.16204833984375,440.4991149902344,384.1507263183594,441.4193420410156,393.54217529296875,437.4469909667969,40120,2025-09-01 00:23:00,2025-09-30 23:59:00
2025-08训练_2025-09测试,test,ANN,SYG1_10LBQ10CT104,一级抽汽逆止门后水平管管顶温度,℃,Y2_一级抽汽接口,0.8802370429039001,2.2796611739920447,1.5854774713516235,384.4974365234375,440.54345703125,383.90472412109375,441.0313720703125,398.30401611328125,433.687744140625,40120,2025-09-01 00:23:00,2025-09-30 23:59:00
2025-08训练_2025-09测试,test,GRU-RNN,SYG1_10LBQ10CT104,一级抽汽逆止门后水平管管顶温度,℃,Y2_一级抽汽接口,0.9641008973121643,1.2481038493970362,0.8727563619613647,384.4974365234375,440.54345703125,383.90472412109375,441.0313720703125,394.26654052734375,440.0435791015625,40120,2025-09-01 00:23:00,2025-09-30 23:59:00
2025-08训练_2025-09测试,test,TCN,SYG1_10LBQ10CT104,一级抽汽逆止门后水平管管顶温度,℃,Y2_一级抽汽接口,0.9538163542747498,1.4156412826847962,0.9615631699562073,384.4974365234375,440.54345703125,383.90472412109375,441.0313720703125,394.45831298828125,439.12359619140625,40120,2025-09-01 00:23:00,2025-09-30 23:59:00
2025-08训练_2025-09测试,test,iTransformer-small,SYG1_10LBQ10CT104,一级抽汽逆止门后水平管管顶温度,℃,Y2_一级抽汽接口,0.9409820437431335,1.6002987970064582,1.0866656303405762,384.4974365234375,440.54345703125,383.90472412109375,441.0313720703125,394.0153503417969,437.2132263183594,40120,2025-09-01 00:23:00,2025-09-30 23:59:00
2025-08训练_2025-09测试,test,ANN,SYG1_10LBQ10CT105,一级抽汽逆止门后水平管管底温度,℃,Y2_一级抽汽接口,0.8801183700561523,2.304040643465988,1.586483120918274,383.871337890625,439.7784729003906,383.7146301269531,440.69879150390625,397.7532653808594,432.90924072265625,40120,2025-09-01 00:23:00,2025-09-30 23:59:00
2025-08训练_2025-09测试,test,GRU-RNN,SYG1_10LBQ10CT105,一级抽汽逆止门后水平管管底温度,℃,Y2_一级抽汽接口,0.9691200256347656,1.1693704926543067,0.827021598815918,383.871337890625,439.7784729003906,383.7146301269531,440.69879150390625,393.204345703125,440.2740478515625,40120,2025-09-01 00:23:00,2025-09-30 23:59:00
2025-08训练_2025-09测试,test,TCN,SYG1_10LBQ10CT105,一级抽汽逆止门后水平管管底温度,℃,Y2_一级抽汽接口,0.9591705799102783,1.344623237579629,0.9275180101394653,383.871337890625,439.7784729003906,383.7146301269531,440.69879150390625,393.60235595703125,438.22430419921875,40120,2025-09-01 00:23:00,2025-09-30 23:59:00
2025-08训练_2025-09测试,test,iTransformer-small,SYG1_10LBQ10CT105,一级抽汽逆止门后水平管管底温度,℃,Y2_一级抽汽接口,0.9465047121047974,1.5391170279046156,1.0443319082260132,383.871337890625,439.7784729003906,383.7146301269531,440.69879150390625,393.3047790527344,436.7386779785156,40120,2025-09-01 00:23:00,2025-09-30 23:59:00
2025-08训练_2025-09测试,test,ANN,SYG1_10LBQ10CP102,1号高加入口抽汽压力,MPa,Y2_一级抽汽接口,0.9919789433479309,0.2014798612262802,0.13346245884895325,3.31072998046875,11.1632080078125,3.27044677734375,11.192503929138184,3.0229783058166504,11.024243354797363,40120,2025-09-01 00:23:00,2025-09-30 23:59:00
2025-08训练_2025-09测试,test,GRU-RNN,SYG1_10LBQ10CP102,1号高加入口抽汽压力,MPa,Y2_一级抽汽接口,0.9972080588340759,0.11886922613922356,0.09310167282819748,3.31072998046875,11.1632080078125,3.27044677734375,11.192503929138184,3.218611240386963,11.313545227050781,40120,2025-09-01 00:23:00,2025-09-30 23:59:00
2025-08训练_2025-09测试,test,TCN,SYG1_10LBQ10CP102,1号高加入口抽汽压力,MPa,Y2_一级抽汽接口,0.9968811273574829,0.12563590632253283,0.0949348583817482,3.31072998046875,11.1632080078125,3.27044677734375,11.192503929138184,3.192594528198242,11.019100189208984,40120,2025-09-01 00:23:00,2025-09-30 23:59:00
2025-08训练_2025-09测试,test,iTransformer-small,SYG1_10LBQ10CP102,1号高加入口抽汽压力,MPa,Y2_一级抽汽接口,0.9959753155708313,0.14271872916491887,0.09909582138061523,3.31072998046875,11.1632080078125,3.27044677734375,11.192503929138184,3.194962978363037,11.201077461242676,40120,2025-09-01 00:23:00,2025-09-30 23:59:00
2025-08训练_2025-09测试,test,ANN,SYG1_10LBQ10CT106,1号高加入口抽汽温度,℃,Y2_一级抽汽接口,0.8640173673629761,2.3855478064680615,1.5789780616760254,383.4798583984375,438.8137512207031,382.305419921875,439.4459228515625,398.90106201171875,432.7912902832031,40120,2025-09-01 00:23:00,2025-09-30 23:59:00
2025-08训练_2025-09测试,test,GRU-RNN,SYG1_10LBQ10CT106,1号高加入口抽汽温度,℃,Y2_一级抽汽接口,0.9662238359451294,1.1889169170268592,0.8409239053726196,383.4798583984375,438.8137512207031,382.305419921875,439.4459228515625,391.96380615234375,438.7918701171875,40120,2025-09-01 00:23:00,2025-09-30 23:59:00
2025-08训练_2025-09测试,test,TCN,SYG1_10LBQ10CT106,1号高加入口抽汽温度,℃,Y2_一级抽汽接口,0.952106237411499,1.4157480552696358,0.9519031643867493,383.4798583984375,438.8137512207031,382.305419921875,439.4459228515625,392.94793701171875,437.31744384765625,40120,2025-09-01 00:23:00,2025-09-30 23:59:00
2025-08训练_2025-09测试,test,iTransformer-small,SYG1_10LBQ10CT106,1号高加入口抽汽温度,℃,Y2_一级抽汽接口,0.9362897276878357,1.632868204581161,1.0899639129638672,383.4798583984375,438.8137512207031,382.305419921875,439.4459228515625,392.9471435546875,435.51727294921875,40120,2025-09-01 00:23:00,2025-09-30 23:59:00
2025-08训练_2025-09测试,test,ANN,SYG1_10LBC20CT101,一次低温再热逆止阀前母管管底温度,℃,Y3_VHP至RH1接口,0.8658536672592163,2.4779672579691976,1.7218101024627686,385.76080322265625,442.2284240722656,385.4141845703125,442.86029052734375,400.425537109375,435.4336853027344,40120,2025-09-01 00:23:00,2025-09-30 23:59:00
2025-08训练_2025-09测试,test,GRU-RNN,SYG1_10LBC20CT101,一次低温再热逆止阀前母管管底温度,℃,Y3_VHP至RH1接口,0.9603046774864197,1.3479563061144322,0.9888492822647095,385.76080322265625,442.2284240722656,385.4141845703125,442.86029052734375,395.7702331542969,442.1200866699219,40120,2025-09-01 00:23:00,2025-09-30 23:59:00
2025-08训练_2025-09测试,test,TCN,SYG1_10LBC20CT101,一次低温再热逆止阀前母管管底温度,℃,Y3_VHP至RH1接口,0.9499833583831787,1.5130849574075904,1.0840457677841187,385.76080322265625,442.2284240722656,385.4141845703125,442.86029052734375,396.0289001464844,440.26397705078125,40120,2025-09-01 00:23:00,2025-09-30 23:59:00
2025-08训练_2025-09测试,test,iTransformer-small,SYG1_10LBC20CT101,一次低温再热逆止阀前母管管底温度,℃,Y3_VHP至RH1接口,0.9420459270477295,1.628726354677676,1.1555688381195068,385.76080322265625,442.2284240722656,385.4141845703125,442.86029052734375,394.817626953125,438.81512451171875,40120,2025-09-01 00:23:00,2025-09-30 23:59:00
2025-08训练_2025-09测试,test,ANN,SYG1_10LBC20CT103,一次低温再热逆止阀后水平管管顶温度,℃,Y3_VHP至RH1接口,0.8780698776245117,2.361862488163607,1.623549461364746,384.59814453125,441.3638000488281,384.6874694824219,441.9957580566406,399.8081359863281,434.6363830566406,40120,2025-09-01 00:23:00,2025-09-30 23:59:00
2025-08训练_2025-09测试,test,GRU-RNN,SYG1_10LBC20CT103,一次低温再热逆止阀后水平管管顶温度,℃,Y3_VHP至RH1接口,0.9660164713859558,1.246904354658178,0.8685547709465027,384.59814453125,441.3638000488281,384.6874694824219,441.9957580566406,394.905517578125,441.2830810546875,40120,2025-09-01 00:23:00,2025-09-30 23:59:00
2025-08训练_2025-09测试,test,TCN,SYG1_10LBC20CT103,一次低温再热逆止阀后水平管管顶温度,℃,Y3_VHP至RH1接口,0.9560453295707703,1.4180828290295329,0.9694517850875854,384.59814453125,441.3638000488281,384.6874694824219,441.9957580566406,394.8304748535156,439.84881591796875,40120,2025-09-01 00:23:00,2025-09-30 23:59:00
2025-08训练_2025-09测试,test,iTransformer-small,SYG1_10LBC20CT103,一次低温再热逆止阀后水平管管顶温度,℃,Y3_VHP至RH1接口,0.947940468788147,1.543296296325483,1.0705269575119019,384.59814453125,441.3638000488281,384.6874694824219,441.9957580566406,393.7433776855469,438.2293395996094,40120,2025-09-01 00:23:00,2025-09-30 23:59:00
2025-08训练_2025-09测试,test,ANN,SYG1_10LBC20CT104,一次低温再热逆止阀后水平管管底温度,℃,Y3_VHP至RH1接口,0.8662682771682739,2.431455306379574,1.6565327644348145,388.219482421875,443.369873046875,387.6271057128906,444.47808837890625,402.5752258300781,437.0091857910156,40120,2025-09-01 00:23:00,2025-09-30 23:59:00
2025-08训练_2025-09测试,test,GRU-RNN,SYG1_10LBC20CT104,一次低温再热逆止阀后水平管管底温度,℃,Y3_VHP至RH1接口,0.96417236328125,1.2585139717566223,0.8578373193740845,388.219482421875,443.369873046875,387.6271057128906,444.47808837890625,398.7742004394531,443.3662414550781,40120,2025-09-01 00:23:00,2025-09-30 23:59:00
2025-08训练_2025-09测试,test,TCN,SYG1_10LBC20CT104,一次低温再热逆止阀后水平管管底温度,℃,Y3_VHP至RH1接口,0.9520850777626038,1.4554072679852694,0.9729289412498474,388.219482421875,443.369873046875,387.6271057128906,444.47808837890625,398.05499267578125,441.2245178222656,40120,2025-09-01 00:23:00,2025-09-30 23:59:00
2025-08训练_2025-09测试,test,iTransformer-small,SYG1_10LBC20CT104,一次低温再热逆止阀后水平管管底温度,℃,Y3_VHP至RH1接口,0.9479307532310486,1.517189398311602,1.0340725183486938,388.219482421875,443.369873046875,387.6271057128906,444.47808837890625,397.2305908203125,440.08544921875,40120,2025-09-01 00:23:00,2025-09-30 23:59:00
2025-08训练_2025-09测试,test,ANN,SYG1_10MAA50CT111A,超高压内缸壁温90%处#1,℃,Y4_VHP缸体与内部蒸汽,0.884136438369751,1.9099959791850165,1.1763728857040405,542.2184448242188,595.8546142578125,546.6427612304688,590.4979858398438,559.6113891601562,585.9737548828125,40120,2025-09-01 00:23:00,2025-09-30 23:59:00
2025-08训练_2025-09测试,test,GRU-RNN,SYG1_10MAA50CT111A,超高压内缸壁温90%处#1,℃,Y4_VHP缸体与内部蒸汽,0.9599037170410156,1.123598444290551,0.6923151016235352,542.2184448242188,595.8546142578125,546.6427612304688,590.4979858398438,555.276611328125,590.1326293945312,40120,2025-09-01 00:23:00,2025-09-30 23:59:00
2025-08训练_2025-09测试,test,TCN,SYG1_10MAA50CT111A,超高压内缸壁温90%处#1,℃,Y4_VHP缸体与内部蒸汽,0.9644073843955994,1.0586175106521019,0.7111028432846069,542.2184448242188,595.8546142578125,546.6427612304688,590.4979858398438,555.5110473632812,589.2766723632812,40120,2025-09-01 00:23:00,2025-09-30 23:59:00
2025-08训练_2025-09测试,test,iTransformer-small,SYG1_10MAA50CT111A,超高压内缸壁温90%处#1,℃,Y4_VHP缸体与内部蒸汽,0.9489999413490295,1.2671974680328602,0.8528040647506714,542.2184448242188,595.8546142578125,546.6427612304688,590.4979858398438,557.0314331054688,588.3703002929688,40120,2025-09-01 00:23:00,2025-09-30 23:59:00
2025-08训练_2025-09测试,test,ANN,SYG1_10MAA50CT112A,超高压内缸壁温90%处#2,℃,Y4_VHP缸体与内部蒸汽,0.9084315299987793,1.8043844786059071,1.1338495016098022,546.23583984375,606.1876831054688,553.0924682617188,599.7244262695312,564.0693969726562,594.3532104492188,40120,2025-09-01 00:23:00,2025-09-30 23:59:00
2025-08训练_2025-09测试,test,GRU-RNN,SYG1_10MAA50CT112A,超高压内缸壁温90%处#2,℃,Y4_VHP缸体与内部蒸汽,0.9651323556900024,1.1134413754601582,0.6575695872306824,546.23583984375,606.1876831054688,553.0924682617188,599.7244262695312,560.9766235351562,598.5669555664062,40120,2025-09-01 00:23:00,2025-09-30 23:59:00
2025-08训练_2025-09测试,test,TCN,SYG1_10MAA50CT112A,超高压内缸壁温90%处#2,℃,Y4_VHP缸体与内部蒸汽,0.9742897748947144,0.9561122919794869,0.6603994965553284,546.23583984375,606.1876831054688,553.0924682617188,599.7244262695312,560.6538696289062,597.6240234375,40120,2025-09-01 00:23:00,2025-09-30 23:59:00
2025-08训练_2025-09测试,test,iTransformer-small,SYG1_10MAA50CT112A,超高压内缸壁温90%处#2,℃,Y4_VHP缸体与内部蒸汽,0.9539363384246826,1.2797803125504486,0.8857519030570984,546.23583984375,606.1876831054688,553.0924682617188,599.7244262695312,562.9351196289062,596.6856689453125,40120,2025-09-01 00:23:00,2025-09-30 23:59:00
2025-08训练_2025-09测试,test,ANN,SYG1_10MAA50CT131A,超高压缸蒸汽温度100%,℃,Y4_VHP缸体与内部蒸汽,0.8775081038475037,2.354104730472128,1.699495792388916,500.140625,545.9496459960938,500.1294250488281,547.171142578125,511.5868225097656,540.9273071289062,40120,2025-09-01 00:23:00,2025-09-30 23:59:00
2025-08训练_2025-09测试,test,GRU-RNN,SYG1_10MAA50CT131A,超高压缸蒸汽温度100%,℃,Y4_VHP缸体与内部蒸汽,0.9435697197914124,1.5978212900887994,0.8825146555900574,500.140625,545.9496459960938,500.1294250488281,547.171142578125,511.48779296875,544.6388549804688,40120,2025-09-01 00:23:00,2025-09-30 23:59:00
2025-08训练_2025-09测试,test,TCN,SYG1_10MAA50CT131A,超高压缸蒸汽温度100%,℃,Y4_VHP缸体与内部蒸汽,0.9510864019393921,1.4876029003038107,0.9294871091842651,500.140625,545.9496459960938,500.1294250488281,547.171142578125,508.9004821777344,544.802490234375,40120,2025-09-01 00:23:00,2025-09-30 23:59:00
2025-08训练_2025-09测试,test,iTransformer-small,SYG1_10MAA50CT131A,超高压缸蒸汽温度100%,℃,Y4_VHP缸体与内部蒸汽,0.9609851837158203,1.3285777049714773,0.9535549879074097,500.140625,545.9496459960938,500.1294250488281,547.171142578125,508.2288818359375,545.1162109375,40120,2025-09-01 00:23:00,2025-09-30 23:59:00
2024_10d训练_100d测试,train,ANN,SYG1_10MAA50CP101,超高压缸叶片级压力#1,MPa,Y1_VHP本体,0.9879023432731628,0.5402000421853104,0.38570159673690796,6.576000213623047,22.70800018310547,6.576000213623047,22.70800018310547,6.2287092208862305,22.170244216918945,14377,2024-05-01 00:23:00,2024-05-10 23:59:00
2024_10d训练_100d测试,train,GRU-RNN,SYG1_10MAA50CP101,超高压缸叶片级压力#1,MPa,Y1_VHP本体,0.9972534775733948,0.2573933372829378,0.18651580810546875,6.576000213623047,22.70800018310547,6.576000213623047,22.70800018310547,6.010611534118652,22.53256607055664,14377,2024-05-01 00:23:00,2024-05-10 23:59:00
2024_10d训练_100d测试,train,TCN,SYG1_10MAA50CP101,超高压缸叶片级压力#1,MPa,Y1_VHP本体,0.9922523498535156,0.4323025801633033,0.3233373761177063,6.576000213623047,22.70800018310547,6.576000213623047,22.70800018310547,6.114587783813477,23.79983139038086,14377,2024-05-01 00:23:00,2024-05-10 23:59:00
2024_10d训练_100d测试,train,iTransformer-small,SYG1_10MAA50CP101,超高压缸叶片级压力#1,MPa,Y1_VHP本体,0.9951782822608948,0.34103924296983423,0.255420982837677,6.576000213623047,22.70800018310547,6.576000213623047,22.70800018310547,5.534716606140137,22.397499084472656,14377,2024-05-01 00:23:00,2024-05-10 23:59:00
2024_10d训练_100d测试,train,ANN,SYG1_10MAA50CP102,超高压缸叶片级压力#2,MPa,Y1_VHP本体,0.9923705458641052,0.4289138244349201,0.2927011251449585,6.5920000076293945,22.695999145507812,6.5920000076293945,22.695999145507812,6.615837097167969,22.23931884765625,14377,2024-05-01 00:23:00,2024-05-10 23:59:00
2024_10d训练_100d测试,train,GRU-RNN,SYG1_10MAA50CP102,超高压缸叶片级压力#2,MPa,Y1_VHP本体,0.9970919489860535,0.2648052581452331,0.19679361581802368,6.5920000076293945,22.695999145507812,6.5920000076293945,22.695999145507812,6.214102745056152,22.84891700744629,14377,2024-05-01 00:23:00,2024-05-10 23:59:00
2024_10d训练_100d测试,train,TCN,SYG1_10MAA50CP102,超高压缸叶片级压力#2,MPa,Y1_VHP本体,0.9934682250022888,0.3968629955368555,0.30407366156578064,6.5920000076293945,22.695999145507812,6.5920000076293945,22.695999145507812,5.863381385803223,23.524269104003906,14377,2024-05-01 00:23:00,2024-05-10 23:59:00
2024_10d训练_100d测试,train,iTransformer-small,SYG1_10MAA50CP102,超高压缸叶片级压力#2,MPa,Y1_VHP本体,0.9950715899467468,0.3447287021819109,0.25407975912094116,6.5920000076293945,22.695999145507812,6.5920000076293945,22.695999145507812,5.282968521118164,22.280399322509766,14377,2024-05-01 00:23:00,2024-05-10 23:59:00
2024_10d训练_100d测试,train,ANN,SYG1_10MAA50CP103,超高压缸叶片级压力#3,MPa,Y1_VHP本体,0.9920766353607178,0.4370937675300977,0.2798153758049011,6.578999996185303,22.695999145507812,6.5789995193481445,22.695999145507812,6.502799987792969,22.188514709472656,14377,2024-05-01 00:23:00,2024-05-10 23:59:00
2024_10d训练_100d测试,train,GRU-RNN,SYG1_10MAA50CP103,超高压缸叶片级压力#3,MPa,Y1_VHP本体,0.9954357743263245,0.3317449232710511,0.25308263301849365,6.578999996185303,22.695999145507812,6.5789995193481445,22.695999145507812,6.326981544494629,22.912628173828125,14377,2024-05-01 00:23:00,2024-05-10 23:59:00
2024_10d训练_100d测试,train,TCN,SYG1_10MAA50CP103,超高压缸叶片级压力#3,MPa,Y1_VHP本体,0.9913586974143982,0.4564662440490985,0.34415316581726074,6.578999996185303,22.695999145507812,6.5789995193481445,22.695999145507812,6.459166526794434,23.815189361572266,14377,2024-05-01 00:23:00,2024-05-10 23:59:00
2024_10d训练_100d测试,train,iTransformer-small,SYG1_10MAA50CP103,超高压缸叶片级压力#3,MPa,Y1_VHP本体,0.9953100681304932,0.336282386726817,0.24742619693279266,6.578999996185303,22.695999145507812,6.5789995193481445,22.695999145507812,5.486284255981445,22.254894256591797,14377,2024-05-01 00:23:00,2024-05-10 23:59:00
2024_10d训练_100d测试,train,ANN,SYG1_10MAA50CT121A,超高压排汽蒸汽温度#1,℃,Y1_VHP本体,0.9201828837394714,1.1523454051894892,0.8586947917938232,395.4360046386719,424.8529968261719,395.4360046386719,424.8529968261719,401.701904296875,420.6571960449219,14377,2024-05-01 00:23:00,2024-05-10 23:59:00
2024_10d训练_100d测试,train,GRU-RNN,SYG1_10MAA50CT121A,超高压排汽蒸汽温度#1,℃,Y1_VHP本体,0.9583539366722107,0.8323798367264827,0.6358311176300049,395.4360046386719,424.8529968261719,395.4360046386719,424.8529968261719,397.9126281738281,422.33563232421875,14377,2024-05-01 00:23:00,2024-05-10 23:59:00
2024_10d训练_100d测试,train,TCN,SYG1_10MAA50CT121A,超高压排汽蒸汽温度#1,℃,Y1_VHP本体,0.9464101791381836,0.9442256006992551,0.7257053256034851,395.4360046386719,424.8529968261719,395.4360046386719,424.8529968261719,398.8517761230469,422.6559143066406,14377,2024-05-01 00:23:00,2024-05-10 23:59:00
2024_10d训练_100d测试,train,iTransformer-small,SYG1_10MAA50CT121A,超高压排汽蒸汽温度#1,℃,Y1_VHP本体,0.9120779633522034,1.2094376658682537,0.9296788573265076,395.4360046386719,424.8529968261719,395.4360046386719,424.8529968261719,400.11090087890625,422.9414978027344,14377,2024-05-01 00:23:00,2024-05-10 23:59:00
2024_10d训练_100d测试,train,ANN,SYG1_10MAA50CT122A,超高压排汽蒸汽温度#2,℃,Y1_VHP本体,0.9043140411376953,1.2598347962780532,0.9286491870880127,392.343994140625,421.91900634765625,392.343994140625,421.91900634765625,400.5633239746094,417.8388671875,14377,2024-05-01 00:23:00,2024-05-10 23:59:00
2024_10d训练_100d测试,train,GRU-RNN,SYG1_10MAA50CT122A,超高压排汽蒸汽温度#2,℃,Y1_VHP本体,0.9555246829986572,0.8589125689530334,0.6620028614997864,392.343994140625,421.91900634765625,392.343994140625,421.91900634765625,394.6033630371094,419.6423645019531,14377,2024-05-01 00:23:00,2024-05-10 23:59:00
2024_10d训练_100d测试,train,TCN,SYG1_10MAA50CT122A,超高压排汽蒸汽温度#2,℃,Y1_VHP本体,0.934478223323822,1.0425150595293087,0.7998402714729309,392.343994140625,421.91900634765625,392.343994140625,421.91900634765625,396.8601379394531,419.68267822265625,14377,2024-05-01 00:23:00,2024-05-10 23:59:00
2024_10d训练_100d测试,train,iTransformer-small,SYG1_10MAA50CT122A,超高压排汽蒸汽温度#2,℃,Y1_VHP本体,0.9078354239463806,1.23643577552964,0.9477386474609375,392.343994140625,421.91900634765625,392.343994140625,421.91900634765625,397.0215759277344,419.8562316894531,14377,2024-05-01 00:23:00,2024-05-10 23:59:00
2024_10d训练_100d测试,train,ANN,SYG1_10MAA50CT123A,超高压排汽蒸汽温度#3,℃,Y1_VHP本体,0.9024604558944702,1.2548807700767668,0.9365388751029968,393.31500244140625,423.218994140625,393.31500244140625,423.218994140625,401.4393310546875,418.54779052734375,14377,2024-05-01 00:23:00,2024-05-10 23:59:00
2024_10d训练_100d测试,train,GRU-RNN,SYG1_10MAA50CT123A,超高压排汽蒸汽温度#3,℃,Y1_VHP本体,0.9501064419746399,0.8974998224943618,0.6846411824226379,393.31500244140625,423.218994140625,393.31500244140625,423.218994140625,396.63714599609375,420.5009460449219,14377,2024-05-01 00:23:00,2024-05-10 23:59:00
2024_10d训练_100d测试,train,TCN,SYG1_10MAA50CT123A,超高压排汽蒸汽温度#3,℃,Y1_VHP本体,0.9419524073600769,0.968064342393833,0.7432942986488342,393.31500244140625,423.218994140625,393.31500244140625,423.218994140625,397.2731018066406,420.59222412109375,14377,2024-05-01 00:23:00,2024-05-10 23:59:00
2024_10d训练_100d测试,train,iTransformer-small,SYG1_10MAA50CT123A,超高压排汽蒸汽温度#3,℃,Y1_VHP本体,0.9060554504394531,1.2315383379873885,0.9459965825080872,393.31500244140625,423.218994140625,393.31500244140625,423.218994140625,398.7166442871094,420.96832275390625,14377,2024-05-01 00:23:00,2024-05-10 23:59:00
2024_10d训练_100d测试,train,ANN,SYG1_10LBC01CP101,超高压缸A侧排汽垂直管压力,MPa,Y1_VHP本体,0.9764996767044067,0.367139630545374,0.23916159570217133,3.177000045776367,10.899999618530273,3.177000045776367,10.899999618530273,2.6740994453430176,11.103116035461426,14377,2024-05-01 00:23:00,2024-05-10 23:59:00
2024_10d训练_100d测试,train,GRU-RNN,SYG1_10LBC01CP101,超高压缸A侧排汽垂直管压力,MPa,Y1_VHP本体,0.9965678453445435,0.1403059651822021,0.10436924546957016,3.177000045776367,10.899999618530273,3.177000045776367,10.899999618530273,3.1444387435913086,10.936036109924316,14377,2024-05-01 00:23:00,2024-05-10 23:59:00
2024_10d训练_100d测试,train,TCN,SYG1_10LBC01CP101,超高压缸A侧排汽垂直管压力,MPa,Y1_VHP本体,0.9939912557601929,0.18564581993494536,0.13431791961193085,3.177000045776367,10.899999618530273,3.177000045776367,10.899999618530273,2.974539279937744,11.080581665039062,14377,2024-05-01 00:23:00,2024-05-10 23:59:00
2024_10d训练_100d测试,train,iTransformer-small,SYG1_10LBC01CP101,超高压缸A侧排汽垂直管压力,MPa,Y1_VHP本体,0.9962541460990906,0.14657885365660336,0.10771521180868149,3.177000045776367,10.899999618530273,3.177000045776367,10.899999618530273,2.5981264114379883,10.788090705871582,14377,2024-05-01 00:23:00,2024-05-10 23:59:00
2024_10d训练_100d测试,train,ANN,SYG1_10LBC02CP101,超高压缸B侧排汽垂直管压力,MPa,Y1_VHP本体,0.9930047392845154,0.2015610236476088,0.12795452773571014,3.186000108718872,10.961000442504883,3.185999870300293,10.961000442504883,3.0429506301879883,11.028949737548828,14377,2024-05-01 00:23:00,2024-05-10 23:59:00
2024_10d训练_100d测试,train,GRU-RNN,SYG1_10LBC02CP101,超高压缸B侧排汽垂直管压力,MPa,Y1_VHP本体,0.9954025745391846,0.1634037894973619,0.12096292525529861,3.186000108718872,10.961000442504883,3.185999870300293,10.961000442504883,2.91618013381958,11.316506385803223,14377,2024-05-01 00:23:00,2024-05-10 23:59:00
2024_10d训练_100d测试,train,TCN,SYG1_10LBC02CP101,超高压缸B侧排汽垂直管压力,MPa,Y1_VHP本体,0.9928111433982849,0.20433190229657913,0.15557892620563507,3.186000108718872,10.961000442504883,3.185999870300293,10.961000442504883,2.9503817558288574,11.101057052612305,14377,2024-05-01 00:23:00,2024-05-10 23:59:00
2024_10d训练_100d测试,train,iTransformer-small,SYG1_10LBC02CP101,超高压缸B侧排汽垂直管压力,MPa,Y1_VHP本体,0.9961050748825073,0.15040239684366508,0.11245759576559067,3.186000108718872,10.961000442504883,3.185999870300293,10.961000442504883,2.674792766571045,10.828611373901367,14377,2024-05-01 00:23:00,2024-05-10 23:59:00
2024_10d训练_100d测试,train,ANN,SYG1_10LBC01CT101,超高压缸A侧排汽垂直管温度,℃,Y1_VHP本体,0.9306207895278931,1.107428656663263,0.8050519227981567,393.3349914550781,426.0950012207031,393.3349914550781,426.0950012207031,401.6927795410156,421.0917663574219,14377,2024-05-01 00:23:00,2024-05-10 23:59:00
2024_10d训练_100d测试,train,GRU-RNN,SYG1_10LBC01CT101,超高压缸A侧排汽垂直管温度,℃,Y1_VHP本体,0.96148282289505,0.8251413542131301,0.6307055950164795,393.3349914550781,426.0950012207031,393.3349914550781,426.0950012207031,397.75018310546875,422.89788818359375,14377,2024-05-01 00:23:00,2024-05-10 23:59:00
2024_10d训练_100d测试,train,TCN,SYG1_10LBC01CT101,超高压缸A侧排汽垂直管温度,℃,Y1_VHP本体,0.9568450450897217,0.8734064236539449,0.6573144793510437,393.3349914550781,426.0950012207031,393.3349914550781,426.0950012207031,398.5840148925781,422.04058837890625,14377,2024-05-01 00:23:00,2024-05-10 23:59:00
2024_10d训练_100d测试,train,iTransformer-small,SYG1_10LBC01CT101,超高压缸A侧排汽垂直管温度,℃,Y1_VHP本体,0.9242736101150513,1.1569765746433143,0.8779191374778748,393.3349914550781,426.0950012207031,393.3349914550781,426.0950012207031,399.5317687988281,422.7541198730469,14377,2024-05-01 00:23:00,2024-05-10 23:59:00
2024_10d训练_100d测试,train,ANN,SYG1_10LBC02CT101,超高压缸B侧排汽垂直管温度,℃,Y1_VHP本体,0.9260691404342651,1.147656856612012,0.8378556966781616,396.32598876953125,429.21600341796875,396.32598876953125,429.21600341796875,404.3783264160156,424.0252685546875,14377,2024-05-01 00:23:00,2024-05-10 23:59:00
2024_10d训练_100d测试,train,GRU-RNN,SYG1_10LBC02CT101,超高压缸B侧排汽垂直管温度,℃,Y1_VHP本体,0.9618744254112244,0.8241521076180304,0.6246283054351807,396.32598876953125,429.21600341796875,396.32598876953125,429.21600341796875,401.1250915527344,426.0747375488281,14377,2024-05-01 00:23:00,2024-05-10 23:59:00
2024_10d训练_100d测试,train,TCN,SYG1_10LBC02CT101,超高压缸B侧排汽垂直管温度,℃,Y1_VHP本体,0.9547092318534851,0.8982637652057225,0.6813355088233948,396.32598876953125,429.21600341796875,396.32598876953125,429.21600341796875,401.9978942871094,425.965087890625,14377,2024-05-01 00:23:00,2024-05-10 23:59:00
2024_10d训练_100d测试,train,iTransformer-small,SYG1_10LBC02CT101,超高压缸B侧排汽垂直管温度,℃,Y1_VHP本体,0.9258868098258972,1.149070928364775,0.8640125393867493,396.32598876953125,429.21600341796875,396.32598876953125,429.21600341796875,402.1967468261719,425.78277587890625,14377,2024-05-01 00:23:00,2024-05-10 23:59:00
2024_10d训练_100d测试,train,ANN,SYG1_10LBQ10CP101,一级抽汽口压力,MPa,Y2_一级抽汽接口,0.9918345212936401,0.2149276482885841,0.13673830032348633,3.1540000438690186,10.821000099182129,3.1539998054504395,10.821000099182129,3.02349853515625,10.847082138061523,14377,2024-05-01 00:23:00,2024-05-10 23:59:00
2024_10d训练_100d测试,train,GRU-RNN,SYG1_10LBQ10CP101,一级抽汽口压力,MPa,Y2_一级抽汽接口,0.9961506128311157,0.14756986876657355,0.10740309953689575,3.1540000438690186,10.821000099182129,3.1539998054504395,10.821000099182129,2.802614688873291,11.026607513427734,14377,2024-05-01 00:23:00,2024-05-10 23:59:00
2024_10d训练_100d测试,train,TCN,SYG1_10LBQ10CP101,一级抽汽口压力,MPa,Y2_一级抽汽接口,0.9929458498954773,0.19976695684258294,0.14882396161556244,3.1540000438690186,10.821000099182129,3.1539998054504395,10.821000099182129,2.9179530143737793,11.100860595703125,14377,2024-05-01 00:23:00,2024-05-10 23:59:00
2024_10d训练_100d测试,train,iTransformer-small,SYG1_10LBQ10CP101,一级抽汽口压力,MPa,Y2_一级抽汽接口,0.9960580468177795,0.1493339822627696,0.11037302762269974,3.1540000438690186,10.821000099182129,3.1539998054504395,10.821000099182129,2.527730941772461,10.732952117919922,14377,2024-05-01 00:23:00,2024-05-10 23:59:00
2024_10d训练_100d测试,train,ANN,SYG1_10LBQ10CT101A,一级抽汽口温度,℃,Y2_一级抽汽接口,0.9277344942092896,1.1037995369877218,0.8177787065505981,397.0320129394531,428.6619873046875,397.0320129394531,428.6619873046875,404.53778076171875,423.9018859863281,14377,2024-05-01 00:23:00,2024-05-10 23:59:00
2024_10d训练_100d测试,train,GRU-RNN,SYG1_10LBQ10CT101A,一级抽汽口温度,℃,Y2_一级抽汽接口,0.9623054265975952,0.7971942486509122,0.6030011177062988,397.0320129394531,428.6619873046875,397.0320129394531,428.6619873046875,401.403564453125,425.6817321777344,14377,2024-05-01 00:23:00,2024-05-10 23:59:00
2024_10d训练_100d测试,train,TCN,SYG1_10LBQ10CT101A,一级抽汽口温度,℃,Y2_一级抽汽接口,0.9590781331062317,0.8306198327195845,0.6246885061264038,397.0320129394531,428.6619873046875,397.0320129394531,428.6619873046875,401.8738708496094,424.7800598144531,14377,2024-05-01 00:23:00,2024-05-10 23:59:00
2024_10d训练_100d测试,train,iTransformer-small,SYG1_10LBQ10CT101A,一级抽汽口温度,℃,Y2_一级抽汽接口,0.9277766346931458,1.1034773828412336,0.8321495652198792,397.0320129394531,428.6619873046875,397.0320129394531,428.6619873046875,402.3220520019531,425.0632629394531,14377,2024-05-01 00:23:00,2024-05-10 23:59:00
2024_10d训练_100d测试,train,ANN,SYG1_10LBQ10CT102,一级抽汽逆止门前水平管管顶温度,℃,Y2_一级抽汽接口,0.9181973934173584,1.15923521942068,0.8541097044944763,393.7590026855469,424.2510070800781,393.7590026855469,424.2510070800781,401.9524841308594,420.2133483886719,14377,2024-05-01 00:23:00,2024-05-10 23:59:00
2024_10d训练_100d测试,train,GRU-RNN,SYG1_10LBQ10CT102,一级抽汽逆止门前水平管管顶温度,℃,Y2_一级抽汽接口,0.9657807946205139,0.7497615037641656,0.566597044467926,393.7590026855469,424.2510070800781,393.7590026855469,424.2510070800781,399.0613098144531,422.0981750488281,14377,2024-05-01 00:23:00,2024-05-10 23:59:00
2024_10d训练_100d测试,train,TCN,SYG1_10LBQ10CT102,一级抽汽逆止门前水平管管顶温度,℃,Y2_一级抽汽接口,0.9583786129951477,0.8268870691757947,0.6207109093666077,393.7590026855469,424.2510070800781,393.7590026855469,424.2510070800781,398.8028869628906,421.53167724609375,14377,2024-05-01 00:23:00,2024-05-10 23:59:00
2024_10d训练_100d测试,train,iTransformer-small,SYG1_10LBQ10CT102,一级抽汽逆止门前水平管管顶温度,℃,Y2_一级抽汽接口,0.9310156106948853,1.0645434979913224,0.8034207820892334,393.7590026855469,424.2510070800781,393.7590026855469,424.2510070800781,399.2286376953125,421.72137451171875,14377,2024-05-01 00:23:00,2024-05-10 23:59:00
2024_10d训练_100d测试,train,ANN,SYG1_10LBQ10CT103,一级抽汽逆止门前水平管管底温度,℃,Y2_一级抽汽接口,0.9201076626777649,1.1569578220885928,0.8633497357368469,394.44000244140625,425.1730041503906,394.44000244140625,425.1729736328125,400.9491882324219,420.2305603027344,14377,2024-05-01 00:23:00,2024-05-10 23:59:00
2024_10d训练_100d测试,train,GRU-RNN,SYG1_10LBQ10CT103,一级抽汽逆止门前水平管管底温度,℃,Y2_一级抽汽接口,0.9613103866577148,0.8051229613440753,0.614524781703949,394.44000244140625,425.1730041503906,394.44000244140625,425.1729736328125,398.0577697753906,422.3467102050781,14377,2024-05-01 00:23:00,2024-05-10 23:59:00
2024_10d训练_100d测试,train,TCN,SYG1_10LBQ10CT103,一级抽汽逆止门前水平管管底温度,℃,Y2_一级抽汽接口,0.9582681655883789,0.8361778983150746,0.6374819874763489,394.44000244140625,425.1730041503906,394.44000244140625,425.1729736328125,398.0160827636719,421.61334228515625,14377,2024-05-01 00:23:00,2024-05-10 23:59:00
2024_10d训练_100d测试,train,iTransformer-small,SYG1_10LBQ10CT103,一级抽汽逆止门前水平管管底温度,℃,Y2_一级抽汽接口,0.9319482445716858,1.0677871426905912,0.8105201125144958,394.44000244140625,425.1730041503906,394.44000244140625,425.1729736328125,399.2735290527344,421.54656982421875,14377,2024-05-01 00:23:00,2024-05-10 23:59:00
2024_10d训练_100d测试,train,ANN,SYG1_10LBQ10CT104,一级抽汽逆止门后水平管管顶温度,℃,Y2_一级抽汽接口,0.9170346260070801,1.1462948592132516,0.8507563471794128,394.3399963378906,423.6289978027344,394.3399963378906,423.6289978027344,401.4257507324219,419.3977355957031,14377,2024-05-01 00:23:00,2024-05-10 23:59:00
2024_10d训练_100d测试,train,GRU-RNN,SYG1_10LBQ10CT104,一级抽汽逆止门后水平管管顶温度,℃,Y2_一级抽汽接口,0.9610417485237122,0.7855027606097299,0.5898879766464233,394.3399963378906,423.6289978027344,394.3399963378906,423.6289978027344,398.4614562988281,421.320068359375,14377,2024-05-01 00:23:00,2024-05-10 23:59:00
2024_10d训练_100d测试,train,TCN,SYG1_10LBQ10CT104,一级抽汽逆止门后水平管管顶温度,℃,Y2_一级抽汽接口,0.9590106010437012,0.8057186963601733,0.6067299246788025,394.3399963378906,423.6289978027344,394.3399963378906,423.6289978027344,398.7022399902344,420.8591003417969,14377,2024-05-01 00:23:00,2024-05-10 23:59:00
2024_10d训练_100d测试,train,iTransformer-small,SYG1_10LBQ10CT104,一级抽汽逆止门后水平管管顶温度,℃,Y2_一级抽汽接口,0.9266980886459351,1.0774707191011386,0.8199355006217957,394.3399963378906,423.6289978027344,394.3399963378906,423.6289978027344,399.26611328125,421.47442626953125,14377,2024-05-01 00:23:00,2024-05-10 23:59:00
2024_10d训练_100d测试,train,ANN,SYG1_10LBQ10CT105,一级抽汽逆止门后水平管管底温度,℃,Y2_一级抽汽接口,0.9204583764076233,1.150078878600052,0.8516508936882019,393.7149963378906,424.3070068359375,393.7149963378906,424.3070068359375,400.16485595703125,419.93524169921875,14377,2024-05-01 00:23:00,2024-05-10 23:59:00
2024_10d训练_100d测试,train,GRU-RNN,SYG1_10LBQ10CT105,一级抽汽逆止门后水平管管底温度,℃,Y2_一级抽汽接口,0.9645069241523743,0.7682494511054598,0.5853002667427063,393.7149963378906,424.3070068359375,393.7149963378906,424.3070068359375,397.6682434082031,421.87841796875,14377,2024-05-01 00:23:00,2024-05-10 23:59:00
2024_10d训练_100d测试,train,TCN,SYG1_10LBQ10CT105,一级抽汽逆止门后水平管管底温度,℃,Y2_一级抽汽接口,0.9594652652740479,0.8210019075694441,0.6220042109489441,393.7149963378906,424.3070068359375,393.7149963378906,424.3070068359375,398.1019287109375,420.73297119140625,14377,2024-05-01 00:23:00,2024-05-10 23:59:00
2024_10d训练_100d测试,train,iTransformer-small,SYG1_10LBQ10CT105,一级抽汽逆止门后水平管管底温度,℃,Y2_一级抽汽接口,0.9311193227767944,1.0702351451681373,0.8127987384796143,393.7149963378906,424.3070068359375,393.7149963378906,424.3070068359375,398.83331298828125,421.0639343261719,14377,2024-05-01 00:23:00,2024-05-10 23:59:00
2024_10d训练_100d测试,train,ANN,SYG1_10LBQ10CP102,1号高加入口抽汽压力,MPa,Y2_一级抽汽接口,0.9902505874633789,0.2286320251315722,0.14498937129974365,3.194000005722046,10.63700008392334,3.194000244140625,10.63700008392334,3.043675422668457,10.596521377563477,14377,2024-05-01 00:23:00,2024-05-10 23:59:00
2024_10d训练_100d测试,train,GRU-RNN,SYG1_10LBQ10CP102,1号高加入口抽汽压力,MPa,Y2_一级抽汽接口,0.9962871670722961,0.14109108430196693,0.10257052630186081,3.194000005722046,10.63700008392334,3.194000244140625,10.63700008392334,3.0457372665405273,10.903112411499023,14377,2024-05-01 00:23:00,2024-05-10 23:59:00
2024_10d训练_100d测试,train,TCN,SYG1_10LBQ10CP102,1号高加入口抽汽压力,MPa,Y2_一级抽汽接口,0.9953539371490479,0.15782966213574876,0.11743340641260147,3.194000005722046,10.63700008392334,3.194000244140625,10.63700008392334,3.108704090118408,10.780472755432129,14377,2024-05-01 00:23:00,2024-05-10 23:59:00
2024_10d训练_100d测试,train,iTransformer-small,SYG1_10LBQ10CP102,1号高加入口抽汽压力,MPa,Y2_一级抽汽接口,0.9961962699890137,0.1428079712064104,0.10684548318386078,3.194000005722046,10.63700008392334,3.194000244140625,10.63700008392334,2.7707276344299316,10.578439712524414,14377,2024-05-01 00:23:00,2024-05-10 23:59:00
2024_10d训练_100d测试,train,ANN,SYG1_10LBQ10CT106,1号高加入口抽汽温度,℃,Y2_一级抽汽接口,0.9095396399497986,1.1872510147074324,0.8799919486045837,394.4849853515625,423.8179931640625,394.4849853515625,423.8179931640625,402.1799011230469,419.74859619140625,14377,2024-05-01 00:23:00,2024-05-10 23:59:00
2024_10d训练_100d测试,train,GRU-RNN,SYG1_10LBQ10CT106,1号高加入口抽汽温度,℃,Y2_一级抽汽接口,0.960774302482605,0.7818053369873245,0.5896216630935669,394.4849853515625,423.8179931640625,394.4849853515625,423.8179931640625,398.46453857421875,421.4529724121094,14377,2024-05-01 00:23:00,2024-05-10 23:59:00
2024_10d训练_100d测试,train,TCN,SYG1_10LBQ10CT106,1号高加入口抽汽温度,℃,Y2_一级抽汽接口,0.9573108553886414,0.8155906289995849,0.6129970550537109,394.4849853515625,423.8179931640625,394.4849853515625,423.8179931640625,398.8245849609375,420.8573303222656,14377,2024-05-01 00:23:00,2024-05-10 23:59:00
2024_10d训练_100d测试,train,iTransformer-small,SYG1_10LBQ10CT106,1号高加入口抽汽温度,℃,Y2_一级抽汽接口,0.9255950450897217,1.0767485082796249,0.8151605129241943,394.4849853515625,423.8179931640625,394.4849853515625,423.8179931640625,399.578857421875,421.62078857421875,14377,2024-05-01 00:23:00,2024-05-10 23:59:00
2024_10d训练_100d测试,train,ANN,SYG1_10LBC20CT101,一次低温再热逆止阀前母管管底温度,℃,Y3_VHP至RH1接口,0.917188823223114,1.178001209099737,0.8802974224090576,395.90301513671875,426.6289978027344,395.90301513671875,426.6289978027344,403.2470703125,422.2963562011719,14377,2024-05-01 00:23:00,2024-05-10 23:59:00
2024_10d训练_100d测试,train,GRU-RNN,SYG1_10LBC20CT101,一次低温再热逆止阀前母管管底温度,℃,Y3_VHP至RH1接口,0.9664976000785828,0.7492712374411701,0.5730859041213989,395.90301513671875,426.6289978027344,395.90301513671875,426.6289978027344,400.2311096191406,424.1033630371094,14377,2024-05-01 00:23:00,2024-05-10 23:59:00
2024_10d训练_100d测试,train,TCN,SYG1_10LBC20CT101,一次低温再热逆止阀前母管管底温度,℃,Y3_VHP至RH1接口,0.9631398320198059,0.7859227628444824,0.59824538230896,395.90301513671875,426.6289978027344,395.90301513671875,426.6289978027344,400.55377197265625,423.41058349609375,14377,2024-05-01 00:23:00,2024-05-10 23:59:00
2024_10d训练_100d测试,train,iTransformer-small,SYG1_10LBC20CT101,一次低温再热逆止阀前母管管底温度,℃,Y3_VHP至RH1接口,0.9335482120513916,1.055247913809501,0.8033885359764099,395.90301513671875,426.6289978027344,395.90301513671875,426.6289978027344,401.1981506347656,423.5771179199219,14377,2024-05-01 00:23:00,2024-05-10 23:59:00
2024_10d训练_100d测试,train,ANN,SYG1_10LBC20CT103,一次低温再热逆止阀后水平管管顶温度,℃,Y3_VHP至RH1接口,0.9196213483810425,1.159353832863939,0.8564385771751404,395.177001953125,426.0950012207031,395.177001953125,426.0950012207031,403.2061462402344,421.4537658691406,14377,2024-05-01 00:23:00,2024-05-10 23:59:00
2024_10d训练_100d测试,train,GRU-RNN,SYG1_10LBC20CT103,一次低温再热逆止阀后水平管管顶温度,℃,Y3_VHP至RH1接口,0.9625558853149414,0.7912929849263305,0.6059989929199219,395.177001953125,426.0950012207031,395.177001953125,426.0950012207031,399.5369567871094,422.93096923828125,14377,2024-05-01 00:23:00,2024-05-10 23:59:00
2024_10d训练_100d测试,train,TCN,SYG1_10LBC20CT103,一次低温再热逆止阀后水平管管顶温度,℃,Y3_VHP至RH1接口,0.9617221355438232,0.8000540059457296,0.607707679271698,395.177001953125,426.0950012207031,395.177001953125,426.0950012207031,399.97265625,422.76397705078125,14377,2024-05-01 00:23:00,2024-05-10 23:59:00
2024_10d训练_100d测试,train,iTransformer-small,SYG1_10LBC20CT103,一次低温再热逆止阀后水平管管顶温度,℃,Y3_VHP至RH1接口,0.9309922456741333,1.0742230779387247,0.8199357390403748,395.177001953125,426.0950012207031,395.177001953125,426.0950012207031,400.3980407714844,422.7935485839844,14377,2024-05-01 00:23:00,2024-05-10 23:59:00
2024_10d训练_100d测试,train,ANN,SYG1_10LBC20CT104,一次低温再热逆止阀后水平管管底温度,℃,Y3_VHP至RH1接口,0.9036202430725098,1.2482568984999483,0.933404266834259,398.5469970703125,427.8169860839844,398.5469970703125,427.8169860839844,405.65155029296875,423.5862731933594,14377,2024-05-01 00:23:00,2024-05-10 23:59:00
2024_10d训练_100d测试,train,GRU-RNN,SYG1_10LBC20CT104,一次低温再热逆止阀后水平管管底温度,℃,Y3_VHP至RH1接口,0.9681248068809509,0.7178564322101407,0.5455046892166138,398.5469970703125,427.8169860839844,398.5469970703125,427.8169860839844,403.0113220214844,426.0936584472656,14377,2024-05-01 00:23:00,2024-05-10 23:59:00
2024_10d训练_100d测试,train,TCN,SYG1_10LBC20CT104,一次低温再热逆止阀后水平管管底温度,℃,Y3_VHP至RH1接口,0.9610129594802856,0.7939096890911653,0.6009126305580139,398.5469970703125,427.8169860839844,398.5469970703125,427.8169860839844,402.82916259765625,425.19366455078125,14377,2024-05-01 00:23:00,2024-05-10 23:59:00
2024_10d训练_100d测试,train,iTransformer-small,SYG1_10LBC20CT104,一次低温再热逆止阀后水平管管底温度,℃,Y3_VHP至RH1接口,0.9377756714820862,1.002977646792547,0.7618546485900879,398.5469970703125,427.8169860839844,398.5469970703125,427.8169860839844,403.4679260253906,425.1596374511719,14377,2024-05-01 00:23:00,2024-05-10 23:59:00
2024_10d训练_100d测试,train,ANN,SYG1_10MAA50CT111A,超高压内缸壁温90%处#1,℃,Y4_VHP缸体与内部蒸汽,0.7390891909599304,2.6409785468527613,2.132830858230591,550.593994140625,587.0819702148438,550.593994140625,587.0819702148438,559.3447265625,579.4054565429688,14377,2024-05-01 00:23:00,2024-05-10 23:59:00
2024_10d训练_100d测试,train,GRU-RNN,SYG1_10MAA50CT111A,超高压内缸壁温90%处#1,℃,Y4_VHP缸体与内部蒸汽,0.8311370611190796,2.1246429592198774,1.7060909271240234,550.593994140625,587.0819702148438,550.593994140625,587.0819702148438,554.5582275390625,583.1094360351562,14377,2024-05-01 00:23:00,2024-05-10 23:59:00
2024_10d训练_100d测试,train,TCN,SYG1_10MAA50CT111A,超高压内缸壁温90%处#1,℃,Y4_VHP缸体与内部蒸汽,0.7767487168312073,2.4429569294115607,1.9858946800231934,550.593994140625,587.0819702148438,550.593994140625,587.0819702148438,555.0770874023438,583.957763671875,14377,2024-05-01 00:23:00,2024-05-10 23:59:00
2024_10d训练_100d测试,train,iTransformer-small,SYG1_10MAA50CT111A,超高压内缸壁温90%处#1,℃,Y4_VHP缸体与内部蒸汽,0.7384909391403198,2.644004419949252,2.117358684539795,550.593994140625,587.0819702148438,550.593994140625,587.0819702148438,554.4069213867188,581.443603515625,14377,2024-05-01 00:23:00,2024-05-10 23:59:00
2024_10d训练_100d测试,train,ANN,SYG1_10MAA50CT112A,超高压内缸壁温90%处#2,℃,Y4_VHP缸体与内部蒸汽,0.9531106948852539,1.3378471423134592,0.9903004765510559,559.0910034179688,598.9310302734375,559.0910034179688,598.9310302734375,568.3400268554688,594.01123046875,14377,2024-05-01 00:23:00,2024-05-10 23:59:00
2024_10d训练_100d测试,train,GRU-RNN,SYG1_10MAA50CT112A,超高压内缸壁温90%处#2,℃,Y4_VHP缸体与内部蒸汽,0.9844056367874146,0.7715304204020169,0.5735397934913635,559.0910034179688,598.9310302734375,559.0910034179688,598.9310302734375,565.2256469726562,594.8111572265625,14377,2024-05-01 00:23:00,2024-05-10 23:59:00
2024_10d训练_100d测试,train,TCN,SYG1_10MAA50CT112A,超高压内缸壁温90%处#2,℃,Y4_VHP缸体与内部蒸汽,0.9730392098426819,1.0144617902160182,0.7535883784294128,559.0910034179688,598.9310302734375,559.0910034179688,598.9310302734375,565.18212890625,595.3818969726562,14377,2024-05-01 00:23:00,2024-05-10 23:59:00
2024_10d训练_100d测试,train,iTransformer-small,SYG1_10MAA50CT112A,超高压内缸壁温90%处#2,℃,Y4_VHP缸体与内部蒸汽,0.9482387900352478,1.4056324344504554,1.065068006515503,559.0910034179688,598.9310302734375,559.0910034179688,598.9310302734375,564.0849609375,595.2651977539062,14377,2024-05-01 00:23:00,2024-05-10 23:59:00
2024_10d训练_100d测试,train,ANN,SYG1_10MAA50CT131A,超高压缸蒸汽温度100%,℃,Y4_VHP缸体与内部蒸汽,0.890642523765564,1.6701305950520182,1.2742997407913208,507.5570068359375,536.18701171875,507.5569763183594,536.18701171875,513.63525390625,533.9771728515625,14377,2024-05-01 00:23:00,2024-05-10 23:59:00
2024_10d训练_100d测试,train,GRU-RNN,SYG1_10MAA50CT131A,超高压缸蒸汽温度100%,℃,Y4_VHP缸体与内部蒸汽,0.9702156186103821,0.8716062740085238,0.6489701271057129,507.5570068359375,536.18701171875,507.5569763183594,536.18701171875,511.4326171875,535.388671875,14377,2024-05-01 00:23:00,2024-05-10 23:59:00
2024_10d训练_100d测试,train,TCN,SYG1_10MAA50CT131A,超高压缸蒸汽温度100%,℃,Y4_VHP缸体与内部蒸汽,0.9648120403289795,0.9473774322909388,0.7068617343902588,507.5570068359375,536.18701171875,507.5569763183594,536.18701171875,511.23870849609375,535.3638305664062,14377,2024-05-01 00:23:00,2024-05-10 23:59:00
2024_10d训练_100d测试,train,iTransformer-small,SYG1_10MAA50CT131A,超高压缸蒸汽温度100%,℃,Y4_VHP缸体与内部蒸汽,0.9454895257949829,1.1791419984823028,0.9016052484512329,507.5570068359375,536.18701171875,507.5569763183594,536.18701171875,510.65325927734375,535.830322265625,14377,2024-05-01 00:23:00,2024-05-10 23:59:00
2024_10d训练_100d测试,test,ANN,SYG1_10MAA50CP101,超高压缸叶片级压力#1,MPa,Y1_VHP本体,0.9637795090675354,0.8184324609718598,0.5716515779495239,6.576000213623047,22.70800018310547,6.232999801635742,23.680999755859375,6.223226547241211,22.253299713134766,141981,2024-05-11 00:23:00,2024-08-19 00:22:00
2024_10d训练_100d测试,test,GRU-RNN,SYG1_10MAA50CP101,超高压缸叶片级压力#1,MPa,Y1_VHP本体,0.9912206530570984,0.4029372199311843,0.24535104632377625,6.576000213623047,22.70800018310547,6.232999801635742,23.680999755859375,6.120841026306152,22.73874855041504,141981,2024-05-11 00:23:00,2024-08-19 00:22:00
2024_10d训练_100d测试,test,TCN,SYG1_10MAA50CP101,超高压缸叶片级压力#1,MPa,Y1_VHP本体,0.9844107627868652,0.5369306232206067,0.4121497571468353,6.576000213623047,22.70800018310547,6.232999801635742,23.680999755859375,5.639885902404785,24.289548873901367,141981,2024-05-11 00:23:00,2024-08-19 00:22:00
2024_10d训练_100d测试,test,iTransformer-small,SYG1_10MAA50CP101,超高压缸叶片级压力#1,MPa,Y1_VHP本体,0.9867042899131775,0.49586308741317997,0.3774530589580536,6.576000213623047,22.70800018310547,6.232999801635742,23.680999755859375,5.459310531616211,22.394821166992188,141981,2024-05-11 00:23:00,2024-08-19 00:22:00
2024_10d训练_100d测试,test,ANN,SYG1_10MAA50CP102,超高压缸叶片级压力#2,MPa,Y1_VHP本体,0.9748575687408447,0.6817300295197185,0.4294137954711914,6.5920000076293945,22.695999145507812,6.230999946594238,23.702999114990234,6.6355791091918945,22.184972763061523,141981,2024-05-11 00:23:00,2024-08-19 00:22:00
2024_10d训练_100d测试,test,GRU-RNN,SYG1_10MAA50CP102,超高压缸叶片级压力#2,MPa,Y1_VHP本体,0.992411732673645,0.3745238738592889,0.24876999855041504,6.5920000076293945,22.695999145507812,6.230999946594238,23.702999114990234,6.017487525939941,23.10303497314453,141981,2024-05-11 00:23:00,2024-08-19 00:22:00
2024_10d训练_100d测试,test,TCN,SYG1_10MAA50CP102,超高压缸叶片级压力#2,MPa,Y1_VHP本体,0.9873743653297424,0.4830980851299496,0.3249259889125824,6.5920000076293945,22.695999145507812,6.230999946594238,23.702999114990234,5.76682186126709,23.81910514831543,141981,2024-05-11 00:23:00,2024-08-19 00:22:00
2024_10d训练_100d测试,test,iTransformer-small,SYG1_10MAA50CP102,超高压缸叶片级压力#2,MPa,Y1_VHP本体,0.9858670234680176,0.5111240104876554,0.38718515634536743,6.5920000076293945,22.695999145507812,6.230999946594238,23.702999114990234,5.203125,22.294231414794922,141981,2024-05-11 00:23:00,2024-08-19 00:22:00
2024_10d训练_100d测试,test,ANN,SYG1_10MAA50CP103,超高压缸叶片级压力#3,MPa,Y1_VHP本体,0.9719840288162231,0.7196542607796389,0.42040809988975525,6.578999996185303,22.695999145507812,6.256000518798828,23.67799949645996,6.506013870239258,22.157379150390625,141981,2024-05-11 00:23:00,2024-08-19 00:22:00
2024_10d训练_100d测试,test,GRU-RNN,SYG1_10MAA50CP103,超高压缸叶片级压力#3,MPa,Y1_VHP本体,0.9880391955375671,0.4702198507610819,0.2905925214290619,6.578999996185303,22.695999145507812,6.256000518798828,23.67799949645996,4.900246620178223,23.452659606933594,141981,2024-05-11 00:23:00,2024-08-19 00:22:00
2024_10d训练_100d测试,test,TCN,SYG1_10MAA50CP103,超高压缸叶片级压力#3,MPa,Y1_VHP本体,0.9823643565177917,0.5709747493141218,0.4367360770702362,6.578999996185303,22.695999145507812,6.256000518798828,23.67799949645996,6.345181465148926,24.425983428955078,141981,2024-05-11 00:23:00,2024-08-19 00:22:00
2024_10d训练_100d测试,test,iTransformer-small,SYG1_10MAA50CP103,超高压缸叶片级压力#3,MPa,Y1_VHP本体,0.9876403212547302,0.47799632641047035,0.36195454001426697,6.578999996185303,22.695999145507812,6.256000518798828,23.67799949645996,5.429206848144531,22.26021957397461,141981,2024-05-11 00:23:00,2024-08-19 00:22:00
2024_10d训练_100d测试,test,ANN,SYG1_10MAA50CT121A,超高压排汽蒸汽温度#1,℃,Y1_VHP本体,0.8033196926116943,2.1645809062201287,1.6359091997146606,395.4360046386719,424.8529968261719,386.45599365234375,435.14300537109375,401.3428649902344,420.7396545410156,141981,2024-05-11 00:23:00,2024-08-19 00:22:00
2024_10d训练_100d测试,test,GRU-RNN,SYG1_10MAA50CT121A,超高压排汽蒸汽温度#1,℃,Y1_VHP本体,0.8712299466133118,1.7514625976820348,1.2885544300079346,395.4360046386719,424.8529968261719,386.45599365234375,435.14300537109375,397.39764404296875,424.81756591796875,141981,2024-05-11 00:23:00,2024-08-19 00:22:00
2024_10d训练_100d测试,test,TCN,SYG1_10MAA50CT121A,超高压排汽蒸汽温度#1,℃,Y1_VHP本体,0.8397057056427002,1.9541255981858248,1.4792168140411377,395.4360046386719,424.8529968261719,386.45599365234375,435.14300537109375,398.3707580566406,423.6781005859375,141981,2024-05-11 00:23:00,2024-08-19 00:22:00
2024_10d训练_100d测试,test,iTransformer-small,SYG1_10MAA50CT121A,超高压排汽蒸汽温度#1,℃,Y1_VHP本体,0.784917414188385,2.263581084042638,1.701629638671875,395.4360046386719,424.8529968261719,386.45599365234375,435.14300537109375,399.85614013671875,422.3915710449219,141981,2024-05-11 00:23:00,2024-08-19 00:22:00
2024_10d训练_100d测试,test,ANN,SYG1_10MAA50CT122A,超高压排汽蒸汽温度#2,℃,Y1_VHP本体,0.7853832840919495,2.2386489219999817,1.6845898628234863,392.343994140625,421.91900634765625,381.27899169921875,432.5580139160156,400.33917236328125,417.9883728027344,141981,2024-05-11 00:23:00,2024-08-19 00:22:00
2024_10d训练_100d测试,test,GRU-RNN,SYG1_10MAA50CT122A,超高压排汽蒸汽温度#2,℃,Y1_VHP本体,0.8560869693756104,1.8331765049989661,1.365339756011963,392.343994140625,421.91900634765625,381.27899169921875,432.5580139160156,394.3468017578125,421.7457275390625,141981,2024-05-11 00:23:00,2024-08-19 00:22:00
2024_10d训练_100d测试,test,TCN,SYG1_10MAA50CT122A,超高压排汽蒸汽温度#2,℃,Y1_VHP本体,0.810092568397522,2.105839004941709,1.6172865629196167,392.343994140625,421.91900634765625,381.27899169921875,432.5580139160156,395.5165100097656,420.91290283203125,141981,2024-05-11 00:23:00,2024-08-19 00:22:00
2024_10d训练_100d测试,test,iTransformer-small,SYG1_10MAA50CT122A,超高压排汽蒸汽温度#2,℃,Y1_VHP本体,0.7608661651611328,2.363059697130428,1.7956026792526245,392.343994140625,421.91900634765625,381.27899169921875,432.5580139160156,396.76763916015625,419.2698059082031,141981,2024-05-11 00:23:00,2024-08-19 00:22:00
2024_10d训练_100d测试,test,ANN,SYG1_10MAA50CT123A,超高压排汽蒸汽温度#3,℃,Y1_VHP本体,0.8453105092048645,1.9343175284825584,1.3805537223815918,393.31500244140625,423.218994140625,383.8399963378906,432.74700927734375,401.2285461425781,418.8226623535156,141981,2024-05-11 00:23:00,2024-08-19 00:22:00
2024_10d训练_100d测试,test,GRU-RNN,SYG1_10MAA50CT123A,超高压排汽蒸汽温度#3,℃,Y1_VHP本体,0.9054552316665649,1.5122241375515746,1.04667329788208,393.31500244140625,423.218994140625,383.8399963378906,432.74700927734375,395.7648620605469,422.26556396484375,141981,2024-05-11 00:23:00,2024-08-19 00:22:00
2024_10d训练_100d测试,test,TCN,SYG1_10MAA50CT123A,超高压排汽蒸汽温度#3,℃,Y1_VHP本体,0.8885250091552734,1.642048826451183,1.1449947357177734,393.31500244140625,423.218994140625,383.8399963378906,432.74700927734375,396.82720947265625,421.46905517578125,141981,2024-05-11 00:23:00,2024-08-19 00:22:00
2024_10d训练_100d测试,test,iTransformer-small,SYG1_10MAA50CT123A,超高压排汽蒸汽温度#3,℃,Y1_VHP本体,0.8424278497695923,1.9522573756497397,1.3769944906234741,393.31500244140625,423.218994140625,383.8399963378906,432.74700927734375,398.4818115234375,420.62847900390625,141981,2024-05-11 00:23:00,2024-08-19 00:22:00
2024_10d训练_100d测试,test,ANN,SYG1_10LBC01CP101,超高压缸A侧排汽垂直管压力,MPa,Y1_VHP本体,0.9492151141166687,0.4709497019624157,0.32024213671684265,3.177000045776367,10.899999618530273,3.1449999809265137,11.40999984741211,2.6604175567626953,11.132464408874512,141981,2024-05-11 00:23:00,2024-08-19 00:22:00
2024_10d训练_100d测试,test,GRU-RNN,SYG1_10LBC01CP101,超高压缸A侧排汽垂直管压力,MPa,Y1_VHP本体,0.9889289736747742,0.21988786498781063,0.12431284785270691,3.177000045776367,10.899999618530273,3.1449999809265137,11.40999984741211,2.644888401031494,11.13520622253418,141981,2024-05-11 00:23:00,2024-08-19 00:22:00
2024_10d训练_100d测试,test,TCN,SYG1_10LBC01CP101,超高压缸A侧排汽垂直管压力,MPa,Y1_VHP本体,0.9846977591514587,0.25851450336820514,0.1823720484972,3.177000045776367,10.899999618530273,3.1449999809265137,11.40999984741211,3.0154690742492676,11.198503494262695,141981,2024-05-11 00:23:00,2024-08-19 00:22:00
2024_10d训练_100d测试,test,iTransformer-small,SYG1_10LBC01CP101,超高压缸A侧排汽垂直管压力,MPa,Y1_VHP本体,0.9891266226768494,0.217916133983598,0.15880975127220154,3.177000045776367,10.899999618530273,3.1449999809265137,11.40999984741211,2.5762791633605957,10.80099868774414,141981,2024-05-11 00:23:00,2024-08-19 00:22:00
2024_10d训练_100d测试,test,ANN,SYG1_10LBC02CP101,超高压缸B侧排汽垂直管压力,MPa,Y1_VHP本体,0.9752108454704285,0.33143075608685324,0.20351287722587585,3.186000108718872,10.961000442504883,3.1539998054504395,11.482000350952148,3.0019984245300293,11.126172065734863,141981,2024-05-11 00:23:00,2024-08-19 00:22:00
2024_10d训练_100d测试,test,GRU-RNN,SYG1_10LBC02CP101,超高压缸B侧排汽垂直管压力,MPa,Y1_VHP本体,0.9881466031074524,0.22918365516693634,0.15051275491714478,3.186000108718872,10.961000442504883,3.1539998054504395,11.482000350952148,2.886287212371826,11.384140014648438,141981,2024-05-11 00:23:00,2024-08-19 00:22:00
2024_10d训练_100d测试,test,TCN,SYG1_10LBC02CP101,超高压缸B侧排汽垂直管压力,MPa,Y1_VHP本体,0.9832500219345093,0.272438786744494,0.1979627013206482,3.186000108718872,10.961000442504883,3.1539998054504395,11.482000350952148,2.835031509399414,11.18040657043457,141981,2024-05-11 00:23:00,2024-08-19 00:22:00
2024_10d训练_100d测试,test,iTransformer-small,SYG1_10LBC02CP101,超高压缸B侧排汽垂直管压力,MPa,Y1_VHP本体,0.988502025604248,0.22572121960607824,0.165140300989151,3.186000108718872,10.961000442504883,3.1539998054504395,11.482000350952148,2.6515870094299316,10.843031883239746,141981,2024-05-11 00:23:00,2024-08-19 00:22:00
2024_10d训练_100d测试,test,ANN,SYG1_10LBC01CT101,超高压缸A侧排汽垂直管温度,℃,Y1_VHP本体,0.8435114622116089,2.045539012282348,1.279510498046875,393.3349914550781,426.0950012207031,382.9989929199219,438.7359924316406,401.6328430175781,421.5028381347656,141981,2024-05-11 00:23:00,2024-08-19 00:22:00
2024_10d训练_100d测试,test,GRU-RNN,SYG1_10LBC01CT101,超高压缸A侧排汽垂直管温度,℃,Y1_VHP本体,0.897162914276123,1.6582170717261693,1.0004732608795166,393.3349914550781,426.0950012207031,382.9989929199219,438.7359924316406,397.01995849609375,424.547119140625,141981,2024-05-11 00:23:00,2024-08-19 00:22:00
2024_10d训练_100d测试,test,TCN,SYG1_10LBC01CT101,超高压缸A侧排汽垂直管温度,℃,Y1_VHP本体,0.865155041217804,1.898820061461516,1.1409722566604614,393.3349914550781,426.0950012207031,382.9989929199219,438.7359924316406,397.7176208496094,423.2615661621094,141981,2024-05-11 00:23:00,2024-08-19 00:22:00
2024_10d训练_100d测试,test,iTransformer-small,SYG1_10LBC01CT101,超高压缸A侧排汽垂直管温度,℃,Y1_VHP本体,0.8411646485328674,2.060820039839186,1.323008418083191,393.3349914550781,426.0950012207031,382.9989929199219,438.7359924316406,399.007568359375,422.52044677734375,141981,2024-05-11 00:23:00,2024-08-19 00:22:00
2024_10d训练_100d测试,test,ANN,SYG1_10LBC02CT101,超高压缸B侧排汽垂直管温度,℃,Y1_VHP本体,0.8431286215782166,2.040041399890954,1.3118555545806885,396.32598876953125,429.21600341796875,385.33599853515625,440.7980041503906,404.2104187011719,424.1327209472656,141981,2024-05-11 00:23:00,2024-08-19 00:22:00
2024_10d训练_100d测试,test,GRU-RNN,SYG1_10LBC02CT101,超高压缸B侧排汽垂直管温度,℃,Y1_VHP本体,0.9076573252677917,1.5651946673724775,1.0043835639953613,396.32598876953125,429.21600341796875,385.33599853515625,440.7980041503906,400.3134460449219,427.924560546875,141981,2024-05-11 00:23:00,2024-08-19 00:22:00
2024_10d训练_100d测试,test,TCN,SYG1_10LBC02CT101,超高压缸B侧排汽垂直管温度,℃,Y1_VHP本体,0.8699524998664856,1.857454413962324,1.1875115633010864,396.32598876953125,429.21600341796875,385.33599853515625,440.7980041503906,400.9817199707031,427.06414794921875,141981,2024-05-11 00:23:00,2024-08-19 00:22:00
2024_10d训练_100d测试,test,iTransformer-small,SYG1_10LBC02CT101,超高压缸B侧排汽垂直管温度,℃,Y1_VHP本体,0.8361977338790894,2.0846208281585366,1.3740832805633545,396.32598876953125,429.21600341796875,385.33599853515625,440.7980041503906,401.85906982421875,425.5068664550781,141981,2024-05-11 00:23:00,2024-08-19 00:22:00
2024_10d训练_100d测试,test,ANN,SYG1_10LBQ10CP101,一级抽汽口压力,MPa,Y2_一级抽汽接口,0.9687823057174683,0.36659275749578824,0.2181147187948227,3.1540000438690186,10.821000099182129,3.114999771118164,11.312000274658203,2.969595432281494,10.934365272521973,141981,2024-05-11 00:23:00,2024-08-19 00:22:00
2024_10d训练_100d测试,test,GRU-RNN,SYG1_10LBQ10CP101,一级抽汽口压力,MPa,Y2_一级抽汽接口,0.9875743985176086,0.23128203576084233,0.13631737232208252,3.1540000438690186,10.821000099182129,3.114999771118164,11.312000274658203,2.689835548400879,11.121646881103516,141981,2024-05-11 00:23:00,2024-08-19 00:22:00
2024_10d训练_100d测试,test,TCN,SYG1_10LBQ10CP101,一级抽汽口压力,MPa,Y2_一级抽汽接口,0.9853288531303406,0.2513134102253438,0.18365496397018433,3.1540000438690186,10.821000099182129,3.114999771118164,11.312000274658203,2.840921401977539,11.101861000061035,141981,2024-05-11 00:23:00,2024-08-19 00:22:00
2024_10d训练_100d测试,test,iTransformer-small,SYG1_10LBQ10CP101,一级抽汽口压力,MPa,Y2_一级抽汽接口,0.9890203475952148,0.21740919708781148,0.16158588230609894,3.1540000438690186,10.821000099182129,3.114999771118164,11.312000274658203,2.522961139678955,10.724706649780273,141981,2024-05-11 00:23:00,2024-08-19 00:22:00
2024_10d训练_100d测试,test,ANN,SYG1_10LBQ10CT101A,一级抽汽口温度,℃,Y2_一级抽汽接口,0.8507614135742188,1.9598145328081382,1.2713615894317627,397.0320129394531,428.6619873046875,386.5119934082031,440.011962890625,404.30047607421875,424.0476989746094,141981,2024-05-11 00:23:00,2024-08-19 00:22:00
2024_10d训练_100d测试,test,GRU-RNN,SYG1_10LBQ10CT101A,一级抽汽口温度,℃,Y2_一级抽汽接口,0.9058185815811157,1.556887043554522,0.9851676821708679,397.0320129394531,428.6619873046875,386.5119934082031,440.011962890625,400.71441650390625,427.2018127441406,141981,2024-05-11 00:23:00,2024-08-19 00:22:00
2024_10d训练_100d测试,test,TCN,SYG1_10LBQ10CT101A,一级抽汽口温度,℃,Y2_一级抽汽接口,0.8756469488143921,1.788968412765457,1.0895015001296997,397.0320129394531,428.6619873046875,386.5119934082031,440.011962890625,400.7859802246094,425.99627685546875,141981,2024-05-11 00:23:00,2024-08-19 00:22:00
2024_10d训练_100d测试,test,iTransformer-small,SYG1_10LBQ10CT101A,一级抽汽口温度,℃,Y2_一级抽汽接口,0.8474252223968506,1.9815993232716655,1.2751578092575073,397.0320129394531,428.6619873046875,386.5119934082031,440.011962890625,401.9259033203125,424.8182678222656,141981,2024-05-11 00:23:00,2024-08-19 00:22:00
2024_10d训练_100d测试,test,ANN,SYG1_10LBQ10CT102,一级抽汽逆止门前水平管管顶温度,℃,Y2_一级抽汽接口,0.8323349356651306,2.053247331432437,1.3287125825881958,393.7590026855469,424.2510070800781,383.81500244140625,436.2850036621094,401.7456970214844,420.385986328125,141981,2024-05-11 00:23:00,2024-08-19 00:22:00
2024_10d训练_100d测试,test,GRU-RNN,SYG1_10LBQ10CT102,一级抽汽逆止门前水平管管顶温度,℃,Y2_一级抽汽接口,0.9056649208068848,1.5401271487669115,0.9732856154441833,393.7590026855469,424.2510070800781,383.81500244140625,436.2850036621094,398.0068359375,423.26806640625,141981,2024-05-11 00:23:00,2024-08-19 00:22:00
2024_10d训练_100d测试,test,TCN,SYG1_10LBQ10CT102,一级抽汽逆止门前水平管管顶温度,℃,Y2_一级抽汽接口,0.87528395652771,1.7708473279811403,1.114501714706421,393.7590026855469,424.2510070800781,383.81500244140625,436.2850036621094,398.1799621582031,422.4039611816406,141981,2024-05-11 00:23:00,2024-08-19 00:22:00
2024_10d训练_100d测试,test,iTransformer-small,SYG1_10LBQ10CT102,一级抽汽逆止门前水平管管顶温度,℃,Y2_一级抽汽接口,0.8459027409553528,1.9684183356040608,1.2932474613189697,393.7590026855469,424.2510070800781,383.81500244140625,436.2850036621094,398.76861572265625,421.5189514160156,141981,2024-05-11 00:23:00,2024-08-19 00:22:00
2024_10d训练_100d测试,test,ANN,SYG1_10LBQ10CT103,一级抽汽逆止门前水平管管底温度,℃,Y2_一级抽汽接口,0.8189632892608643,2.135714837323449,1.3881592750549316,394.44000244140625,425.1730041503906,383.2900085449219,437.6820068359375,400.6208801269531,420.3379211425781,141981,2024-05-11 00:23:00,2024-08-19 00:22:00
2024_10d训练_100d测试,test,GRU-RNN,SYG1_10LBQ10CT103,一级抽汽逆止门前水平管管底温度,℃,Y2_一级抽汽接口,0.8915708065032959,1.6528486197468886,1.047530174255371,394.44000244140625,425.1730041503906,383.2900085449219,437.6820068359375,397.54901123046875,423.66009521484375,141981,2024-05-11 00:23:00,2024-08-19 00:22:00
2024_10d训练_100d测试,test,TCN,SYG1_10LBQ10CT103,一级抽汽逆止门前水平管管底温度,℃,Y2_一级抽汽接口,0.8615394234657288,1.8677685842956593,1.165366291999817,394.44000244140625,425.1730041503906,383.2900085449219,437.6820068359375,396.99725341796875,422.3416748046875,141981,2024-05-11 00:23:00,2024-08-19 00:22:00
2024_10d训练_100d测试,test,iTransformer-small,SYG1_10LBQ10CT103,一级抽汽逆止门前水平管管底温度,℃,Y2_一级抽汽接口,0.8361583948135376,2.031758288830681,1.3387863636016846,394.44000244140625,425.1730041503906,383.2900085449219,437.6820068359375,398.7741394042969,421.66412353515625,141981,2024-05-11 00:23:00,2024-08-19 00:22:00
2024_10d训练_100d测试,test,ANN,SYG1_10LBQ10CT104,一级抽汽逆止门后水平管管顶温度,℃,Y2_一级抽汽接口,0.8258918523788452,2.0645632971578256,1.3452049493789673,394.3399963378906,423.6289978027344,383.2340087890625,436.1409912109375,401.16558837890625,419.5072326660156,141981,2024-05-11 00:23:00,2024-08-19 00:22:00
2024_10d训练_100d测试,test,GRU-RNN,SYG1_10LBQ10CT104,一级抽汽逆止门后水平管管顶温度,℃,Y2_一级抽汽接口,0.8809042572975159,1.7075235106607547,1.068239688873291,394.3399963378906,423.6289978027344,383.2340087890625,436.1409912109375,397.758544921875,422.4674377441406,141981,2024-05-11 00:23:00,2024-08-19 00:22:00
2024_10d训练_100d测试,test,TCN,SYG1_10LBQ10CT104,一级抽汽逆止门后水平管管顶温度,℃,Y2_一级抽汽接口,0.8608847856521606,1.8454654278158862,1.1569747924804688,394.3399963378906,423.6289978027344,383.2340087890625,436.1409912109375,397.90625,421.93548583984375,141981,2024-05-11 00:23:00,2024-08-19 00:22:00
2024_10d训练_100d测试,test,iTransformer-small,SYG1_10LBQ10CT104,一级抽汽逆止门后水平管管顶温度,℃,Y2_一级抽汽接口,0.828758716583252,2.0474950419122564,1.3548976182937622,394.3399963378906,423.6289978027344,383.2340087890625,436.1409912109375,398.6888122558594,420.9612121582031,141981,2024-05-11 00:23:00,2024-08-19 00:22:00
2024_10d训练_100d测试,test,ANN,SYG1_10LBQ10CT105,一级抽汽逆止门后水平管管底温度,℃,Y2_一级抽汽接口,0.8318622708320618,2.0588778276255573,1.3634778261184692,393.7149963378906,424.3070068359375,382.85400390625,436.8169860839844,400.1456604003906,420.092529296875,141981,2024-05-11 00:23:00,2024-08-19 00:22:00
2024_10d训练_100d测试,test,GRU-RNN,SYG1_10LBQ10CT105,一级抽汽逆止门后水平管管底温度,℃,Y2_一级抽汽接口,0.8935223817825317,1.638427061360175,1.0484631061553955,393.7149963378906,424.3070068359375,382.85400390625,436.8169860839844,397.01849365234375,423.3372802734375,141981,2024-05-11 00:23:00,2024-08-19 00:22:00
2024_10d训练_100d测试,test,TCN,SYG1_10LBQ10CT105,一级抽汽逆止门后水平管管底温度,℃,Y2_一级抽汽接口,0.8534290790557861,1.922303252848961,1.2168066501617432,393.7149963378906,424.3070068359375,382.85400390625,436.8169860839844,397.44561767578125,421.75225830078125,141981,2024-05-11 00:23:00,2024-08-19 00:22:00
2024_10d训练_100d测试,test,iTransformer-small,SYG1_10LBQ10CT105,一级抽汽逆止门后水平管管底温度,℃,Y2_一级抽汽接口,0.8335434794425964,2.048558598364376,1.3488043546676636,393.7149963378906,424.3070068359375,382.85400390625,436.8169860839844,398.2134704589844,421.21771240234375,141981,2024-05-11 00:23:00,2024-08-19 00:22:00
2024_10d训练_100d测试,test,ANN,SYG1_10LBQ10CP102,1号高加入口抽汽压力,MPa,Y2_一级抽汽接口,0.9688181281089783,0.35657300360251204,0.235004261136055,3.194000005722046,10.63700008392334,3.167999744415283,11.095999717712402,3.036007881164551,10.637962341308594,141981,2024-05-11 00:23:00,2024-08-19 00:22:00
2024_10d训练_100d测试,test,GRU-RNN,SYG1_10LBQ10CP102,1号高加入口抽汽压力,MPa,Y2_一级抽汽接口,0.9922647476196289,0.17759660474465308,0.11934377998113632,3.194000005722046,10.63700008392334,3.167999744415283,11.095999717712402,2.9103517532348633,11.018293380737305,141981,2024-05-11 00:23:00,2024-08-19 00:22:00
2024_10d训练_100d测试,test,TCN,SYG1_10LBQ10CP102,1号高加入口抽汽压力,MPa,Y2_一级抽汽接口,0.9888633489608765,0.21309559255626565,0.146911159157753,3.194000005722046,10.63700008392334,3.167999744415283,11.095999717712402,3.031881332397461,10.856466293334961,141981,2024-05-11 00:23:00,2024-08-19 00:22:00
2024_10d训练_100d测试,test,iTransformer-small,SYG1_10LBQ10CP102,1号高加入口抽汽压力,MPa,Y2_一级抽汽接口,0.9888041019439697,0.21366194016759252,0.16194036602973938,3.194000005722046,10.63700008392334,3.167999744415283,11.095999717712402,2.742908000946045,10.620076179504395,141981,2024-05-11 00:23:00,2024-08-19 00:22:00
2024_10d训练_100d测试,test,ANN,SYG1_10LBQ10CT106,1号高加入口抽汽温度,℃,Y2_一级抽汽接口,0.8274631500244141,2.051152077708094,1.3248006105422974,394.4849853515625,423.8179931640625,383.2340087890625,435.7080078125,401.93170166015625,420.1545104980469,141981,2024-05-11 00:23:00,2024-08-19 00:22:00
2024_10d训练_100d测试,test,GRU-RNN,SYG1_10LBQ10CT106,1号高加入口抽汽温度,℃,Y2_一级抽汽接口,0.902501106262207,1.541902120326184,0.9690078496932983,394.4849853515625,423.8179931640625,383.2340087890625,435.7080078125,397.3973083496094,422.6743469238281,141981,2024-05-11 00:23:00,2024-08-19 00:22:00
2024_10d训练_100d测试,test,TCN,SYG1_10LBQ10CT106,1号高加入口抽汽温度,℃,Y2_一级抽汽接口,0.8782342672348022,1.7231357452090756,1.0472702980041504,394.4849853515625,423.8179931640625,383.2340087890625,435.7080078125,397.9770812988281,422.08453369140625,141981,2024-05-11 00:23:00,2024-08-19 00:22:00
2024_10d训练_100d测试,test,iTransformer-small,SYG1_10LBQ10CT106,1号高加入口抽汽温度,℃,Y2_一级抽汽接口,0.8477497100830078,1.9267975328917069,1.2661051750183105,394.4849853515625,423.8179931640625,383.2340087890625,435.7080078125,399.05157470703125,421.2579650878906,141981,2024-05-11 00:23:00,2024-08-19 00:22:00
2024_10d训练_100d测试,test,ANN,SYG1_10LBC20CT101,一次低温再热逆止阀前母管管底温度,℃,Y3_VHP至RH1接口,0.8393442034721375,2.021260979881496,1.3317888975143433,395.90301513671875,426.6289978027344,386.96795654296875,438.93597412109375,403.2575378417969,422.3536071777344,141981,2024-05-11 00:23:00,2024-08-19 00:22:00
2024_10d训练_100d测试,test,GRU-RNN,SYG1_10LBC20CT101,一次低温再热逆止阀前母管管底温度,℃,Y3_VHP至RH1接口,0.9012203812599182,1.5849221272397147,0.9816522598266602,395.90301513671875,426.6289978027344,386.96795654296875,438.93597412109375,399.5394592285156,425.0847473144531,141981,2024-05-11 00:23:00,2024-08-19 00:22:00
2024_10d训练_100d测试,test,TCN,SYG1_10LBC20CT101,一次低温再热逆止阀前母管管底温度,℃,Y3_VHP至RH1接口,0.8680164217948914,1.8320365206189175,1.145817518234253,395.90301513671875,426.6289978027344,386.96795654296875,438.93597412109375,399.9352111816406,424.2975158691406,141981,2024-05-11 00:23:00,2024-08-19 00:22:00
2024_10d训练_100d测试,test,iTransformer-small,SYG1_10LBC20CT101,一次低温再热逆止阀前母管管底温度,℃,Y3_VHP至RH1接口,0.8456562161445618,1.9811563896904698,1.2847371101379395,395.90301513671875,426.6289978027344,386.96795654296875,438.93597412109375,400.7731628417969,423.6242370605469,141981,2024-05-11 00:23:00,2024-08-19 00:22:00
2024_10d训练_100d测试,test,ANN,SYG1_10LBC20CT103,一次低温再热逆止阀后水平管管顶温度,℃,Y3_VHP至RH1接口,0.8227489590644836,2.1208759006307902,1.3680386543273926,395.177001953125,426.0950012207031,385.71600341796875,437.9259948730469,402.8338928222656,421.7439270019531,141981,2024-05-11 00:23:00,2024-08-19 00:22:00
2024_10d训练_100d测试,test,GRU-RNN,SYG1_10LBC20CT103,一次低温再热逆止阀后水平管管顶温度,℃,Y3_VHP至RH1接口,0.8989946842193604,1.6010062391456203,0.9875317811965942,395.177001953125,426.0950012207031,385.71600341796875,437.9259948730469,398.70916748046875,423.8624572753906,141981,2024-05-11 00:23:00,2024-08-19 00:22:00
2024_10d训练_100d测试,test,TCN,SYG1_10LBC20CT103,一次低温再热逆止阀后水平管管顶温度,℃,Y3_VHP至RH1接口,0.8655798435211182,1.8469411744527864,1.1377800703048706,395.177001953125,426.0950012207031,385.71600341796875,437.9259948730469,399.2312927246094,423.9827880859375,141981,2024-05-11 00:23:00,2024-08-19 00:22:00
2024_10d训练_100d测试,test,iTransformer-small,SYG1_10LBC20CT103,一次低温再热逆止阀后水平管管顶温度,℃,Y3_VHP至RH1接口,0.8429954051971436,1.9960760724204998,1.2938838005065918,395.177001953125,426.0950012207031,385.71600341796875,437.9259948730469,399.943603515625,422.7828369140625,141981,2024-05-11 00:23:00,2024-08-19 00:22:00
2024_10d训练_100d测试,test,ANN,SYG1_10LBC20CT104,一次低温再热逆止阀后水平管管底温度,℃,Y3_VHP至RH1接口,0.8184489607810974,2.110364667647879,1.3786344528198242,398.5469970703125,427.8169860839844,388.70001220703125,440.2659912109375,405.4416198730469,423.6802673339844,141981,2024-05-11 00:23:00,2024-08-19 00:22:00
2024_10d训练_100d测试,test,GRU-RNN,SYG1_10LBC20CT104,一次低温再热逆止阀后水平管管底温度,℃,Y3_VHP至RH1接口,0.9038930535316467,1.5354492063279113,0.9604790806770325,398.5469970703125,427.8169860839844,388.70001220703125,440.2659912109375,402.8153991699219,427.0884704589844,141981,2024-05-11 00:23:00,2024-08-19 00:22:00
2024_10d训练_100d测试,test,TCN,SYG1_10LBC20CT104,一次低温再热逆止阀后水平管管底温度,℃,Y3_VHP至RH1接口,0.8665937185287476,1.8090320163253297,1.1199232339859009,398.5469970703125,427.8169860839844,388.70001220703125,440.2659912109375,402.33306884765625,426.5099792480469,141981,2024-05-11 00:23:00,2024-08-19 00:22:00
2024_10d训练_100d测试,test,iTransformer-small,SYG1_10LBC20CT104,一次低温再热逆止阀后水平管管底温度,℃,Y3_VHP至RH1接口,0.8535308837890625,1.8955322138273532,1.2425868511199951,398.5469970703125,427.8169860839844,388.70001220703125,440.2659912109375,402.8278503417969,425.276611328125,141981,2024-05-11 00:23:00,2024-08-19 00:22:00
2024_10d训练_100d测试,test,ANN,SYG1_10MAA50CT111A,超高压内缸壁温90%处#1,℃,Y4_VHP缸体与内部蒸汽,0.683194637298584,3.207461812601496,2.6399271488189697,550.593994140625,587.0819702148438,536.4730224609375,590.7069702148438,559.0694580078125,580.384033203125,141981,2024-05-11 00:23:00,2024-08-19 00:22:00
2024_10d训练_100d测试,test,GRU-RNN,SYG1_10MAA50CT111A,超高压内缸壁温90%处#1,℃,Y4_VHP缸体与内部蒸汽,0.7684797644615173,2.741950913355084,2.266146659851074,550.593994140625,587.0819702148438,536.4730224609375,590.7069702148438,553.718505859375,583.359619140625,141981,2024-05-11 00:23:00,2024-08-19 00:22:00
2024_10d训练_100d测试,test,TCN,SYG1_10MAA50CT111A,超高压内缸壁温90%处#1,℃,Y4_VHP缸体与内部蒸汽,0.7121747732162476,3.0572406996335117,2.557206153869629,550.593994140625,587.0819702148438,536.4730224609375,590.7069702148438,553.7916259765625,584.0892944335938,141981,2024-05-11 00:23:00,2024-08-19 00:22:00
2024_10d训练_100d测试,test,iTransformer-small,SYG1_10MAA50CT111A,超高压内缸壁温90%处#1,℃,Y4_VHP缸体与内部蒸汽,0.6821396350860596,3.212797865064831,2.6169872283935547,550.593994140625,587.0819702148438,536.4730224609375,590.7069702148438,553.6233520507812,581.59033203125,141981,2024-05-11 00:23:00,2024-08-19 00:22:00
2024_10d训练_100d测试,test,ANN,SYG1_10MAA50CT112A,超高压内缸壁温90%处#2,℃,Y4_VHP缸体与内部蒸汽,0.9104654788970947,1.893827516083513,1.4168697595596313,559.0910034179688,598.9310302734375,546.5989990234375,610.7780151367188,568.1688842773438,594.1937866210938,141981,2024-05-11 00:23:00,2024-08-19 00:22:00
2024_10d训练_100d测试,test,GRU-RNN,SYG1_10MAA50CT112A,超高压内缸壁温90%处#2,℃,Y4_VHP缸体与内部蒸汽,0.9665732383728027,1.1571570266885445,0.8018930554389954,559.0910034179688,598.9310302734375,546.5989990234375,610.7780151367188,564.3706665039062,596.9993286132812,141981,2024-05-11 00:23:00,2024-08-19 00:22:00
2024_10d训练_100d测试,test,TCN,SYG1_10MAA50CT112A,超高压内缸壁温90%处#2,℃,Y4_VHP缸体与内部蒸汽,0.9362318515777588,1.5982582058850294,1.222771406173706,559.0910034179688,598.9310302734375,546.5989990234375,610.7780151367188,564.2027587890625,596.63916015625,141981,2024-05-11 00:23:00,2024-08-19 00:22:00
2024_10d训练_100d测试,test,iTransformer-small,SYG1_10MAA50CT112A,超高压内缸壁温90%处#2,℃,Y4_VHP缸体与内部蒸汽,0.9096373319625854,1.9025657571263652,1.4629360437393188,559.0910034179688,598.9310302734375,546.5989990234375,610.7780151367188,563.4537353515625,596.5853881835938,141981,2024-05-11 00:23:00,2024-08-19 00:22:00
2024_10d训练_100d测试,test,ANN,SYG1_10MAA50CT131A,超高压缸蒸汽温度100%,℃,Y4_VHP缸体与内部蒸汽,0.8233587145805359,2.29458337762917,1.7607377767562866,507.5570068359375,536.18701171875,498.6519775390625,544.0560302734375,513.2593994140625,534.0673217773438,141981,2024-05-11 00:23:00,2024-08-19 00:22:00
2024_10d训练_100d测试,test,GRU-RNN,SYG1_10MAA50CT131A,超高压缸蒸汽温度100%,℃,Y4_VHP缸体与内部蒸汽,0.9252750873565674,1.4924178819413747,1.064030647277832,507.5570068359375,536.18701171875,498.6519775390625,544.0560302734375,510.9761657714844,535.6795654296875,141981,2024-05-11 00:23:00,2024-08-19 00:22:00
2024_10d训练_100d测试,test,TCN,SYG1_10MAA50CT131A,超高压缸蒸汽温度100%,℃,Y4_VHP缸体与内部蒸汽,0.9118789434432983,1.6206809380024698,1.2103325128555298,507.5570068359375,536.18701171875,498.6519775390625,544.0560302734375,510.73223876953125,536.1074829101562,141981,2024-05-11 00:23:00,2024-08-19 00:22:00
2024_10d训练_100d测试,test,iTransformer-small,SYG1_10MAA50CT131A,超高压缸蒸汽温度100%,℃,Y4_VHP缸体与内部蒸汽,0.8953803777694702,1.7658928186977532,1.322440505027771,507.5570068359375,536.18701171875,498.6519775390625,544.0560302734375,509.1785888671875,536.0265502929688,141981,2024-05-11 00:23:00,2024-08-19 00:22:00
2024_10d训练_200d测试,train,ANN,SYG1_10MAA50CP101,超高压缸叶片级压力#1,MPa,Y1_VHP本体,0.9879023432731628,0.5402000421853104,0.38570159673690796,6.576000213623047,22.70800018310547,6.576000213623047,22.70800018310547,6.2287092208862305,22.170244216918945,14377,2024-05-01 00:23:00,2024-05-10 23:59:00
2024_10d训练_200d测试,train,GRU-RNN,SYG1_10MAA50CP101,超高压缸叶片级压力#1,MPa,Y1_VHP本体,0.9972534775733948,0.2573933372829378,0.18651580810546875,6.576000213623047,22.70800018310547,6.576000213623047,22.70800018310547,6.010611534118652,22.53256607055664,14377,2024-05-01 00:23:00,2024-05-10 23:59:00
2024_10d训练_200d测试,train,TCN,SYG1_10MAA50CP101,超高压缸叶片级压力#1,MPa,Y1_VHP本体,0.9922523498535156,0.4323025801633033,0.3233373761177063,6.576000213623047,22.70800018310547,6.576000213623047,22.70800018310547,6.114587783813477,23.79983139038086,14377,2024-05-01 00:23:00,2024-05-10 23:59:00
2024_10d训练_200d测试,train,iTransformer-small,SYG1_10MAA50CP101,超高压缸叶片级压力#1,MPa,Y1_VHP本体,0.9951782822608948,0.34103924296983423,0.255420982837677,6.576000213623047,22.70800018310547,6.576000213623047,22.70800018310547,5.534716606140137,22.397499084472656,14377,2024-05-01 00:23:00,2024-05-10 23:59:00
2024_10d训练_200d测试,train,ANN,SYG1_10MAA50CP102,超高压缸叶片级压力#2,MPa,Y1_VHP本体,0.9923705458641052,0.4289138244349201,0.2927011251449585,6.5920000076293945,22.695999145507812,6.5920000076293945,22.695999145507812,6.615837097167969,22.23931884765625,14377,2024-05-01 00:23:00,2024-05-10 23:59:00
2024_10d训练_200d测试,train,GRU-RNN,SYG1_10MAA50CP102,超高压缸叶片级压力#2,MPa,Y1_VHP本体,0.9970919489860535,0.2648052581452331,0.19679361581802368,6.5920000076293945,22.695999145507812,6.5920000076293945,22.695999145507812,6.214102745056152,22.84891700744629,14377,2024-05-01 00:23:00,2024-05-10 23:59:00
2024_10d训练_200d测试,train,TCN,SYG1_10MAA50CP102,超高压缸叶片级压力#2,MPa,Y1_VHP本体,0.9934682250022888,0.3968629955368555,0.30407366156578064,6.5920000076293945,22.695999145507812,6.5920000076293945,22.695999145507812,5.863381385803223,23.524269104003906,14377,2024-05-01 00:23:00,2024-05-10 23:59:00
2024_10d训练_200d测试,train,iTransformer-small,SYG1_10MAA50CP102,超高压缸叶片级压力#2,MPa,Y1_VHP本体,0.9950715899467468,0.3447287021819109,0.25407975912094116,6.5920000076293945,22.695999145507812,6.5920000076293945,22.695999145507812,5.282968521118164,22.280399322509766,14377,2024-05-01 00:23:00,2024-05-10 23:59:00
2024_10d训练_200d测试,train,ANN,SYG1_10MAA50CP103,超高压缸叶片级压力#3,MPa,Y1_VHP本体,0.9920766353607178,0.4370937675300977,0.2798153758049011,6.578999996185303,22.695999145507812,6.5789995193481445,22.695999145507812,6.502799987792969,22.188514709472656,14377,2024-05-01 00:23:00,2024-05-10 23:59:00
2024_10d训练_200d测试,train,GRU-RNN,SYG1_10MAA50CP103,超高压缸叶片级压力#3,MPa,Y1_VHP本体,0.9954357743263245,0.3317449232710511,0.25308263301849365,6.578999996185303,22.695999145507812,6.5789995193481445,22.695999145507812,6.326981544494629,22.912628173828125,14377,2024-05-01 00:23:00,2024-05-10 23:59:00
2024_10d训练_200d测试,train,TCN,SYG1_10MAA50CP103,超高压缸叶片级压力#3,MPa,Y1_VHP本体,0.9913586974143982,0.4564662440490985,0.34415316581726074,6.578999996185303,22.695999145507812,6.5789995193481445,22.695999145507812,6.459166526794434,23.815189361572266,14377,2024-05-01 00:23:00,2024-05-10 23:59:00
2024_10d训练_200d测试,train,iTransformer-small,SYG1_10MAA50CP103,超高压缸叶片级压力#3,MPa,Y1_VHP本体,0.9953100681304932,0.336282386726817,0.24742619693279266,6.578999996185303,22.695999145507812,6.5789995193481445,22.695999145507812,5.486284255981445,22.254894256591797,14377,2024-05-01 00:23:00,2024-05-10 23:59:00
2024_10d训练_200d测试,train,ANN,SYG1_10MAA50CT121A,超高压排汽蒸汽温度#1,℃,Y1_VHP本体,0.9201828837394714,1.1523454051894892,0.8586947917938232,395.4360046386719,424.8529968261719,395.4360046386719,424.8529968261719,401.701904296875,420.6571960449219,14377,2024-05-01 00:23:00,2024-05-10 23:59:00
2024_10d训练_200d测试,train,GRU-RNN,SYG1_10MAA50CT121A,超高压排汽蒸汽温度#1,℃,Y1_VHP本体,0.9583539366722107,0.8323798367264827,0.6358311176300049,395.4360046386719,424.8529968261719,395.4360046386719,424.8529968261719,397.9126281738281,422.33563232421875,14377,2024-05-01 00:23:00,2024-05-10 23:59:00
2024_10d训练_200d测试,train,TCN,SYG1_10MAA50CT121A,超高压排汽蒸汽温度#1,℃,Y1_VHP本体,0.9464101791381836,0.9442256006992551,0.7257053256034851,395.4360046386719,424.8529968261719,395.4360046386719,424.8529968261719,398.8517761230469,422.6559143066406,14377,2024-05-01 00:23:00,2024-05-10 23:59:00
2024_10d训练_200d测试,train,iTransformer-small,SYG1_10MAA50CT121A,超高压排汽蒸汽温度#1,℃,Y1_VHP本体,0.9120779633522034,1.2094376658682537,0.9296788573265076,395.4360046386719,424.8529968261719,395.4360046386719,424.8529968261719,400.11090087890625,422.9414978027344,14377,2024-05-01 00:23:00,2024-05-10 23:59:00
2024_10d训练_200d测试,train,ANN,SYG1_10MAA50CT122A,超高压排汽蒸汽温度#2,℃,Y1_VHP本体,0.9043140411376953,1.2598347962780532,0.9286491870880127,392.343994140625,421.91900634765625,392.343994140625,421.91900634765625,400.5633239746094,417.8388671875,14377,2024-05-01 00:23:00,2024-05-10 23:59:00
2024_10d训练_200d测试,train,GRU-RNN,SYG1_10MAA50CT122A,超高压排汽蒸汽温度#2,℃,Y1_VHP本体,0.9555246829986572,0.8589125689530334,0.6620028614997864,392.343994140625,421.91900634765625,392.343994140625,421.91900634765625,394.6033630371094,419.6423645019531,14377,2024-05-01 00:23:00,2024-05-10 23:59:00
2024_10d训练_200d测试,train,TCN,SYG1_10MAA50CT122A,超高压排汽蒸汽温度#2,℃,Y1_VHP本体,0.934478223323822,1.0425150595293087,0.7998402714729309,392.343994140625,421.91900634765625,392.343994140625,421.91900634765625,396.8601379394531,419.68267822265625,14377,2024-05-01 00:23:00,2024-05-10 23:59:00
2024_10d训练_200d测试,train,iTransformer-small,SYG1_10MAA50CT122A,超高压排汽蒸汽温度#2,℃,Y1_VHP本体,0.9078354239463806,1.23643577552964,0.9477386474609375,392.343994140625,421.91900634765625,392.343994140625,421.91900634765625,397.0215759277344,419.8562316894531,14377,2024-05-01 00:23:00,2024-05-10 23:59:00
2024_10d训练_200d测试,train,ANN,SYG1_10MAA50CT123A,超高压排汽蒸汽温度#3,℃,Y1_VHP本体,0.9024604558944702,1.2548807700767668,0.9365388751029968,393.31500244140625,423.218994140625,393.31500244140625,423.218994140625,401.4393310546875,418.54779052734375,14377,2024-05-01 00:23:00,2024-05-10 23:59:00
2024_10d训练_200d测试,train,GRU-RNN,SYG1_10MAA50CT123A,超高压排汽蒸汽温度#3,℃,Y1_VHP本体,0.9501064419746399,0.8974998224943618,0.6846411824226379,393.31500244140625,423.218994140625,393.31500244140625,423.218994140625,396.63714599609375,420.5009460449219,14377,2024-05-01 00:23:00,2024-05-10 23:59:00
2024_10d训练_200d测试,train,TCN,SYG1_10MAA50CT123A,超高压排汽蒸汽温度#3,℃,Y1_VHP本体,0.9419524073600769,0.968064342393833,0.7432942986488342,393.31500244140625,423.218994140625,393.31500244140625,423.218994140625,397.2731018066406,420.59222412109375,14377,2024-05-01 00:23:00,2024-05-10 23:59:00
2024_10d训练_200d测试,train,iTransformer-small,SYG1_10MAA50CT123A,超高压排汽蒸汽温度#3,℃,Y1_VHP本体,0.9060554504394531,1.2315383379873885,0.9459965825080872,393.31500244140625,423.218994140625,393.31500244140625,423.218994140625,398.7166442871094,420.96832275390625,14377,2024-05-01 00:23:00,2024-05-10 23:59:00
2024_10d训练_200d测试,train,ANN,SYG1_10LBC01CP101,超高压缸A侧排汽垂直管压力,MPa,Y1_VHP本体,0.9764996767044067,0.367139630545374,0.23916159570217133,3.177000045776367,10.899999618530273,3.177000045776367,10.899999618530273,2.6740994453430176,11.103116035461426,14377,2024-05-01 00:23:00,2024-05-10 23:59:00
2024_10d训练_200d测试,train,GRU-RNN,SYG1_10LBC01CP101,超高压缸A侧排汽垂直管压力,MPa,Y1_VHP本体,0.9965678453445435,0.1403059651822021,0.10436924546957016,3.177000045776367,10.899999618530273,3.177000045776367,10.899999618530273,3.1444387435913086,10.936036109924316,14377,2024-05-01 00:23:00,2024-05-10 23:59:00
2024_10d训练_200d测试,train,TCN,SYG1_10LBC01CP101,超高压缸A侧排汽垂直管压力,MPa,Y1_VHP本体,0.9939912557601929,0.18564581993494536,0.13431791961193085,3.177000045776367,10.899999618530273,3.177000045776367,10.899999618530273,2.974539279937744,11.080581665039062,14377,2024-05-01 00:23:00,2024-05-10 23:59:00
2024_10d训练_200d测试,train,iTransformer-small,SYG1_10LBC01CP101,超高压缸A侧排汽垂直管压力,MPa,Y1_VHP本体,0.9962541460990906,0.14657885365660336,0.10771521180868149,3.177000045776367,10.899999618530273,3.177000045776367,10.899999618530273,2.5981264114379883,10.788090705871582,14377,2024-05-01 00:23:00,2024-05-10 23:59:00
2024_10d训练_200d测试,train,ANN,SYG1_10LBC02CP101,超高压缸B侧排汽垂直管压力,MPa,Y1_VHP本体,0.9930047392845154,0.2015610236476088,0.12795452773571014,3.186000108718872,10.961000442504883,3.185999870300293,10.961000442504883,3.0429506301879883,11.028949737548828,14377,2024-05-01 00:23:00,2024-05-10 23:59:00
2024_10d训练_200d测试,train,GRU-RNN,SYG1_10LBC02CP101,超高压缸B侧排汽垂直管压力,MPa,Y1_VHP本体,0.9954025745391846,0.1634037894973619,0.12096292525529861,3.186000108718872,10.961000442504883,3.185999870300293,10.961000442504883,2.91618013381958,11.316506385803223,14377,2024-05-01 00:23:00,2024-05-10 23:59:00
2024_10d训练_200d测试,train,TCN,SYG1_10LBC02CP101,超高压缸B侧排汽垂直管压力,MPa,Y1_VHP本体,0.9928111433982849,0.20433190229657913,0.15557892620563507,3.186000108718872,10.961000442504883,3.185999870300293,10.961000442504883,2.9503817558288574,11.101057052612305,14377,2024-05-01 00:23:00,2024-05-10 23:59:00
2024_10d训练_200d测试,train,iTransformer-small,SYG1_10LBC02CP101,超高压缸B侧排汽垂直管压力,MPa,Y1_VHP本体,0.9961050748825073,0.15040239684366508,0.11245759576559067,3.186000108718872,10.961000442504883,3.185999870300293,10.961000442504883,2.674792766571045,10.828611373901367,14377,2024-05-01 00:23:00,2024-05-10 23:59:00
2024_10d训练_200d测试,train,ANN,SYG1_10LBC01CT101,超高压缸A侧排汽垂直管温度,℃,Y1_VHP本体,0.9306207895278931,1.107428656663263,0.8050519227981567,393.3349914550781,426.0950012207031,393.3349914550781,426.0950012207031,401.6927795410156,421.0917663574219,14377,2024-05-01 00:23:00,2024-05-10 23:59:00
2024_10d训练_200d测试,train,GRU-RNN,SYG1_10LBC01CT101,超高压缸A侧排汽垂直管温度,℃,Y1_VHP本体,0.96148282289505,0.8251413542131301,0.6307055950164795,393.3349914550781,426.0950012207031,393.3349914550781,426.0950012207031,397.75018310546875,422.89788818359375,14377,2024-05-01 00:23:00,2024-05-10 23:59:00
2024_10d训练_200d测试,train,TCN,SYG1_10LBC01CT101,超高压缸A侧排汽垂直管温度,℃,Y1_VHP本体,0.9568450450897217,0.8734064236539449,0.6573144793510437,393.3349914550781,426.0950012207031,393.3349914550781,426.0950012207031,398.5840148925781,422.04058837890625,14377,2024-05-01 00:23:00,2024-05-10 23:59:00
2024_10d训练_200d测试,train,iTransformer-small,SYG1_10LBC01CT101,超高压缸A侧排汽垂直管温度,℃,Y1_VHP本体,0.9242736101150513,1.1569765746433143,0.8779191374778748,393.3349914550781,426.0950012207031,393.3349914550781,426.0950012207031,399.5317687988281,422.7541198730469,14377,2024-05-01 00:23:00,2024-05-10 23:59:00
2024_10d训练_200d测试,train,ANN,SYG1_10LBC02CT101,超高压缸B侧排汽垂直管温度,℃,Y1_VHP本体,0.9260691404342651,1.147656856612012,0.8378556966781616,396.32598876953125,429.21600341796875,396.32598876953125,429.21600341796875,404.3783264160156,424.0252685546875,14377,2024-05-01 00:23:00,2024-05-10 23:59:00
2024_10d训练_200d测试,train,GRU-RNN,SYG1_10LBC02CT101,超高压缸B侧排汽垂直管温度,℃,Y1_VHP本体,0.9618744254112244,0.8241521076180304,0.6246283054351807,396.32598876953125,429.21600341796875,396.32598876953125,429.21600341796875,401.1250915527344,426.0747375488281,14377,2024-05-01 00:23:00,2024-05-10 23:59:00
2024_10d训练_200d测试,train,TCN,SYG1_10LBC02CT101,超高压缸B侧排汽垂直管温度,℃,Y1_VHP本体,0.9547092318534851,0.8982637652057225,0.6813355088233948,396.32598876953125,429.21600341796875,396.32598876953125,429.21600341796875,401.9978942871094,425.965087890625,14377,2024-05-01 00:23:00,2024-05-10 23:59:00
2024_10d训练_200d测试,train,iTransformer-small,SYG1_10LBC02CT101,超高压缸B侧排汽垂直管温度,℃,Y1_VHP本体,0.9258868098258972,1.149070928364775,0.8640125393867493,396.32598876953125,429.21600341796875,396.32598876953125,429.21600341796875,402.1967468261719,425.78277587890625,14377,2024-05-01 00:23:00,2024-05-10 23:59:00
2024_10d训练_200d测试,train,ANN,SYG1_10LBQ10CP101,一级抽汽口压力,MPa,Y2_一级抽汽接口,0.9918345212936401,0.2149276482885841,0.13673830032348633,3.1540000438690186,10.821000099182129,3.1539998054504395,10.821000099182129,3.02349853515625,10.847082138061523,14377,2024-05-01 00:23:00,2024-05-10 23:59:00
2024_10d训练_200d测试,train,GRU-RNN,SYG1_10LBQ10CP101,一级抽汽口压力,MPa,Y2_一级抽汽接口,0.9961506128311157,0.14756986876657355,0.10740309953689575,3.1540000438690186,10.821000099182129,3.1539998054504395,10.821000099182129,2.802614688873291,11.026607513427734,14377,2024-05-01 00:23:00,2024-05-10 23:59:00
2024_10d训练_200d测试,train,TCN,SYG1_10LBQ10CP101,一级抽汽口压力,MPa,Y2_一级抽汽接口,0.9929458498954773,0.19976695684258294,0.14882396161556244,3.1540000438690186,10.821000099182129,3.1539998054504395,10.821000099182129,2.9179530143737793,11.100860595703125,14377,2024-05-01 00:23:00,2024-05-10 23:59:00
2024_10d训练_200d测试,train,iTransformer-small,SYG1_10LBQ10CP101,一级抽汽口压力,MPa,Y2_一级抽汽接口,0.9960580468177795,0.1493339822627696,0.11037302762269974,3.1540000438690186,10.821000099182129,3.1539998054504395,10.821000099182129,2.527730941772461,10.732952117919922,14377,2024-05-01 00:23:00,2024-05-10 23:59:00
2024_10d训练_200d测试,train,ANN,SYG1_10LBQ10CT101A,一级抽汽口温度,℃,Y2_一级抽汽接口,0.9277344942092896,1.1037995369877218,0.8177787065505981,397.0320129394531,428.6619873046875,397.0320129394531,428.6619873046875,404.53778076171875,423.9018859863281,14377,2024-05-01 00:23:00,2024-05-10 23:59:00
2024_10d训练_200d测试,train,GRU-RNN,SYG1_10LBQ10CT101A,一级抽汽口温度,℃,Y2_一级抽汽接口,0.9623054265975952,0.7971942486509122,0.6030011177062988,397.0320129394531,428.6619873046875,397.0320129394531,428.6619873046875,401.403564453125,425.6817321777344,14377,2024-05-01 00:23:00,2024-05-10 23:59:00
2024_10d训练_200d测试,train,TCN,SYG1_10LBQ10CT101A,一级抽汽口温度,℃,Y2_一级抽汽接口,0.9590781331062317,0.8306198327195845,0.6246885061264038,397.0320129394531,428.6619873046875,397.0320129394531,428.6619873046875,401.8738708496094,424.7800598144531,14377,2024-05-01 00:23:00,2024-05-10 23:59:00
2024_10d训练_200d测试,train,iTransformer-small,SYG1_10LBQ10CT101A,一级抽汽口温度,℃,Y2_一级抽汽接口,0.9277766346931458,1.1034773828412336,0.8321495652198792,397.0320129394531,428.6619873046875,397.0320129394531,428.6619873046875,402.3220520019531,425.0632629394531,14377,2024-05-01 00:23:00,2024-05-10 23:59:00
2024_10d训练_200d测试,train,ANN,SYG1_10LBQ10CT102,一级抽汽逆止门前水平管管顶温度,℃,Y2_一级抽汽接口,0.9181973934173584,1.15923521942068,0.8541097044944763,393.7590026855469,424.2510070800781,393.7590026855469,424.2510070800781,401.9524841308594,420.2133483886719,14377,2024-05-01 00:23:00,2024-05-10 23:59:00
2024_10d训练_200d测试,train,GRU-RNN,SYG1_10LBQ10CT102,一级抽汽逆止门前水平管管顶温度,℃,Y2_一级抽汽接口,0.9657807946205139,0.7497615037641656,0.566597044467926,393.7590026855469,424.2510070800781,393.7590026855469,424.2510070800781,399.0613098144531,422.0981750488281,14377,2024-05-01 00:23:00,2024-05-10 23:59:00
2024_10d训练_200d测试,train,TCN,SYG1_10LBQ10CT102,一级抽汽逆止门前水平管管顶温度,℃,Y2_一级抽汽接口,0.9583786129951477,0.8268870691757947,0.6207109093666077,393.7590026855469,424.2510070800781,393.7590026855469,424.2510070800781,398.8028869628906,421.53167724609375,14377,2024-05-01 00:23:00,2024-05-10 23:59:00
2024_10d训练_200d测试,train,iTransformer-small,SYG1_10LBQ10CT102,一级抽汽逆止门前水平管管顶温度,℃,Y2_一级抽汽接口,0.9310156106948853,1.0645434979913224,0.8034207820892334,393.7590026855469,424.2510070800781,393.7590026855469,424.2510070800781,399.2286376953125,421.72137451171875,14377,2024-05-01 00:23:00,2024-05-10 23:59:00
2024_10d训练_200d测试,train,ANN,SYG1_10LBQ10CT103,一级抽汽逆止门前水平管管底温度,℃,Y2_一级抽汽接口,0.9201076626777649,1.1569578220885928,0.8633497357368469,394.44000244140625,425.1730041503906,394.44000244140625,425.1729736328125,400.9491882324219,420.2305603027344,14377,2024-05-01 00:23:00,2024-05-10 23:59:00
2024_10d训练_200d测试,train,GRU-RNN,SYG1_10LBQ10CT103,一级抽汽逆止门前水平管管底温度,℃,Y2_一级抽汽接口,0.9613103866577148,0.8051229613440753,0.614524781703949,394.44000244140625,425.1730041503906,394.44000244140625,425.1729736328125,398.0577697753906,422.3467102050781,14377,2024-05-01 00:23:00,2024-05-10 23:59:00
2024_10d训练_200d测试,train,TCN,SYG1_10LBQ10CT103,一级抽汽逆止门前水平管管底温度,℃,Y2_一级抽汽接口,0.9582681655883789,0.8361778983150746,0.6374819874763489,394.44000244140625,425.1730041503906,394.44000244140625,425.1729736328125,398.0160827636719,421.61334228515625,14377,2024-05-01 00:23:00,2024-05-10 23:59:00
2024_10d训练_200d测试,train,iTransformer-small,SYG1_10LBQ10CT103,一级抽汽逆止门前水平管管底温度,℃,Y2_一级抽汽接口,0.9319482445716858,1.0677871426905912,0.8105201125144958,394.44000244140625,425.1730041503906,394.44000244140625,425.1729736328125,399.2735290527344,421.54656982421875,14377,2024-05-01 00:23:00,2024-05-10 23:59:00
2024_10d训练_200d测试,train,ANN,SYG1_10LBQ10CT104,一级抽汽逆止门后水平管管顶温度,℃,Y2_一级抽汽接口,0.9170346260070801,1.1462948592132516,0.8507563471794128,394.3399963378906,423.6289978027344,394.3399963378906,423.6289978027344,401.4257507324219,419.3977355957031,14377,2024-05-01 00:23:00,2024-05-10 23:59:00
2024_10d训练_200d测试,train,GRU-RNN,SYG1_10LBQ10CT104,一级抽汽逆止门后水平管管顶温度,℃,Y2_一级抽汽接口,0.9610417485237122,0.7855027606097299,0.5898879766464233,394.3399963378906,423.6289978027344,394.3399963378906,423.6289978027344,398.4614562988281,421.320068359375,14377,2024-05-01 00:23:00,2024-05-10 23:59:00
2024_10d训练_200d测试,train,TCN,SYG1_10LBQ10CT104,一级抽汽逆止门后水平管管顶温度,℃,Y2_一级抽汽接口,0.9590106010437012,0.8057186963601733,0.6067299246788025,394.3399963378906,423.6289978027344,394.3399963378906,423.6289978027344,398.7022399902344,420.8591003417969,14377,2024-05-01 00:23:00,2024-05-10 23:59:00
2024_10d训练_200d测试,train,iTransformer-small,SYG1_10LBQ10CT104,一级抽汽逆止门后水平管管顶温度,℃,Y2_一级抽汽接口,0.9266980886459351,1.0774707191011386,0.8199355006217957,394.3399963378906,423.6289978027344,394.3399963378906,423.6289978027344,399.26611328125,421.47442626953125,14377,2024-05-01 00:23:00,2024-05-10 23:59:00
2024_10d训练_200d测试,train,ANN,SYG1_10LBQ10CT105,一级抽汽逆止门后水平管管底温度,℃,Y2_一级抽汽接口,0.9204583764076233,1.150078878600052,0.8516508936882019,393.7149963378906,424.3070068359375,393.7149963378906,424.3070068359375,400.16485595703125,419.93524169921875,14377,2024-05-01 00:23:00,2024-05-10 23:59:00
2024_10d训练_200d测试,train,GRU-RNN,SYG1_10LBQ10CT105,一级抽汽逆止门后水平管管底温度,℃,Y2_一级抽汽接口,0.9645069241523743,0.7682494511054598,0.5853002667427063,393.7149963378906,424.3070068359375,393.7149963378906,424.3070068359375,397.6682434082031,421.87841796875,14377,2024-05-01 00:23:00,2024-05-10 23:59:00
2024_10d训练_200d测试,train,TCN,SYG1_10LBQ10CT105,一级抽汽逆止门后水平管管底温度,℃,Y2_一级抽汽接口,0.9594652652740479,0.8210019075694441,0.6220042109489441,393.7149963378906,424.3070068359375,393.7149963378906,424.3070068359375,398.1019287109375,420.73297119140625,14377,2024-05-01 00:23:00,2024-05-10 23:59:00
2024_10d训练_200d测试,train,iTransformer-small,SYG1_10LBQ10CT105,一级抽汽逆止门后水平管管底温度,℃,Y2_一级抽汽接口,0.9311193227767944,1.0702351451681373,0.8127987384796143,393.7149963378906,424.3070068359375,393.7149963378906,424.3070068359375,398.83331298828125,421.0639343261719,14377,2024-05-01 00:23:00,2024-05-10 23:59:00
2024_10d训练_200d测试,train,ANN,SYG1_10LBQ10CP102,1号高加入口抽汽压力,MPa,Y2_一级抽汽接口,0.9902505874633789,0.2286320251315722,0.14498937129974365,3.194000005722046,10.63700008392334,3.194000244140625,10.63700008392334,3.043675422668457,10.596521377563477,14377,2024-05-01 00:23:00,2024-05-10 23:59:00
2024_10d训练_200d测试,train,GRU-RNN,SYG1_10LBQ10CP102,1号高加入口抽汽压力,MPa,Y2_一级抽汽接口,0.9962871670722961,0.14109108430196693,0.10257052630186081,3.194000005722046,10.63700008392334,3.194000244140625,10.63700008392334,3.0457372665405273,10.903112411499023,14377,2024-05-01 00:23:00,2024-05-10 23:59:00
2024_10d训练_200d测试,train,TCN,SYG1_10LBQ10CP102,1号高加入口抽汽压力,MPa,Y2_一级抽汽接口,0.9953539371490479,0.15782966213574876,0.11743340641260147,3.194000005722046,10.63700008392334,3.194000244140625,10.63700008392334,3.108704090118408,10.780472755432129,14377,2024-05-01 00:23:00,2024-05-10 23:59:00
2024_10d训练_200d测试,train,iTransformer-small,SYG1_10LBQ10CP102,1号高加入口抽汽压力,MPa,Y2_一级抽汽接口,0.9961962699890137,0.1428079712064104,0.10684548318386078,3.194000005722046,10.63700008392334,3.194000244140625,10.63700008392334,2.7707276344299316,10.578439712524414,14377,2024-05-01 00:23:00,2024-05-10 23:59:00
2024_10d训练_200d测试,train,ANN,SYG1_10LBQ10CT106,1号高加入口抽汽温度,℃,Y2_一级抽汽接口,0.9095396399497986,1.1872510147074324,0.8799919486045837,394.4849853515625,423.8179931640625,394.4849853515625,423.8179931640625,402.1799011230469,419.74859619140625,14377,2024-05-01 00:23:00,2024-05-10 23:59:00
2024_10d训练_200d测试,train,GRU-RNN,SYG1_10LBQ10CT106,1号高加入口抽汽温度,℃,Y2_一级抽汽接口,0.960774302482605,0.7818053369873245,0.5896216630935669,394.4849853515625,423.8179931640625,394.4849853515625,423.8179931640625,398.46453857421875,421.4529724121094,14377,2024-05-01 00:23:00,2024-05-10 23:59:00
2024_10d训练_200d测试,train,TCN,SYG1_10LBQ10CT106,1号高加入口抽汽温度,℃,Y2_一级抽汽接口,0.9573108553886414,0.8155906289995849,0.6129970550537109,394.4849853515625,423.8179931640625,394.4849853515625,423.8179931640625,398.8245849609375,420.8573303222656,14377,2024-05-01 00:23:00,2024-05-10 23:59:00
2024_10d训练_200d测试,train,iTransformer-small,SYG1_10LBQ10CT106,1号高加入口抽汽温度,℃,Y2_一级抽汽接口,0.9255950450897217,1.0767485082796249,0.8151605129241943,394.4849853515625,423.8179931640625,394.4849853515625,423.8179931640625,399.578857421875,421.62078857421875,14377,2024-05-01 00:23:00,2024-05-10 23:59:00
2024_10d训练_200d测试,train,ANN,SYG1_10LBC20CT101,一次低温再热逆止阀前母管管底温度,℃,Y3_VHP至RH1接口,0.917188823223114,1.178001209099737,0.8802974224090576,395.90301513671875,426.6289978027344,395.90301513671875,426.6289978027344,403.2470703125,422.2963562011719,14377,2024-05-01 00:23:00,2024-05-10 23:59:00
2024_10d训练_200d测试,train,GRU-RNN,SYG1_10LBC20CT101,一次低温再热逆止阀前母管管底温度,℃,Y3_VHP至RH1接口,0.9664976000785828,0.7492712374411701,0.5730859041213989,395.90301513671875,426.6289978027344,395.90301513671875,426.6289978027344,400.2311096191406,424.1033630371094,14377,2024-05-01 00:23:00,2024-05-10 23:59:00
2024_10d训练_200d测试,train,TCN,SYG1_10LBC20CT101,一次低温再热逆止阀前母管管底温度,℃,Y3_VHP至RH1接口,0.9631398320198059,0.7859227628444824,0.59824538230896,395.90301513671875,426.6289978027344,395.90301513671875,426.6289978027344,400.55377197265625,423.41058349609375,14377,2024-05-01 00:23:00,2024-05-10 23:59:00
2024_10d训练_200d测试,train,iTransformer-small,SYG1_10LBC20CT101,一次低温再热逆止阀前母管管底温度,℃,Y3_VHP至RH1接口,0.9335482120513916,1.055247913809501,0.8033885359764099,395.90301513671875,426.6289978027344,395.90301513671875,426.6289978027344,401.1981506347656,423.5771179199219,14377,2024-05-01 00:23:00,2024-05-10 23:59:00
2024_10d训练_200d测试,train,ANN,SYG1_10LBC20CT103,一次低温再热逆止阀后水平管管顶温度,℃,Y3_VHP至RH1接口,0.9196213483810425,1.159353832863939,0.8564385771751404,395.177001953125,426.0950012207031,395.177001953125,426.0950012207031,403.2061462402344,421.4537658691406,14377,2024-05-01 00:23:00,2024-05-10 23:59:00
2024_10d训练_200d测试,train,GRU-RNN,SYG1_10LBC20CT103,一次低温再热逆止阀后水平管管顶温度,℃,Y3_VHP至RH1接口,0.9625558853149414,0.7912929849263305,0.6059989929199219,395.177001953125,426.0950012207031,395.177001953125,426.0950012207031,399.5369567871094,422.93096923828125,14377,2024-05-01 00:23:00,2024-05-10 23:59:00
2024_10d训练_200d测试,train,TCN,SYG1_10LBC20CT103,一次低温再热逆止阀后水平管管顶温度,℃,Y3_VHP至RH1接口,0.9617221355438232,0.8000540059457296,0.607707679271698,395.177001953125,426.0950012207031,395.177001953125,426.0950012207031,399.97265625,422.76397705078125,14377,2024-05-01 00:23:00,2024-05-10 23:59:00
2024_10d训练_200d测试,train,iTransformer-small,SYG1_10LBC20CT103,一次低温再热逆止阀后水平管管顶温度,℃,Y3_VHP至RH1接口,0.9309922456741333,1.0742230779387247,0.8199357390403748,395.177001953125,426.0950012207031,395.177001953125,426.0950012207031,400.3980407714844,422.7935485839844,14377,2024-05-01 00:23:00,2024-05-10 23:59:00
2024_10d训练_200d测试,train,ANN,SYG1_10LBC20CT104,一次低温再热逆止阀后水平管管底温度,℃,Y3_VHP至RH1接口,0.9036202430725098,1.2482568984999483,0.933404266834259,398.5469970703125,427.8169860839844,398.5469970703125,427.8169860839844,405.65155029296875,423.5862731933594,14377,2024-05-01 00:23:00,2024-05-10 23:59:00
2024_10d训练_200d测试,train,GRU-RNN,SYG1_10LBC20CT104,一次低温再热逆止阀后水平管管底温度,℃,Y3_VHP至RH1接口,0.9681248068809509,0.7178564322101407,0.5455046892166138,398.5469970703125,427.8169860839844,398.5469970703125,427.8169860839844,403.0113220214844,426.0936584472656,14377,2024-05-01 00:23:00,2024-05-10 23:59:00
2024_10d训练_200d测试,train,TCN,SYG1_10LBC20CT104,一次低温再热逆止阀后水平管管底温度,℃,Y3_VHP至RH1接口,0.9610129594802856,0.7939096890911653,0.6009126305580139,398.5469970703125,427.8169860839844,398.5469970703125,427.8169860839844,402.82916259765625,425.19366455078125,14377,2024-05-01 00:23:00,2024-05-10 23:59:00
2024_10d训练_200d测试,train,iTransformer-small,SYG1_10LBC20CT104,一次低温再热逆止阀后水平管管底温度,℃,Y3_VHP至RH1接口,0.9377756714820862,1.002977646792547,0.7618546485900879,398.5469970703125,427.8169860839844,398.5469970703125,427.8169860839844,403.4679260253906,425.1596374511719,14377,2024-05-01 00:23:00,2024-05-10 23:59:00
2024_10d训练_200d测试,train,ANN,SYG1_10MAA50CT111A,超高压内缸壁温90%处#1,℃,Y4_VHP缸体与内部蒸汽,0.7390891909599304,2.6409785468527613,2.132830858230591,550.593994140625,587.0819702148438,550.593994140625,587.0819702148438,559.3447265625,579.4054565429688,14377,2024-05-01 00:23:00,2024-05-10 23:59:00
2024_10d训练_200d测试,train,GRU-RNN,SYG1_10MAA50CT111A,超高压内缸壁温90%处#1,℃,Y4_VHP缸体与内部蒸汽,0.8311370611190796,2.1246429592198774,1.7060909271240234,550.593994140625,587.0819702148438,550.593994140625,587.0819702148438,554.5582275390625,583.1094360351562,14377,2024-05-01 00:23:00,2024-05-10 23:59:00
2024_10d训练_200d测试,train,TCN,SYG1_10MAA50CT111A,超高压内缸壁温90%处#1,℃,Y4_VHP缸体与内部蒸汽,0.7767487168312073,2.4429569294115607,1.9858946800231934,550.593994140625,587.0819702148438,550.593994140625,587.0819702148438,555.0770874023438,583.957763671875,14377,2024-05-01 00:23:00,2024-05-10 23:59:00
2024_10d训练_200d测试,train,iTransformer-small,SYG1_10MAA50CT111A,超高压内缸壁温90%处#1,℃,Y4_VHP缸体与内部蒸汽,0.7384909391403198,2.644004419949252,2.117358684539795,550.593994140625,587.0819702148438,550.593994140625,587.0819702148438,554.4069213867188,581.443603515625,14377,2024-05-01 00:23:00,2024-05-10 23:59:00
2024_10d训练_200d测试,train,ANN,SYG1_10MAA50CT112A,超高压内缸壁温90%处#2,℃,Y4_VHP缸体与内部蒸汽,0.9531106948852539,1.3378471423134592,0.9903004765510559,559.0910034179688,598.9310302734375,559.0910034179688,598.9310302734375,568.3400268554688,594.01123046875,14377,2024-05-01 00:23:00,2024-05-10 23:59:00
2024_10d训练_200d测试,train,GRU-RNN,SYG1_10MAA50CT112A,超高压内缸壁温90%处#2,℃,Y4_VHP缸体与内部蒸汽,0.9844056367874146,0.7715304204020169,0.5735397934913635,559.0910034179688,598.9310302734375,559.0910034179688,598.9310302734375,565.2256469726562,594.8111572265625,14377,2024-05-01 00:23:00,2024-05-10 23:59:00
2024_10d训练_200d测试,train,TCN,SYG1_10MAA50CT112A,超高压内缸壁温90%处#2,℃,Y4_VHP缸体与内部蒸汽,0.9730392098426819,1.0144617902160182,0.7535883784294128,559.0910034179688,598.9310302734375,559.0910034179688,598.9310302734375,565.18212890625,595.3818969726562,14377,2024-05-01 00:23:00,2024-05-10 23:59:00
2024_10d训练_200d测试,train,iTransformer-small,SYG1_10MAA50CT112A,超高压内缸壁温90%处#2,℃,Y4_VHP缸体与内部蒸汽,0.9482387900352478,1.4056324344504554,1.065068006515503,559.0910034179688,598.9310302734375,559.0910034179688,598.9310302734375,564.0849609375,595.2651977539062,14377,2024-05-01 00:23:00,2024-05-10 23:59:00
2024_10d训练_200d测试,train,ANN,SYG1_10MAA50CT131A,超高压缸蒸汽温度100%,℃,Y4_VHP缸体与内部蒸汽,0.890642523765564,1.6701305950520182,1.2742997407913208,507.5570068359375,536.18701171875,507.5569763183594,536.18701171875,513.63525390625,533.9771728515625,14377,2024-05-01 00:23:00,2024-05-10 23:59:00
2024_10d训练_200d测试,train,GRU-RNN,SYG1_10MAA50CT131A,超高压缸蒸汽温度100%,℃,Y4_VHP缸体与内部蒸汽,0.9702156186103821,0.8716062740085238,0.6489701271057129,507.5570068359375,536.18701171875,507.5569763183594,536.18701171875,511.4326171875,535.388671875,14377,2024-05-01 00:23:00,2024-05-10 23:59:00
2024_10d训练_200d测试,train,TCN,SYG1_10MAA50CT131A,超高压缸蒸汽温度100%,℃,Y4_VHP缸体与内部蒸汽,0.9648120403289795,0.9473774322909388,0.7068617343902588,507.5570068359375,536.18701171875,507.5569763183594,536.18701171875,511.23870849609375,535.3638305664062,14377,2024-05-01 00:23:00,2024-05-10 23:59:00
2024_10d训练_200d测试,train,iTransformer-small,SYG1_10MAA50CT131A,超高压缸蒸汽温度100%,℃,Y4_VHP缸体与内部蒸汽,0.9454895257949829,1.1791419984823028,0.9016052484512329,507.5570068359375,536.18701171875,507.5569763183594,536.18701171875,510.65325927734375,535.830322265625,14377,2024-05-01 00:23:00,2024-05-10 23:59:00
2024_10d训练_200d测试,test,ANN,SYG1_10MAA50CP101,超高压缸叶片级压力#1,MPa,Y1_VHP本体,0.9635586142539978,0.8348658100392856,0.5904815196990967,6.576000213623047,22.70800018310547,6.232999801635742,23.680999755859375,6.223226547241211,22.309926986694336,258455,2024-05-11 00:23:00,2024-11-27 00:22:00
2024_10d训练_200d测试,test,GRU-RNN,SYG1_10MAA50CP101,超高压缸叶片级压力#1,MPa,Y1_VHP本体,0.9896687269210815,0.4445249888912736,0.2689397931098938,6.576000213623047,22.70800018310547,6.232999801635742,23.680999755859375,5.877608299255371,22.84696388244629,258455,2024-05-11 00:23:00,2024-11-27 00:22:00
2024_10d训练_200d测试,test,TCN,SYG1_10MAA50CP101,超高压缸叶片级压力#1,MPa,Y1_VHP本体,0.9820098280906677,0.5865924226813826,0.4353141188621521,6.576000213623047,22.70800018310547,6.232999801635742,23.680999755859375,5.090814590454102,24.289548873901367,258455,2024-05-11 00:23:00,2024-11-27 00:22:00
2024_10d训练_200d测试,test,iTransformer-small,SYG1_10MAA50CP101,超高压缸叶片级压力#1,MPa,Y1_VHP本体,0.9863159656524658,0.5115947427533201,0.3884788155555725,6.576000213623047,22.70800018310547,6.232999801635742,23.680999755859375,4.958919525146484,22.423503875732422,258455,2024-05-11 00:23:00,2024-11-27 00:22:00
2024_10d训练_200d测试,test,ANN,SYG1_10MAA50CP102,超高压缸叶片级压力#2,MPa,Y1_VHP本体,0.9744464159011841,0.6989670838681397,0.45040687918663025,6.5920000076293945,22.695999145507812,6.230999946594238,23.702999114990234,6.537728309631348,22.184972763061523,258455,2024-05-11 00:23:00,2024-11-27 00:22:00
2024_10d训练_200d测试,test,GRU-RNN,SYG1_10MAA50CP102,超高压缸叶片级压力#2,MPa,Y1_VHP本体,0.9904419183731079,0.42748026506704323,0.27212443947792053,6.5920000076293945,22.695999145507812,6.230999946594238,23.702999114990234,5.749795913696289,23.10303497314453,258455,2024-05-11 00:23:00,2024-11-27 00:22:00
2024_10d训练_200d测试,test,TCN,SYG1_10MAA50CP102,超高压缸叶片级压力#2,MPa,Y1_VHP本体,0.9859347343444824,0.5185664116347652,0.3519783318042755,6.5920000076293945,22.695999145507812,6.230999946594238,23.702999114990234,5.557712554931641,23.81910514831543,258455,2024-05-11 00:23:00,2024-11-27 00:22:00
2024_10d训练_200d测试,test,iTransformer-small,SYG1_10MAA50CP102,超高压缸叶片级压力#2,MPa,Y1_VHP本体,0.9854674339294434,0.5271112565294933,0.3983059823513031,6.5920000076293945,22.695999145507812,6.230999946594238,23.702999114990234,4.692138671875,22.407453536987305,258455,2024-05-11 00:23:00,2024-11-27 00:22:00
2024_10d训练_200d测试,test,ANN,SYG1_10MAA50CP103,超高压缸叶片级压力#3,MPa,Y1_VHP本体,0.9707483649253845,0.7478443000940955,0.4558299779891968,6.578999996185303,22.695999145507812,6.256000518798828,23.67799949645996,6.506013870239258,22.157379150390625,258455,2024-05-11 00:23:00,2024-11-27 00:22:00
2024_10d训练_200d测试,test,GRU-RNN,SYG1_10MAA50CP103,超高压缸叶片级压力#3,MPa,Y1_VHP本体,0.9869714975357056,0.49909556067354865,0.31328392028808594,6.578999996185303,22.695999145507812,6.256000518798828,23.67799949645996,4.900246620178223,23.723556518554688,258455,2024-05-11 00:23:00,2024-11-27 00:22:00
2024_10d训练_200d测试,test,TCN,SYG1_10MAA50CP103,超高压缸叶片级压力#3,MPa,Y1_VHP本体,0.9796200394630432,0.6242204095582063,0.4602261483669281,6.578999996185303,22.695999145507812,6.256000518798828,23.67799949645996,6.309597015380859,24.599933624267578,258455,2024-05-11 00:23:00,2024-11-27 00:22:00
2024_10d训练_200d测试,test,iTransformer-small,SYG1_10MAA50CP103,超高压缸叶片级压力#3,MPa,Y1_VHP本体,0.9871494770050049,0.4956743915908719,0.3746330440044403,6.578999996185303,22.695999145507812,6.256000518798828,23.67799949645996,4.864741325378418,22.33370590209961,258455,2024-05-11 00:23:00,2024-11-27 00:22:00
2024_10d训练_200d测试,test,ANN,SYG1_10MAA50CT121A,超高压排汽蒸汽温度#1,℃,Y1_VHP本体,0.779335618019104,2.5983484708268807,1.8223766088485718,395.4360046386719,424.8529968261719,341.2980041503906,438.60400390625,401.3202819824219,420.7396545410156,258455,2024-05-11 00:23:00,2024-11-27 00:22:00
2024_10d训练_200d测试,test,GRU-RNN,SYG1_10MAA50CT121A,超高压排汽蒸汽温度#1,℃,Y1_VHP本体,0.8548085689544678,2.107666227724455,1.4307243824005127,395.4360046386719,424.8529968261719,341.2980041503906,438.60400390625,396.7938232421875,424.81756591796875,258455,2024-05-11 00:23:00,2024-11-27 00:22:00
2024_10d训练_200d测试,test,TCN,SYG1_10MAA50CT121A,超高压排汽蒸汽温度#1,℃,Y1_VHP本体,0.8194828629493713,2.350122663664865,1.6364637613296509,395.4360046386719,424.8529968261719,341.2980041503906,438.60400390625,398.0382995605469,423.8165283203125,258455,2024-05-11 00:23:00,2024-11-27 00:22:00
2024_10d训练_200d测试,test,iTransformer-small,SYG1_10MAA50CT121A,超高压排汽蒸汽温度#1,℃,Y1_VHP本体,0.7673025131225586,2.668254071864729,1.8853715658187866,395.4360046386719,424.8529968261719,341.2980041503906,438.60400390625,399.7624816894531,422.3915710449219,258455,2024-05-11 00:23:00,2024-11-27 00:22:00
2024_10d训练_200d测试,test,ANN,SYG1_10MAA50CT122A,超高压排汽蒸汽温度#2,℃,Y1_VHP本体,0.7239348888397217,2.8702608937632483,2.1004292964935303,392.343994140625,421.91900634765625,341.5460205078125,436.2640075683594,400.3291015625,417.9883728027344,258455,2024-05-11 00:23:00,2024-11-27 00:22:00
2024_10d训练_200d测试,test,GRU-RNN,SYG1_10MAA50CT122A,超高压排汽蒸汽温度#2,℃,Y1_VHP本体,0.8108285069465637,2.375983687020504,1.7673921585083008,392.343994140625,421.91900634765625,341.5460205078125,436.2640075683594,393.88385009765625,421.7457275390625,258455,2024-05-11 00:23:00,2024-11-27 00:22:00
2024_10d训练_200d测试,test,TCN,SYG1_10MAA50CT122A,超高压排汽蒸汽温度#2,℃,Y1_VHP本体,0.7602230310440063,2.6749725233431594,2.0203166007995605,392.343994140625,421.91900634765625,341.5460205078125,436.2640075683594,395.2420349121094,421.3036193847656,258455,2024-05-11 00:23:00,2024-11-27 00:22:00
2024_10d训练_200d测试,test,iTransformer-small,SYG1_10MAA50CT122A,超高压排汽蒸汽温度#2,℃,Y1_VHP本体,0.7117139101028442,2.9331039649701696,2.2154932022094727,392.343994140625,421.91900634765625,341.5460205078125,436.2640075683594,396.6629333496094,419.2698059082031,258455,2024-05-11 00:23:00,2024-11-27 00:22:00
2024_10d训练_200d测试,test,ANN,SYG1_10MAA50CT123A,超高压排汽蒸汽温度#3,℃,Y1_VHP本体,0.8014751076698303,2.4625331005059903,1.5619981288909912,393.31500244140625,423.218994140625,340.6109924316406,437.2179870605469,401.1509704589844,418.8226623535156,258455,2024-05-11 00:23:00,2024-11-27 00:22:00
2024_10d训练_200d测试,test,GRU-RNN,SYG1_10MAA50CT123A,超高压排汽蒸汽温度#3,℃,Y1_VHP本体,0.8816825151443481,1.9010743717533136,1.16489839553833,393.31500244140625,423.218994140625,340.6109924316406,437.2179870605469,395.51934814453125,422.26556396484375,258455,2024-05-11 00:23:00,2024-11-27 00:22:00
2024_10d训练_200d测试,test,TCN,SYG1_10MAA50CT123A,超高压排汽蒸汽温度#3,℃,Y1_VHP本体,0.8593429923057556,2.072789851260029,1.2845546007156372,393.31500244140625,423.218994140625,340.6109924316406,437.2179870605469,396.1252136230469,421.5746765136719,258455,2024-05-11 00:23:00,2024-11-27 00:22:00
2024_10d训练_200d测试,test,iTransformer-small,SYG1_10MAA50CT123A,超高压排汽蒸汽温度#3,℃,Y1_VHP本体,0.8136113882064819,2.3860759462610748,1.5425446033477783,393.31500244140625,423.218994140625,340.6109924316406,437.2179870605469,398.3525085449219,420.62847900390625,258455,2024-05-11 00:23:00,2024-11-27 00:22:00
2024_10d训练_200d测试,test,ANN,SYG1_10LBC01CP101,超高压缸A侧排汽垂直管压力,MPa,Y1_VHP本体,0.9415057897567749,0.5145134938938577,0.3399898409843445,3.177000045776367,10.899999618530273,3.0889997482299805,11.40999984741211,2.6604175567626953,11.159653663635254,258455,2024-05-11 00:23:00,2024-11-27 00:22:00
2024_10d训练_200d测试,test,GRU-RNN,SYG1_10LBC01CP101,超高压缸A侧排汽垂直管压力,MPa,Y1_VHP本体,0.9889233112335205,0.2238956306345738,0.13209182024002075,3.177000045776367,10.899999618530273,3.0889997482299805,11.40999984741211,2.644888401031494,11.13520622253418,258455,2024-05-11 00:23:00,2024-11-27 00:22:00
2024_10d训练_200d测试,test,TCN,SYG1_10LBC01CP101,超高压缸A侧排汽垂直管压力,MPa,Y1_VHP本体,0.9795930981636047,0.30389876859031956,0.19812101125717163,3.177000045776367,10.899999618530273,3.0889997482299805,11.40999984741211,2.986003875732422,11.198503494262695,258455,2024-05-11 00:23:00,2024-11-27 00:22:00
2024_10d训练_200d测试,test,iTransformer-small,SYG1_10LBC01CP101,超高压缸A侧排汽垂直管压力,MPa,Y1_VHP本体,0.9885621666908264,0.22751602580143457,0.16593888401985168,3.177000045776367,10.899999618530273,3.0889997482299805,11.40999984741211,2.368807792663574,10.843414306640625,258455,2024-05-11 00:23:00,2024-11-27 00:22:00
2024_10d训练_200d测试,test,ANN,SYG1_10LBC02CP101,超高压缸B侧排汽垂直管压力,MPa,Y1_VHP本体,0.9745131731033325,0.3422558128415025,0.21883034706115723,3.186000108718872,10.961000442504883,3.112999439239502,11.482000350952148,2.9648995399475098,11.126172065734863,258455,2024-05-11 00:23:00,2024-11-27 00:22:00
2024_10d训练_200d测试,test,GRU-RNN,SYG1_10LBC02CP101,超高压缸B侧排汽垂直管压力,MPa,Y1_VHP本体,0.9868396520614624,0.24593819894412622,0.16176223754882812,3.186000108718872,10.961000442504883,3.112999439239502,11.482000350952148,2.725768566131592,11.384140014648438,258455,2024-05-11 00:23:00,2024-11-27 00:22:00
2024_10d训练_200d测试,test,TCN,SYG1_10LBC02CP101,超高压缸B侧排汽垂直管压力,MPa,Y1_VHP本体,0.981288492679596,0.29325594494623836,0.20724070072174072,3.186000108718872,10.961000442504883,3.112999439239502,11.482000350952148,2.584524154663086,11.184809684753418,258455,2024-05-11 00:23:00,2024-11-27 00:22:00
2024_10d训练_200d测试,test,iTransformer-small,SYG1_10LBC02CP101,超高压缸B侧排汽垂直管压力,MPa,Y1_VHP本体,0.98765629529953,0.23818555849085316,0.174891397356987,3.186000108718872,10.961000442504883,3.112999439239502,11.482000350952148,2.458804130554199,10.873601913452148,258455,2024-05-11 00:23:00,2024-11-27 00:22:00
2024_10d训练_200d测试,test,ANN,SYG1_10LBC01CT101,超高压缸A侧排汽垂直管温度,℃,Y1_VHP本体,0.8028215169906616,2.5761810371982166,1.4890352487564087,393.3349914550781,426.0950012207031,343.1199951171875,443.635986328125,401.6328430175781,421.8916015625,258455,2024-05-11 00:23:00,2024-11-27 00:22:00
2024_10d训练_200d测试,test,GRU-RNN,SYG1_10LBC01CT101,超高压缸A侧排汽垂直管温度,℃,Y1_VHP本体,0.8745957016944885,2.0544843101840025,1.134539246559143,393.3349914550781,426.0950012207031,343.1199951171875,443.635986328125,396.8471374511719,424.547119140625,258455,2024-05-11 00:23:00,2024-11-27 00:22:00
2024_10d训练_200d测试,test,TCN,SYG1_10LBC01CT101,超高压缸A侧排汽垂直管温度,℃,Y1_VHP本体,0.8335260152816772,2.367117499899677,1.3115519285202026,393.3349914550781,426.0950012207031,343.1199951171875,443.635986328125,397.7176208496094,423.6551513671875,258455,2024-05-11 00:23:00,2024-11-27 00:22:00
2024_10d训练_200d测试,test,iTransformer-small,SYG1_10LBC01CT101,超高压缸A侧排汽垂直管温度,℃,Y1_VHP本体,0.8122825622558594,2.5136159136277514,1.5158506631851196,393.3349914550781,426.0950012207031,343.1199951171875,443.635986328125,398.92852783203125,422.62030029296875,258455,2024-05-11 00:23:00,2024-11-27 00:22:00
2024_10d训练_200d测试,test,ANN,SYG1_10LBC02CT101,超高压缸B侧排汽垂直管温度,℃,Y1_VHP本体,0.811251163482666,2.5324126034387002,1.4827319383621216,396.32598876953125,429.21600341796875,345.79998779296875,445.5530090332031,404.17681884765625,424.1327209472656,258455,2024-05-11 00:23:00,2024-11-27 00:22:00
2024_10d训练_200d测试,test,GRU-RNN,SYG1_10LBC02CT101,超高压缸B侧排汽垂直管温度,℃,Y1_VHP本体,0.8882318139076233,1.9487286947381364,1.1159565448760986,396.32598876953125,429.21600341796875,345.79998779296875,445.5530090332031,400.1488037109375,427.924560546875,258455,2024-05-11 00:23:00,2024-11-27 00:22:00
2024_10d训练_200d测试,test,TCN,SYG1_10LBC02CT101,超高压缸B侧排汽垂直管温度,℃,Y1_VHP本体,0.8468475341796875,2.2811523834663565,1.2914665937423706,396.32598876953125,429.21600341796875,345.79998779296875,445.5530090332031,400.87335205078125,427.2077941894531,258455,2024-05-11 00:23:00,2024-11-27 00:22:00
2024_10d训练_200d测试,test,iTransformer-small,SYG1_10LBC02CT101,超高压缸B侧排汽垂直管温度,℃,Y1_VHP本体,0.8175134062767029,2.490048055223388,1.5049045085906982,396.32598876953125,429.21600341796875,345.79998779296875,445.5530090332031,401.7842712402344,425.5068664550781,258455,2024-05-11 00:23:00,2024-11-27 00:22:00
2024_10d训练_200d测试,test,ANN,SYG1_10LBQ10CP101,一级抽汽口压力,MPa,Y2_一级抽汽接口,0.9682155847549438,0.3765480553163594,0.2351783961057663,3.1540000438690186,10.821000099182129,3.0769996643066406,11.312000274658203,2.969595432281494,10.934365272521973,258455,2024-05-11 00:23:00,2024-11-27 00:22:00
2024_10d训练_200d测试,test,GRU-RNN,SYG1_10LBQ10CP101,一级抽汽口压力,MPa,Y2_一级抽汽接口,0.9867631196975708,0.24299966088073127,0.14671637117862701,3.1540000438690186,10.821000099182129,3.0769996643066406,11.312000274658203,2.67926025390625,11.121646881103516,258455,2024-05-11 00:23:00,2024-11-27 00:22:00
2024_10d训练_200d测试,test,TCN,SYG1_10LBQ10CP101,一级抽汽口压力,MPa,Y2_一级抽汽接口,0.9824427366256714,0.27986037489828663,0.19681593775749207,3.1540000438690186,10.821000099182129,3.0769996643066406,11.312000274658203,2.840921401977539,11.169212341308594,258455,2024-05-11 00:23:00,2024-11-27 00:22:00
2024_10d训练_200d测试,test,iTransformer-small,SYG1_10LBQ10CP101,一级抽汽口压力,MPa,Y2_一级抽汽接口,0.988284707069397,0.22860688237649976,0.16914939880371094,3.1540000438690186,10.821000099182129,3.0769996643066406,11.312000274658203,2.349949359893799,10.739553451538086,258455,2024-05-11 00:23:00,2024-11-27 00:22:00
2024_10d训练_200d测试,test,ANN,SYG1_10LBQ10CT101A,一级抽汽口温度,℃,Y2_一级抽汽接口,0.8155861496925354,2.448134673671391,1.4458324909210205,397.0320129394531,428.6619873046875,345.9840087890625,445.0549621582031,404.27044677734375,424.0476989746094,258455,2024-05-11 00:23:00,2024-11-27 00:22:00
2024_10d训练_200d测试,test,GRU-RNN,SYG1_10LBQ10CT101A,一级抽汽口温度,℃,Y2_一级抽汽接口,0.8830000162124634,1.9499856972781193,1.0888444185256958,397.0320129394531,428.6619873046875,345.9840087890625,445.0549621582031,400.71441650390625,427.29437255859375,258455,2024-05-11 00:23:00,2024-11-27 00:22:00
2024_10d训练_200d测试,test,TCN,SYG1_10LBQ10CT101A,一级抽汽口温度,℃,Y2_一级抽汽接口,0.8481101989746094,2.2217891456552454,1.2205564975738525,397.0320129394531,428.6619873046875,345.9840087890625,445.0549621582031,400.7859802246094,426.4925842285156,258455,2024-05-11 00:23:00,2024-11-27 00:22:00
2024_10d训练_200d测试,test,iTransformer-small,SYG1_10LBQ10CT101A,一级抽汽口温度,℃,Y2_一级抽汽接口,0.8196876049041748,2.4207574050035237,1.438172698020935,397.0320129394531,428.6619873046875,345.9840087890625,445.0549621582031,401.8731384277344,424.9379577636719,258455,2024-05-11 00:23:00,2024-11-27 00:22:00
2024_10d训练_200d测试,test,ANN,SYG1_10LBQ10CT102,一级抽汽逆止门前水平管管顶温度,℃,Y2_一级抽汽接口,0.7881197929382324,2.5984096725175787,1.5267088413238525,393.7590026855469,424.2510070800781,342.1619873046875,441.18597412109375,401.7456970214844,420.4888610839844,258455,2024-05-11 00:23:00,2024-11-27 00:22:00
2024_10d训练_200d测试,test,GRU-RNN,SYG1_10LBQ10CT102,一级抽汽逆止门前水平管管顶温度,℃,Y2_一级抽汽接口,0.8762730956077576,1.9856125584525663,1.1022162437438965,393.7590026855469,424.2510070800781,342.1619873046875,441.18597412109375,397.7470397949219,423.6328430175781,258455,2024-05-11 00:23:00,2024-11-27 00:22:00
2024_10d训练_200d测试,test,TCN,SYG1_10LBQ10CT102,一级抽汽逆止门前水平管管顶温度,℃,Y2_一级抽汽接口,0.8467617034912109,2.209765335846333,1.24806547164917,393.7590026855469,424.2510070800781,342.1619873046875,441.18597412109375,398.0638732910156,422.5064697265625,258455,2024-05-11 00:23:00,2024-11-27 00:22:00
2024_10d训练_200d测试,test,iTransformer-small,SYG1_10LBQ10CT102,一级抽汽逆止门前水平管管顶温度,℃,Y2_一级抽汽接口,0.8184633255004883,2.405163507276505,1.4459587335586548,393.7590026855469,424.2510070800781,342.1619873046875,441.18597412109375,398.7089538574219,421.5189514160156,258455,2024-05-11 00:23:00,2024-11-27 00:22:00
2024_10d训练_200d测试,test,ANN,SYG1_10LBQ10CT103,一级抽汽逆止门前水平管管底温度,℃,Y2_一级抽汽接口,0.7817981839179993,2.6423625759455436,1.626548409461975,394.44000244140625,425.1730041503906,343.18701171875,442.43896484375,400.5810241699219,420.345947265625,258455,2024-05-11 00:23:00,2024-11-27 00:22:00
2024_10d训练_200d测试,test,GRU-RNN,SYG1_10LBQ10CT103,一级抽汽逆止门前水平管管底温度,℃,Y2_一级抽汽接口,0.8652859926223755,2.0762020765603775,1.218241810798645,394.44000244140625,425.1730041503906,343.18701171875,442.43896484375,397.3878173828125,423.66009521484375,258455,2024-05-11 00:23:00,2024-11-27 00:22:00
2024_10d训练_200d测试,test,TCN,SYG1_10LBQ10CT103,一级抽汽逆止门前水平管管底温度,℃,Y2_一级抽汽接口,0.8296793699264526,2.334515907702372,1.373492956161499,394.44000244140625,425.1730041503906,343.18701171875,442.43896484375,396.99725341796875,422.53814697265625,258455,2024-05-11 00:23:00,2024-11-27 00:22:00
2024_10d训练_200d测试,test,iTransformer-small,SYG1_10LBQ10CT103,一级抽汽逆止门前水平管管底温度,℃,Y2_一级抽汽接口,0.8043469190597534,2.5021113063530733,1.5630360841751099,394.44000244140625,425.1730041503906,343.18701171875,442.43896484375,398.6732482910156,421.70233154296875,258455,2024-05-11 00:23:00,2024-11-27 00:22:00
2024_10d训练_200d测试,test,ANN,SYG1_10LBQ10CT104,一级抽汽逆止门后水平管管顶温度,℃,Y2_一级抽汽接口,0.7804481387138367,2.608101813996929,1.5940860509872437,394.3399963378906,423.6289978027344,342.60198974609375,441.0419921875,401.107666015625,419.5072326660156,258455,2024-05-11 00:23:00,2024-11-27 00:22:00
2024_10d训练_200d测试,test,GRU-RNN,SYG1_10LBQ10CT104,一级抽汽逆止门后水平管管顶温度,℃,Y2_一级抽汽接口,0.8476895689964294,2.172305167431132,1.2771563529968262,394.3399963378906,423.6289978027344,342.60198974609375,441.0419921875,397.758544921875,422.6603088378906,258455,2024-05-11 00:23:00,2024-11-27 00:22:00
2024_10d训练_200d测试,test,TCN,SYG1_10LBQ10CT104,一级抽汽逆止门后水平管管顶温度,℃,Y2_一级抽汽接口,0.8232505321502686,2.340103568042979,1.3848373889923096,394.3399963378906,423.6289978027344,342.60198974609375,441.0419921875,397.90625,422.1867980957031,258455,2024-05-11 00:23:00,2024-11-27 00:22:00
2024_10d训练_200d测试,test,iTransformer-small,SYG1_10LBQ10CT104,一级抽汽逆止门后水平管管顶温度,℃,Y2_一级抽汽接口,0.7926722168922424,2.534456082892027,1.5918864011764526,394.3399963378906,423.6289978027344,342.60198974609375,441.0419921875,398.60394287109375,421.0556640625,258455,2024-05-11 00:23:00,2024-11-27 00:22:00
2024_10d训练_200d测试,test,ANN,SYG1_10LBQ10CT105,一级抽汽逆止门后水平管管底温度,℃,Y2_一级抽汽接口,0.792515754699707,2.5716967348263964,1.6135205030441284,393.7149963378906,424.3070068359375,343.0409851074219,441.5740051269531,400.0785217285156,420.092529296875,258455,2024-05-11 00:23:00,2024-11-27 00:22:00
2024_10d训练_200d测试,test,GRU-RNN,SYG1_10LBQ10CT105,一级抽汽逆止门后水平管管底温度,℃,Y2_一级抽汽接口,0.8624231815338135,2.0941118525496125,1.2589040994644165,393.7149963378906,424.3070068359375,343.0409851074219,441.5740051269531,397.01849365234375,423.3372802734375,258455,2024-05-11 00:23:00,2024-11-27 00:22:00
2024_10d训练_200d测试,test,TCN,SYG1_10LBQ10CT105,一级抽汽逆止门后水平管管底温度,℃,Y2_一级抽汽接口,0.815894365310669,2.422483109453682,1.4704198837280273,393.7149963378906,424.3070068359375,343.0409851074219,441.5740051269531,397.44561767578125,421.9982604980469,258455,2024-05-11 00:23:00,2024-11-27 00:22:00
2024_10d训练_200d测试,test,iTransformer-small,SYG1_10LBQ10CT105,一级抽汽逆止门后水平管管底温度,℃,Y2_一级抽汽接口,0.7975202798843384,2.5404926673799855,1.604752540588379,393.7149963378906,424.3070068359375,343.0409851074219,441.5740051269531,398.12982177734375,421.2216491699219,258455,2024-05-11 00:23:00,2024-11-27 00:22:00
2024_10d训练_200d测试,test,ANN,SYG1_10LBQ10CP102,1号高加入口抽汽压力,MPa,Y2_一级抽汽接口,0.967244565486908,0.37213174307816094,0.24942314624786377,3.194000005722046,10.63700008392334,3.125,11.095999717712402,3.036007881164551,10.651389122009277,258455,2024-05-11 00:23:00,2024-11-27 00:22:00
2024_10d训练_200d测试,test,GRU-RNN,SYG1_10LBQ10CP102,1号高加入口抽汽压力,MPa,Y2_一级抽汽接口,0.989642322063446,0.20925999229937917,0.13010136783123016,3.194000005722046,10.63700008392334,3.125,11.095999717712402,2.8496994972229004,11.118776321411133,258455,2024-05-11 00:23:00,2024-11-27 00:22:00
2024_10d训练_200d测试,test,TCN,SYG1_10LBQ10CP102,1号高加入口抽汽压力,MPa,Y2_一级抽汽接口,0.9880608916282654,0.2246681136573789,0.1526431441307068,3.194000005722046,10.63700008392334,3.125,11.095999717712402,2.8714447021484375,10.893386840820312,258455,2024-05-11 00:23:00,2024-11-27 00:22:00
2024_10d训练_200d测试,test,iTransformer-small,SYG1_10LBQ10CP102,1号高加入口抽汽压力,MPa,Y2_一级抽汽接口,0.9881408214569092,0.22391431490475064,0.16944795846939087,3.194000005722046,10.63700008392334,3.125,11.095999717712402,2.5282344818115234,10.620076179504395,258455,2024-05-11 00:23:00,2024-11-27 00:22:00
2024_10d训练_200d测试,test,ANN,SYG1_10LBQ10CT106,1号高加入口抽汽温度,℃,Y2_一级抽汽接口,0.7803620100021362,2.595173732256097,1.5230704545974731,394.4849853515625,423.8179931640625,342.0159912109375,440.6099853515625,401.93170166015625,420.58935546875,258455,2024-05-11 00:23:00,2024-11-27 00:22:00
2024_10d训练_200d测试,test,GRU-RNN,SYG1_10LBQ10CT106,1号高加入口抽汽温度,℃,Y2_一级抽汽接口,0.875933051109314,1.9504763534900087,1.085635781288147,394.4849853515625,423.8179931640625,342.0159912109375,440.6099853515625,397.2370910644531,422.6743469238281,258455,2024-05-11 00:23:00,2024-11-27 00:22:00
2024_10d训练_200d测试,test,TCN,SYG1_10LBQ10CT106,1号高加入口抽汽温度,℃,Y2_一级抽汽接口,0.8441996574401855,2.185731554452903,1.192077875137329,394.4849853515625,423.8179931640625,342.0159912109375,440.6099853515625,397.9770812988281,422.17864990234375,258455,2024-05-11 00:23:00,2024-11-27 00:22:00
2024_10d训练_200d测试,test,iTransformer-small,SYG1_10LBQ10CT106,1号高加入口抽汽温度,℃,Y2_一级抽汽接口,0.8164209723472595,2.3725983372397965,1.4217785596847534,394.4849853515625,423.8179931640625,342.0159912109375,440.6099853515625,398.9543762207031,421.2579650878906,258455,2024-05-11 00:23:00,2024-11-27 00:22:00
2024_10d训练_200d测试,test,ANN,SYG1_10LBC20CT101,一次低温再热逆止阀前母管管底温度,℃,Y3_VHP至RH1接口,0.7974163889884949,2.574063332573637,1.546986699104309,395.90301513671875,426.6289978027344,343.322998046875,442.53900146484375,403.15576171875,422.470458984375,258455,2024-05-11 00:23:00,2024-11-27 00:22:00
2024_10d训练_200d测试,test,GRU-RNN,SYG1_10LBC20CT101,一次低温再热逆止阀前母管管底温度,℃,Y3_VHP至RH1接口,0.8732224702835083,2.0362836237614164,1.122999668121338,395.90301513671875,426.6289978027344,343.322998046875,442.53900146484375,399.5394592285156,425.0847473144531,258455,2024-05-11 00:23:00,2024-11-27 00:22:00
2024_10d训练_200d测试,test,TCN,SYG1_10LBC20CT101,一次低温再热逆止阀前母管管底温度,℃,Y3_VHP至RH1接口,0.8405511379241943,2.2836408236360097,1.2971010208129883,395.90301513671875,426.6289978027344,343.322998046875,442.53900146484375,399.9352111816406,425.0023193359375,258455,2024-05-11 00:23:00,2024-11-27 00:22:00
2024_10d训练_200d测试,test,iTransformer-small,SYG1_10LBC20CT101,一次低温再热逆止阀前母管管底温度,℃,Y3_VHP至RH1接口,0.8180956244468689,2.43915061815945,1.4578778743743896,395.90301513671875,426.6289978027344,343.322998046875,442.53900146484375,400.6481628417969,423.75848388671875,258455,2024-05-11 00:23:00,2024-11-27 00:22:00
2024_10d训练_200d测试,test,ANN,SYG1_10LBC20CT103,一次低温再热逆止阀后水平管管顶温度,℃,Y3_VHP至RH1接口,0.7841466069221497,2.6503747027374995,1.561913251876831,395.177001953125,426.0950012207031,343.322998046875,442.1059875488281,402.802978515625,421.7439270019531,258455,2024-05-11 00:23:00,2024-11-27 00:22:00
2024_10d训练_200d测试,test,GRU-RNN,SYG1_10LBC20CT103,一次低温再热逆止阀后水平管管顶温度,℃,Y3_VHP至RH1接口,0.8691933155059814,2.063207100543687,1.116264820098877,395.177001953125,426.0950012207031,343.322998046875,442.1059875488281,398.44378662109375,423.8624572753906,258455,2024-05-11 00:23:00,2024-11-27 00:22:00
2024_10d训练_200d测试,test,TCN,SYG1_10LBC20CT103,一次低温再热逆止阀后水平管管顶温度,℃,Y3_VHP至RH1接口,0.8393502235412598,2.2864827797060028,1.2663549184799194,395.177001953125,426.0950012207031,343.322998046875,442.1059875488281,399.2095031738281,424.0020751953125,258455,2024-05-11 00:23:00,2024-11-27 00:22:00
2024_10d训练_200d测试,test,iTransformer-small,SYG1_10LBC20CT103,一次低温再热逆止阀后水平管管顶温度,℃,Y3_VHP至RH1接口,0.8170691728591919,2.439895821833163,1.450076699256897,395.177001953125,426.0950012207031,343.322998046875,442.1059875488281,399.8194274902344,422.82672119140625,258455,2024-05-11 00:23:00,2024-11-27 00:22:00
2024_10d训练_200d测试,test,ANN,SYG1_10LBC20CT104,一次低温再热逆止阀后水平管管底温度,℃,Y3_VHP至RH1接口,0.7798086404800415,2.6398242887630254,1.571691632270813,398.5469970703125,427.8169860839844,346.3290100097656,443.4360046386719,405.40484619140625,423.6976623535156,258455,2024-05-11 00:23:00,2024-11-27 00:22:00
2024_10d训练_200d测试,test,GRU-RNN,SYG1_10LBC20CT104,一次低温再热逆止阀后水平管管底温度,℃,Y3_VHP至RH1接口,0.8731700778007507,2.0034837184365344,1.0832489728927612,398.5469970703125,427.8169860839844,346.3290100097656,443.4360046386719,402.8153991699219,427.1643371582031,258455,2024-05-11 00:23:00,2024-11-27 00:22:00
2024_10d训练_200d测试,test,TCN,SYG1_10LBC20CT104,一次低温再热逆止阀后水平管管底温度,℃,Y3_VHP至RH1接口,0.8369247317314148,2.271793990547083,1.2430263757705688,398.5469970703125,427.8169860839844,346.3290100097656,443.4360046386719,402.33306884765625,426.5099792480469,258455,2024-05-11 00:23:00,2024-11-27 00:22:00
2024_10d训练_200d测试,test,iTransformer-small,SYG1_10LBC20CT104,一次低温再热逆止阀后水平管管底温度,℃,Y3_VHP至RH1接口,0.825289785861969,2.3514410348743007,1.3893741369247437,398.5469970703125,427.8169860839844,346.3290100097656,443.4360046386719,402.7337646484375,425.29742431640625,258455,2024-05-11 00:23:00,2024-11-27 00:22:00
2024_10d训练_200d测试,test,ANN,SYG1_10MAA50CT111A,超高压内缸壁温90%处#1,℃,Y4_VHP缸体与内部蒸汽,0.6914566159248352,3.4898798270972837,2.6044185161590576,550.593994140625,587.0819702148438,493.9439697265625,590.7069702148438,559.0479736328125,580.384033203125,258455,2024-05-11 00:23:00,2024-11-27 00:22:00
2024_10d训练_200d测试,test,GRU-RNN,SYG1_10MAA50CT111A,超高压内缸壁温90%处#1,℃,Y4_VHP缸体与内部蒸汽,0.765356719493866,3.043381786594414,2.3608949184417725,550.593994140625,587.0819702148438,493.9439697265625,590.7069702148438,552.747802734375,583.4547119140625,258455,2024-05-11 00:23:00,2024-11-27 00:22:00
2024_10d训练_200d测试,test,TCN,SYG1_10MAA50CT111A,超高压内缸壁温90%处#1,℃,Y4_VHP缸体与内部蒸汽,0.7532599568367004,3.1208448633066714,2.4255847930908203,550.593994140625,587.0819702148438,493.9439697265625,590.7069702148438,553.4840698242188,584.0892944335938,258455,2024-05-11 00:23:00,2024-11-27 00:22:00
2024_10d训练_200d测试,test,iTransformer-small,SYG1_10MAA50CT111A,超高压内缸壁温90%处#1,℃,Y4_VHP缸体与内部蒸汽,0.7364484071731567,3.2254119373387553,2.4705026149749756,550.593994140625,587.0819702148438,493.9439697265625,590.7069702148438,553.5364379882812,581.59033203125,258455,2024-05-11 00:23:00,2024-11-27 00:22:00
2024_10d训练_200d测试,test,ANN,SYG1_10MAA50CT112A,超高压内缸壁温90%处#2,℃,Y4_VHP缸体与内部蒸汽,0.8699563145637512,2.4895481016680114,1.4906995296478271,559.0910034179688,598.9310302734375,497.6269836425781,610.7780151367188,568.0647583007812,594.9057006835938,258455,2024-05-11 00:23:00,2024-11-27 00:22:00
2024_10d训练_200d测试,test,GRU-RNN,SYG1_10MAA50CT112A,超高压内缸壁温90%处#2,℃,Y4_VHP缸体与内部蒸汽,0.9286882877349854,1.8435562807891197,0.9001885056495667,559.0910034179688,598.9310302734375,497.6269836425781,610.7780151367188,564.1228637695312,599.302978515625,258455,2024-05-11 00:23:00,2024-11-27 00:22:00
2024_10d训练_200d测试,test,TCN,SYG1_10MAA50CT112A,超高压内缸壁温90%处#2,℃,Y4_VHP缸体与内部蒸汽,0.8946006298065186,2.2412733813128405,1.2875126600265503,559.0910034179688,598.9310302734375,497.6269836425781,610.7780151367188,564.2027587890625,596.63916015625,258455,2024-05-11 00:23:00,2024-11-27 00:22:00
2024_10d训练_200d测试,test,iTransformer-small,SYG1_10MAA50CT112A,超高压内缸壁温90%处#2,℃,Y4_VHP缸体与内部蒸汽,0.8973952531814575,2.211360500026597,1.4666733741760254,559.0910034179688,598.9310302734375,497.6269836425781,610.7780151367188,563.4537353515625,596.5853881835938,258455,2024-05-11 00:23:00,2024-11-27 00:22:00
2024_10d训练_200d测试,test,ANN,SYG1_10MAA50CT131A,超高压缸蒸汽温度100%,℃,Y4_VHP缸体与内部蒸汽,0.7424180507659912,3.222443914643049,1.9754176139831543,507.5570068359375,536.18701171875,414.44598388671875,544.385986328125,513.2593994140625,534.0673217773438,258455,2024-05-11 00:23:00,2024-11-27 00:22:00
2024_10d训练_200d测试,test,GRU-RNN,SYG1_10MAA50CT131A,超高压缸蒸汽温度100%,℃,Y4_VHP缸体与内部蒸汽,0.8292266726493835,2.623842165683504,1.2467772960662842,507.5570068359375,536.18701171875,414.44598388671875,544.385986328125,510.9761657714844,535.77001953125,258455,2024-05-11 00:23:00,2024-11-27 00:22:00
2024_10d训练_200d测试,test,TCN,SYG1_10MAA50CT131A,超高压缸蒸汽温度100%,℃,Y4_VHP缸体与内部蒸汽,0.8267228603363037,2.643007366226444,1.3815014362335205,507.5570068359375,536.18701171875,414.44598388671875,544.385986328125,510.46044921875,536.1588134765625,258455,2024-05-11 00:23:00,2024-11-27 00:22:00
2024_10d训练_200d测试,test,iTransformer-small,SYG1_10MAA50CT131A,超高压缸蒸汽温度100%,℃,Y4_VHP缸体与内部蒸汽,0.833161473274231,2.5934380033432567,1.4709550142288208,507.5570068359375,536.18701171875,414.44598388671875,544.385986328125,508.7648010253906,536.1289672851562,258455,2024-05-11 00:23:00,2024-11-27 00:22:00
2024_10d训练_300d测试,train,ANN,SYG1_10MAA50CP101,超高压缸叶片级压力#1,MPa,Y1_VHP本体,0.9879023432731628,0.5402000421853104,0.38570159673690796,6.576000213623047,22.70800018310547,6.576000213623047,22.70800018310547,6.2287092208862305,22.170244216918945,14377,2024-05-01 00:23:00,2024-05-10 23:59:00
2024_10d训练_300d测试,train,GRU-RNN,SYG1_10MAA50CP101,超高压缸叶片级压力#1,MPa,Y1_VHP本体,0.9972534775733948,0.2573933372829378,0.18651580810546875,6.576000213623047,22.70800018310547,6.576000213623047,22.70800018310547,6.010611534118652,22.53256607055664,14377,2024-05-01 00:23:00,2024-05-10 23:59:00
2024_10d训练_300d测试,train,TCN,SYG1_10MAA50CP101,超高压缸叶片级压力#1,MPa,Y1_VHP本体,0.9922523498535156,0.4323025801633033,0.3233373761177063,6.576000213623047,22.70800018310547,6.576000213623047,22.70800018310547,6.114587783813477,23.79983139038086,14377,2024-05-01 00:23:00,2024-05-10 23:59:00
2024_10d训练_300d测试,train,iTransformer-small,SYG1_10MAA50CP101,超高压缸叶片级压力#1,MPa,Y1_VHP本体,0.9951782822608948,0.34103924296983423,0.255420982837677,6.576000213623047,22.70800018310547,6.576000213623047,22.70800018310547,5.534716606140137,22.397499084472656,14377,2024-05-01 00:23:00,2024-05-10 23:59:00
2024_10d训练_300d测试,train,ANN,SYG1_10MAA50CP102,超高压缸叶片级压力#2,MPa,Y1_VHP本体,0.9923705458641052,0.4289138244349201,0.2927011251449585,6.5920000076293945,22.695999145507812,6.5920000076293945,22.695999145507812,6.615837097167969,22.23931884765625,14377,2024-05-01 00:23:00,2024-05-10 23:59:00
2024_10d训练_300d测试,train,GRU-RNN,SYG1_10MAA50CP102,超高压缸叶片级压力#2,MPa,Y1_VHP本体,0.9970919489860535,0.2648052581452331,0.19679361581802368,6.5920000076293945,22.695999145507812,6.5920000076293945,22.695999145507812,6.214102745056152,22.84891700744629,14377,2024-05-01 00:23:00,2024-05-10 23:59:00
2024_10d训练_300d测试,train,TCN,SYG1_10MAA50CP102,超高压缸叶片级压力#2,MPa,Y1_VHP本体,0.9934682250022888,0.3968629955368555,0.30407366156578064,6.5920000076293945,22.695999145507812,6.5920000076293945,22.695999145507812,5.863381385803223,23.524269104003906,14377,2024-05-01 00:23:00,2024-05-10 23:59:00
2024_10d训练_300d测试,train,iTransformer-small,SYG1_10MAA50CP102,超高压缸叶片级压力#2,MPa,Y1_VHP本体,0.9950715899467468,0.3447287021819109,0.25407975912094116,6.5920000076293945,22.695999145507812,6.5920000076293945,22.695999145507812,5.282968521118164,22.280399322509766,14377,2024-05-01 00:23:00,2024-05-10 23:59:00
2024_10d训练_300d测试,train,ANN,SYG1_10MAA50CP103,超高压缸叶片级压力#3,MPa,Y1_VHP本体,0.9920766353607178,0.4370937675300977,0.2798153758049011,6.578999996185303,22.695999145507812,6.5789995193481445,22.695999145507812,6.502799987792969,22.188514709472656,14377,2024-05-01 00:23:00,2024-05-10 23:59:00
2024_10d训练_300d测试,train,GRU-RNN,SYG1_10MAA50CP103,超高压缸叶片级压力#3,MPa,Y1_VHP本体,0.9954357743263245,0.3317449232710511,0.25308263301849365,6.578999996185303,22.695999145507812,6.5789995193481445,22.695999145507812,6.326981544494629,22.912628173828125,14377,2024-05-01 00:23:00,2024-05-10 23:59:00
2024_10d训练_300d测试,train,TCN,SYG1_10MAA50CP103,超高压缸叶片级压力#3,MPa,Y1_VHP本体,0.9913586974143982,0.4564662440490985,0.34415316581726074,6.578999996185303,22.695999145507812,6.5789995193481445,22.695999145507812,6.459166526794434,23.815189361572266,14377,2024-05-01 00:23:00,2024-05-10 23:59:00
2024_10d训练_300d测试,train,iTransformer-small,SYG1_10MAA50CP103,超高压缸叶片级压力#3,MPa,Y1_VHP本体,0.9953100681304932,0.336282386726817,0.24742619693279266,6.578999996185303,22.695999145507812,6.5789995193481445,22.695999145507812,5.486284255981445,22.254894256591797,14377,2024-05-01 00:23:00,2024-05-10 23:59:00
2024_10d训练_300d测试,train,ANN,SYG1_10MAA50CT121A,超高压排汽蒸汽温度#1,℃,Y1_VHP本体,0.9201828837394714,1.1523454051894892,0.8586947917938232,395.4360046386719,424.8529968261719,395.4360046386719,424.8529968261719,401.701904296875,420.6571960449219,14377,2024-05-01 00:23:00,2024-05-10 23:59:00
2024_10d训练_300d测试,train,GRU-RNN,SYG1_10MAA50CT121A,超高压排汽蒸汽温度#1,℃,Y1_VHP本体,0.9583539366722107,0.8323798367264827,0.6358311176300049,395.4360046386719,424.8529968261719,395.4360046386719,424.8529968261719,397.9126281738281,422.33563232421875,14377,2024-05-01 00:23:00,2024-05-10 23:59:00
2024_10d训练_300d测试,train,TCN,SYG1_10MAA50CT121A,超高压排汽蒸汽温度#1,℃,Y1_VHP本体,0.9464101791381836,0.9442256006992551,0.7257053256034851,395.4360046386719,424.8529968261719,395.4360046386719,424.8529968261719,398.8517761230469,422.6559143066406,14377,2024-05-01 00:23:00,2024-05-10 23:59:00
2024_10d训练_300d测试,train,iTransformer-small,SYG1_10MAA50CT121A,超高压排汽蒸汽温度#1,℃,Y1_VHP本体,0.9120779633522034,1.2094376658682537,0.9296788573265076,395.4360046386719,424.8529968261719,395.4360046386719,424.8529968261719,400.11090087890625,422.9414978027344,14377,2024-05-01 00:23:00,2024-05-10 23:59:00
2024_10d训练_300d测试,train,ANN,SYG1_10MAA50CT122A,超高压排汽蒸汽温度#2,℃,Y1_VHP本体,0.9043140411376953,1.2598347962780532,0.9286491870880127,392.343994140625,421.91900634765625,392.343994140625,421.91900634765625,400.5633239746094,417.8388671875,14377,2024-05-01 00:23:00,2024-05-10 23:59:00
2024_10d训练_300d测试,train,GRU-RNN,SYG1_10MAA50CT122A,超高压排汽蒸汽温度#2,℃,Y1_VHP本体,0.9555246829986572,0.8589125689530334,0.6620028614997864,392.343994140625,421.91900634765625,392.343994140625,421.91900634765625,394.6033630371094,419.6423645019531,14377,2024-05-01 00:23:00,2024-05-10 23:59:00
2024_10d训练_300d测试,train,TCN,SYG1_10MAA50CT122A,超高压排汽蒸汽温度#2,℃,Y1_VHP本体,0.934478223323822,1.0425150595293087,0.7998402714729309,392.343994140625,421.91900634765625,392.343994140625,421.91900634765625,396.8601379394531,419.68267822265625,14377,2024-05-01 00:23:00,2024-05-10 23:59:00
2024_10d训练_300d测试,train,iTransformer-small,SYG1_10MAA50CT122A,超高压排汽蒸汽温度#2,℃,Y1_VHP本体,0.9078354239463806,1.23643577552964,0.9477386474609375,392.343994140625,421.91900634765625,392.343994140625,421.91900634765625,397.0215759277344,419.8562316894531,14377,2024-05-01 00:23:00,2024-05-10 23:59:00
2024_10d训练_300d测试,train,ANN,SYG1_10MAA50CT123A,超高压排汽蒸汽温度#3,℃,Y1_VHP本体,0.9024604558944702,1.2548807700767668,0.9365388751029968,393.31500244140625,423.218994140625,393.31500244140625,423.218994140625,401.4393310546875,418.54779052734375,14377,2024-05-01 00:23:00,2024-05-10 23:59:00
2024_10d训练_300d测试,train,GRU-RNN,SYG1_10MAA50CT123A,超高压排汽蒸汽温度#3,℃,Y1_VHP本体,0.9501064419746399,0.8974998224943618,0.6846411824226379,393.31500244140625,423.218994140625,393.31500244140625,423.218994140625,396.63714599609375,420.5009460449219,14377,2024-05-01 00:23:00,2024-05-10 23:59:00
2024_10d训练_300d测试,train,TCN,SYG1_10MAA50CT123A,超高压排汽蒸汽温度#3,℃,Y1_VHP本体,0.9419524073600769,0.968064342393833,0.7432942986488342,393.31500244140625,423.218994140625,393.31500244140625,423.218994140625,397.2731018066406,420.59222412109375,14377,2024-05-01 00:23:00,2024-05-10 23:59:00
2024_10d训练_300d测试,train,iTransformer-small,SYG1_10MAA50CT123A,超高压排汽蒸汽温度#3,℃,Y1_VHP本体,0.9060554504394531,1.2315383379873885,0.9459965825080872,393.31500244140625,423.218994140625,393.31500244140625,423.218994140625,398.7166442871094,420.96832275390625,14377,2024-05-01 00:23:00,2024-05-10 23:59:00
2024_10d训练_300d测试,train,ANN,SYG1_10LBC01CP101,超高压缸A侧排汽垂直管压力,MPa,Y1_VHP本体,0.9764996767044067,0.367139630545374,0.23916159570217133,3.177000045776367,10.899999618530273,3.177000045776367,10.899999618530273,2.6740994453430176,11.103116035461426,14377,2024-05-01 00:23:00,2024-05-10 23:59:00
2024_10d训练_300d测试,train,GRU-RNN,SYG1_10LBC01CP101,超高压缸A侧排汽垂直管压力,MPa,Y1_VHP本体,0.9965678453445435,0.1403059651822021,0.10436924546957016,3.177000045776367,10.899999618530273,3.177000045776367,10.899999618530273,3.1444387435913086,10.936036109924316,14377,2024-05-01 00:23:00,2024-05-10 23:59:00
2024_10d训练_300d测试,train,TCN,SYG1_10LBC01CP101,超高压缸A侧排汽垂直管压力,MPa,Y1_VHP本体,0.9939912557601929,0.18564581993494536,0.13431791961193085,3.177000045776367,10.899999618530273,3.177000045776367,10.899999618530273,2.974539279937744,11.080581665039062,14377,2024-05-01 00:23:00,2024-05-10 23:59:00
2024_10d训练_300d测试,train,iTransformer-small,SYG1_10LBC01CP101,超高压缸A侧排汽垂直管压力,MPa,Y1_VHP本体,0.9962541460990906,0.14657885365660336,0.10771521180868149,3.177000045776367,10.899999618530273,3.177000045776367,10.899999618530273,2.5981264114379883,10.788090705871582,14377,2024-05-01 00:23:00,2024-05-10 23:59:00
2024_10d训练_300d测试,train,ANN,SYG1_10LBC02CP101,超高压缸B侧排汽垂直管压力,MPa,Y1_VHP本体,0.9930047392845154,0.2015610236476088,0.12795452773571014,3.186000108718872,10.961000442504883,3.185999870300293,10.961000442504883,3.0429506301879883,11.028949737548828,14377,2024-05-01 00:23:00,2024-05-10 23:59:00
2024_10d训练_300d测试,train,GRU-RNN,SYG1_10LBC02CP101,超高压缸B侧排汽垂直管压力,MPa,Y1_VHP本体,0.9954025745391846,0.1634037894973619,0.12096292525529861,3.186000108718872,10.961000442504883,3.185999870300293,10.961000442504883,2.91618013381958,11.316506385803223,14377,2024-05-01 00:23:00,2024-05-10 23:59:00
2024_10d训练_300d测试,train,TCN,SYG1_10LBC02CP101,超高压缸B侧排汽垂直管压力,MPa,Y1_VHP本体,0.9928111433982849,0.20433190229657913,0.15557892620563507,3.186000108718872,10.961000442504883,3.185999870300293,10.961000442504883,2.9503817558288574,11.101057052612305,14377,2024-05-01 00:23:00,2024-05-10 23:59:00
2024_10d训练_300d测试,train,iTransformer-small,SYG1_10LBC02CP101,超高压缸B侧排汽垂直管压力,MPa,Y1_VHP本体,0.9961050748825073,0.15040239684366508,0.11245759576559067,3.186000108718872,10.961000442504883,3.185999870300293,10.961000442504883,2.674792766571045,10.828611373901367,14377,2024-05-01 00:23:00,2024-05-10 23:59:00
2024_10d训练_300d测试,train,ANN,SYG1_10LBC01CT101,超高压缸A侧排汽垂直管温度,℃,Y1_VHP本体,0.9306207895278931,1.107428656663263,0.8050519227981567,393.3349914550781,426.0950012207031,393.3349914550781,426.0950012207031,401.6927795410156,421.0917663574219,14377,2024-05-01 00:23:00,2024-05-10 23:59:00
2024_10d训练_300d测试,train,GRU-RNN,SYG1_10LBC01CT101,超高压缸A侧排汽垂直管温度,℃,Y1_VHP本体,0.96148282289505,0.8251413542131301,0.6307055950164795,393.3349914550781,426.0950012207031,393.3349914550781,426.0950012207031,397.75018310546875,422.89788818359375,14377,2024-05-01 00:23:00,2024-05-10 23:59:00
2024_10d训练_300d测试,train,TCN,SYG1_10LBC01CT101,超高压缸A侧排汽垂直管温度,℃,Y1_VHP本体,0.9568450450897217,0.8734064236539449,0.6573144793510437,393.3349914550781,426.0950012207031,393.3349914550781,426.0950012207031,398.5840148925781,422.04058837890625,14377,2024-05-01 00:23:00,2024-05-10 23:59:00
2024_10d训练_300d测试,train,iTransformer-small,SYG1_10LBC01CT101,超高压缸A侧排汽垂直管温度,℃,Y1_VHP本体,0.9242736101150513,1.1569765746433143,0.8779191374778748,393.3349914550781,426.0950012207031,393.3349914550781,426.0950012207031,399.5317687988281,422.7541198730469,14377,2024-05-01 00:23:00,2024-05-10 23:59:00
2024_10d训练_300d测试,train,ANN,SYG1_10LBC02CT101,超高压缸B侧排汽垂直管温度,℃,Y1_VHP本体,0.9260691404342651,1.147656856612012,0.8378556966781616,396.32598876953125,429.21600341796875,396.32598876953125,429.21600341796875,404.3783264160156,424.0252685546875,14377,2024-05-01 00:23:00,2024-05-10 23:59:00
2024_10d训练_300d测试,train,GRU-RNN,SYG1_10LBC02CT101,超高压缸B侧排汽垂直管温度,℃,Y1_VHP本体,0.9618744254112244,0.8241521076180304,0.6246283054351807,396.32598876953125,429.21600341796875,396.32598876953125,429.21600341796875,401.1250915527344,426.0747375488281,14377,2024-05-01 00:23:00,2024-05-10 23:59:00
2024_10d训练_300d测试,train,TCN,SYG1_10LBC02CT101,超高压缸B侧排汽垂直管温度,℃,Y1_VHP本体,0.9547092318534851,0.8982637652057225,0.6813355088233948,396.32598876953125,429.21600341796875,396.32598876953125,429.21600341796875,401.9978942871094,425.965087890625,14377,2024-05-01 00:23:00,2024-05-10 23:59:00
2024_10d训练_300d测试,train,iTransformer-small,SYG1_10LBC02CT101,超高压缸B侧排汽垂直管温度,℃,Y1_VHP本体,0.9258868098258972,1.149070928364775,0.8640125393867493,396.32598876953125,429.21600341796875,396.32598876953125,429.21600341796875,402.1967468261719,425.78277587890625,14377,2024-05-01 00:23:00,2024-05-10 23:59:00
2024_10d训练_300d测试,train,ANN,SYG1_10LBQ10CP101,一级抽汽口压力,MPa,Y2_一级抽汽接口,0.9918345212936401,0.2149276482885841,0.13673830032348633,3.1540000438690186,10.821000099182129,3.1539998054504395,10.821000099182129,3.02349853515625,10.847082138061523,14377,2024-05-01 00:23:00,2024-05-10 23:59:00
2024_10d训练_300d测试,train,GRU-RNN,SYG1_10LBQ10CP101,一级抽汽口压力,MPa,Y2_一级抽汽接口,0.9961506128311157,0.14756986876657355,0.10740309953689575,3.1540000438690186,10.821000099182129,3.1539998054504395,10.821000099182129,2.802614688873291,11.026607513427734,14377,2024-05-01 00:23:00,2024-05-10 23:59:00
2024_10d训练_300d测试,train,TCN,SYG1_10LBQ10CP101,一级抽汽口压力,MPa,Y2_一级抽汽接口,0.9929458498954773,0.19976695684258294,0.14882396161556244,3.1540000438690186,10.821000099182129,3.1539998054504395,10.821000099182129,2.9179530143737793,11.100860595703125,14377,2024-05-01 00:23:00,2024-05-10 23:59:00
2024_10d训练_300d测试,train,iTransformer-small,SYG1_10LBQ10CP101,一级抽汽口压力,MPa,Y2_一级抽汽接口,0.9960580468177795,0.1493339822627696,0.11037302762269974,3.1540000438690186,10.821000099182129,3.1539998054504395,10.821000099182129,2.527730941772461,10.732952117919922,14377,2024-05-01 00:23:00,2024-05-10 23:59:00
2024_10d训练_300d测试,train,ANN,SYG1_10LBQ10CT101A,一级抽汽口温度,℃,Y2_一级抽汽接口,0.9277344942092896,1.1037995369877218,0.8177787065505981,397.0320129394531,428.6619873046875,397.0320129394531,428.6619873046875,404.53778076171875,423.9018859863281,14377,2024-05-01 00:23:00,2024-05-10 23:59:00
2024_10d训练_300d测试,train,GRU-RNN,SYG1_10LBQ10CT101A,一级抽汽口温度,℃,Y2_一级抽汽接口,0.9623054265975952,0.7971942486509122,0.6030011177062988,397.0320129394531,428.6619873046875,397.0320129394531,428.6619873046875,401.403564453125,425.6817321777344,14377,2024-05-01 00:23:00,2024-05-10 23:59:00
2024_10d训练_300d测试,train,TCN,SYG1_10LBQ10CT101A,一级抽汽口温度,℃,Y2_一级抽汽接口,0.9590781331062317,0.8306198327195845,0.6246885061264038,397.0320129394531,428.6619873046875,397.0320129394531,428.6619873046875,401.8738708496094,424.7800598144531,14377,2024-05-01 00:23:00,2024-05-10 23:59:00
2024_10d训练_300d测试,train,iTransformer-small,SYG1_10LBQ10CT101A,一级抽汽口温度,℃,Y2_一级抽汽接口,0.9277766346931458,1.1034773828412336,0.8321495652198792,397.0320129394531,428.6619873046875,397.0320129394531,428.6619873046875,402.3220520019531,425.0632629394531,14377,2024-05-01 00:23:00,2024-05-10 23:59:00
2024_10d训练_300d测试,train,ANN,SYG1_10LBQ10CT102,一级抽汽逆止门前水平管管顶温度,℃,Y2_一级抽汽接口,0.9181973934173584,1.15923521942068,0.8541097044944763,393.7590026855469,424.2510070800781,393.7590026855469,424.2510070800781,401.9524841308594,420.2133483886719,14377,2024-05-01 00:23:00,2024-05-10 23:59:00
2024_10d训练_300d测试,train,GRU-RNN,SYG1_10LBQ10CT102,一级抽汽逆止门前水平管管顶温度,℃,Y2_一级抽汽接口,0.9657807946205139,0.7497615037641656,0.566597044467926,393.7590026855469,424.2510070800781,393.7590026855469,424.2510070800781,399.0613098144531,422.0981750488281,14377,2024-05-01 00:23:00,2024-05-10 23:59:00
2024_10d训练_300d测试,train,TCN,SYG1_10LBQ10CT102,一级抽汽逆止门前水平管管顶温度,℃,Y2_一级抽汽接口,0.9583786129951477,0.8268870691757947,0.6207109093666077,393.7590026855469,424.2510070800781,393.7590026855469,424.2510070800781,398.8028869628906,421.53167724609375,14377,2024-05-01 00:23:00,2024-05-10 23:59:00
2024_10d训练_300d测试,train,iTransformer-small,SYG1_10LBQ10CT102,一级抽汽逆止门前水平管管顶温度,℃,Y2_一级抽汽接口,0.9310156106948853,1.0645434979913224,0.8034207820892334,393.7590026855469,424.2510070800781,393.7590026855469,424.2510070800781,399.2286376953125,421.72137451171875,14377,2024-05-01 00:23:00,2024-05-10 23:59:00
2024_10d训练_300d测试,train,ANN,SYG1_10LBQ10CT103,一级抽汽逆止门前水平管管底温度,℃,Y2_一级抽汽接口,0.9201076626777649,1.1569578220885928,0.8633497357368469,394.44000244140625,425.1730041503906,394.44000244140625,425.1729736328125,400.9491882324219,420.2305603027344,14377,2024-05-01 00:23:00,2024-05-10 23:59:00
2024_10d训练_300d测试,train,GRU-RNN,SYG1_10LBQ10CT103,一级抽汽逆止门前水平管管底温度,℃,Y2_一级抽汽接口,0.9613103866577148,0.8051229613440753,0.614524781703949,394.44000244140625,425.1730041503906,394.44000244140625,425.1729736328125,398.0577697753906,422.3467102050781,14377,2024-05-01 00:23:00,2024-05-10 23:59:00
2024_10d训练_300d测试,train,TCN,SYG1_10LBQ10CT103,一级抽汽逆止门前水平管管底温度,℃,Y2_一级抽汽接口,0.9582681655883789,0.8361778983150746,0.6374819874763489,394.44000244140625,425.1730041503906,394.44000244140625,425.1729736328125,398.0160827636719,421.61334228515625,14377,2024-05-01 00:23:00,2024-05-10 23:59:00
2024_10d训练_300d测试,train,iTransformer-small,SYG1_10LBQ10CT103,一级抽汽逆止门前水平管管底温度,℃,Y2_一级抽汽接口,0.9319482445716858,1.0677871426905912,0.8105201125144958,394.44000244140625,425.1730041503906,394.44000244140625,425.1729736328125,399.2735290527344,421.54656982421875,14377,2024-05-01 00:23:00,2024-05-10 23:59:00
2024_10d训练_300d测试,train,ANN,SYG1_10LBQ10CT104,一级抽汽逆止门后水平管管顶温度,℃,Y2_一级抽汽接口,0.9170346260070801,1.1462948592132516,0.8507563471794128,394.3399963378906,423.6289978027344,394.3399963378906,423.6289978027344,401.4257507324219,419.3977355957031,14377,2024-05-01 00:23:00,2024-05-10 23:59:00
2024_10d训练_300d测试,train,GRU-RNN,SYG1_10LBQ10CT104,一级抽汽逆止门后水平管管顶温度,℃,Y2_一级抽汽接口,0.9610417485237122,0.7855027606097299,0.5898879766464233,394.3399963378906,423.6289978027344,394.3399963378906,423.6289978027344,398.4614562988281,421.320068359375,14377,2024-05-01 00:23:00,2024-05-10 23:59:00
2024_10d训练_300d测试,train,TCN,SYG1_10LBQ10CT104,一级抽汽逆止门后水平管管顶温度,℃,Y2_一级抽汽接口,0.9590106010437012,0.8057186963601733,0.6067299246788025,394.3399963378906,423.6289978027344,394.3399963378906,423.6289978027344,398.7022399902344,420.8591003417969,14377,2024-05-01 00:23:00,2024-05-10 23:59:00
2024_10d训练_300d测试,train,iTransformer-small,SYG1_10LBQ10CT104,一级抽汽逆止门后水平管管顶温度,℃,Y2_一级抽汽接口,0.9266980886459351,1.0774707191011386,0.8199355006217957,394.3399963378906,423.6289978027344,394.3399963378906,423.6289978027344,399.26611328125,421.47442626953125,14377,2024-05-01 00:23:00,2024-05-10 23:59:00
2024_10d训练_300d测试,train,ANN,SYG1_10LBQ10CT105,一级抽汽逆止门后水平管管底温度,℃,Y2_一级抽汽接口,0.9204583764076233,1.150078878600052,0.8516508936882019,393.7149963378906,424.3070068359375,393.7149963378906,424.3070068359375,400.16485595703125,419.93524169921875,14377,2024-05-01 00:23:00,2024-05-10 23:59:00
2024_10d训练_300d测试,train,GRU-RNN,SYG1_10LBQ10CT105,一级抽汽逆止门后水平管管底温度,℃,Y2_一级抽汽接口,0.9645069241523743,0.7682494511054598,0.5853002667427063,393.7149963378906,424.3070068359375,393.7149963378906,424.3070068359375,397.6682434082031,421.87841796875,14377,2024-05-01 00:23:00,2024-05-10 23:59:00
2024_10d训练_300d测试,train,TCN,SYG1_10LBQ10CT105,一级抽汽逆止门后水平管管底温度,℃,Y2_一级抽汽接口,0.9594652652740479,0.8210019075694441,0.6220042109489441,393.7149963378906,424.3070068359375,393.7149963378906,424.3070068359375,398.1019287109375,420.73297119140625,14377,2024-05-01 00:23:00,2024-05-10 23:59:00
2024_10d训练_300d测试,train,iTransformer-small,SYG1_10LBQ10CT105,一级抽汽逆止门后水平管管底温度,℃,Y2_一级抽汽接口,0.9311193227767944,1.0702351451681373,0.8127987384796143,393.7149963378906,424.3070068359375,393.7149963378906,424.3070068359375,398.83331298828125,421.0639343261719,14377,2024-05-01 00:23:00,2024-05-10 23:59:00
2024_10d训练_300d测试,train,ANN,SYG1_10LBQ10CP102,1号高加入口抽汽压力,MPa,Y2_一级抽汽接口,0.9902505874633789,0.2286320251315722,0.14498937129974365,3.194000005722046,10.63700008392334,3.194000244140625,10.63700008392334,3.043675422668457,10.596521377563477,14377,2024-05-01 00:23:00,2024-05-10 23:59:00
2024_10d训练_300d测试,train,GRU-RNN,SYG1_10LBQ10CP102,1号高加入口抽汽压力,MPa,Y2_一级抽汽接口,0.9962871670722961,0.14109108430196693,0.10257052630186081,3.194000005722046,10.63700008392334,3.194000244140625,10.63700008392334,3.0457372665405273,10.903112411499023,14377,2024-05-01 00:23:00,2024-05-10 23:59:00
2024_10d训练_300d测试,train,TCN,SYG1_10LBQ10CP102,1号高加入口抽汽压力,MPa,Y2_一级抽汽接口,0.9953539371490479,0.15782966213574876,0.11743340641260147,3.194000005722046,10.63700008392334,3.194000244140625,10.63700008392334,3.108704090118408,10.780472755432129,14377,2024-05-01 00:23:00,2024-05-10 23:59:00
2024_10d训练_300d测试,train,iTransformer-small,SYG1_10LBQ10CP102,1号高加入口抽汽压力,MPa,Y2_一级抽汽接口,0.9961962699890137,0.1428079712064104,0.10684548318386078,3.194000005722046,10.63700008392334,3.194000244140625,10.63700008392334,2.7707276344299316,10.578439712524414,14377,2024-05-01 00:23:00,2024-05-10 23:59:00
2024_10d训练_300d测试,train,ANN,SYG1_10LBQ10CT106,1号高加入口抽汽温度,℃,Y2_一级抽汽接口,0.9095396399497986,1.1872510147074324,0.8799919486045837,394.4849853515625,423.8179931640625,394.4849853515625,423.8179931640625,402.1799011230469,419.74859619140625,14377,2024-05-01 00:23:00,2024-05-10 23:59:00
2024_10d训练_300d测试,train,GRU-RNN,SYG1_10LBQ10CT106,1号高加入口抽汽温度,℃,Y2_一级抽汽接口,0.960774302482605,0.7818053369873245,0.5896216630935669,394.4849853515625,423.8179931640625,394.4849853515625,423.8179931640625,398.46453857421875,421.4529724121094,14377,2024-05-01 00:23:00,2024-05-10 23:59:00
2024_10d训练_300d测试,train,TCN,SYG1_10LBQ10CT106,1号高加入口抽汽温度,℃,Y2_一级抽汽接口,0.9573108553886414,0.8155906289995849,0.6129970550537109,394.4849853515625,423.8179931640625,394.4849853515625,423.8179931640625,398.8245849609375,420.8573303222656,14377,2024-05-01 00:23:00,2024-05-10 23:59:00
2024_10d训练_300d测试,train,iTransformer-small,SYG1_10LBQ10CT106,1号高加入口抽汽温度,℃,Y2_一级抽汽接口,0.9255950450897217,1.0767485082796249,0.8151605129241943,394.4849853515625,423.8179931640625,394.4849853515625,423.8179931640625,399.578857421875,421.62078857421875,14377,2024-05-01 00:23:00,2024-05-10 23:59:00
2024_10d训练_300d测试,train,ANN,SYG1_10LBC20CT101,一次低温再热逆止阀前母管管底温度,℃,Y3_VHP至RH1接口,0.917188823223114,1.178001209099737,0.8802974224090576,395.90301513671875,426.6289978027344,395.90301513671875,426.6289978027344,403.2470703125,422.2963562011719,14377,2024-05-01 00:23:00,2024-05-10 23:59:00
2024_10d训练_300d测试,train,GRU-RNN,SYG1_10LBC20CT101,一次低温再热逆止阀前母管管底温度,℃,Y3_VHP至RH1接口,0.9664976000785828,0.7492712374411701,0.5730859041213989,395.90301513671875,426.6289978027344,395.90301513671875,426.6289978027344,400.2311096191406,424.1033630371094,14377,2024-05-01 00:23:00,2024-05-10 23:59:00
2024_10d训练_300d测试,train,TCN,SYG1_10LBC20CT101,一次低温再热逆止阀前母管管底温度,℃,Y3_VHP至RH1接口,0.9631398320198059,0.7859227628444824,0.59824538230896,395.90301513671875,426.6289978027344,395.90301513671875,426.6289978027344,400.55377197265625,423.41058349609375,14377,2024-05-01 00:23:00,2024-05-10 23:59:00
2024_10d训练_300d测试,train,iTransformer-small,SYG1_10LBC20CT101,一次低温再热逆止阀前母管管底温度,℃,Y3_VHP至RH1接口,0.9335482120513916,1.055247913809501,0.8033885359764099,395.90301513671875,426.6289978027344,395.90301513671875,426.6289978027344,401.1981506347656,423.5771179199219,14377,2024-05-01 00:23:00,2024-05-10 23:59:00
2024_10d训练_300d测试,train,ANN,SYG1_10LBC20CT103,一次低温再热逆止阀后水平管管顶温度,℃,Y3_VHP至RH1接口,0.9196213483810425,1.159353832863939,0.8564385771751404,395.177001953125,426.0950012207031,395.177001953125,426.0950012207031,403.2061462402344,421.4537658691406,14377,2024-05-01 00:23:00,2024-05-10 23:59:00
2024_10d训练_300d测试,train,GRU-RNN,SYG1_10LBC20CT103,一次低温再热逆止阀后水平管管顶温度,℃,Y3_VHP至RH1接口,0.9625558853149414,0.7912929849263305,0.6059989929199219,395.177001953125,426.0950012207031,395.177001953125,426.0950012207031,399.5369567871094,422.93096923828125,14377,2024-05-01 00:23:00,2024-05-10 23:59:00
2024_10d训练_300d测试,train,TCN,SYG1_10LBC20CT103,一次低温再热逆止阀后水平管管顶温度,℃,Y3_VHP至RH1接口,0.9617221355438232,0.8000540059457296,0.607707679271698,395.177001953125,426.0950012207031,395.177001953125,426.0950012207031,399.97265625,422.76397705078125,14377,2024-05-01 00:23:00,2024-05-10 23:59:00
2024_10d训练_300d测试,train,iTransformer-small,SYG1_10LBC20CT103,一次低温再热逆止阀后水平管管顶温度,℃,Y3_VHP至RH1接口,0.9309922456741333,1.0742230779387247,0.8199357390403748,395.177001953125,426.0950012207031,395.177001953125,426.0950012207031,400.3980407714844,422.7935485839844,14377,2024-05-01 00:23:00,2024-05-10 23:59:00
2024_10d训练_300d测试,train,ANN,SYG1_10LBC20CT104,一次低温再热逆止阀后水平管管底温度,℃,Y3_VHP至RH1接口,0.9036202430725098,1.2482568984999483,0.933404266834259,398.5469970703125,427.8169860839844,398.5469970703125,427.8169860839844,405.65155029296875,423.5862731933594,14377,2024-05-01 00:23:00,2024-05-10 23:59:00
2024_10d训练_300d测试,train,GRU-RNN,SYG1_10LBC20CT104,一次低温再热逆止阀后水平管管底温度,℃,Y3_VHP至RH1接口,0.9681248068809509,0.7178564322101407,0.5455046892166138,398.5469970703125,427.8169860839844,398.5469970703125,427.8169860839844,403.0113220214844,426.0936584472656,14377,2024-05-01 00:23:00,2024-05-10 23:59:00
2024_10d训练_300d测试,train,TCN,SYG1_10LBC20CT104,一次低温再热逆止阀后水平管管底温度,℃,Y3_VHP至RH1接口,0.9610129594802856,0.7939096890911653,0.6009126305580139,398.5469970703125,427.8169860839844,398.5469970703125,427.8169860839844,402.82916259765625,425.19366455078125,14377,2024-05-01 00:23:00,2024-05-10 23:59:00
2024_10d训练_300d测试,train,iTransformer-small,SYG1_10LBC20CT104,一次低温再热逆止阀后水平管管底温度,℃,Y3_VHP至RH1接口,0.9377756714820862,1.002977646792547,0.7618546485900879,398.5469970703125,427.8169860839844,398.5469970703125,427.8169860839844,403.4679260253906,425.1596374511719,14377,2024-05-01 00:23:00,2024-05-10 23:59:00
2024_10d训练_300d测试,train,ANN,SYG1_10MAA50CT111A,超高压内缸壁温90%处#1,℃,Y4_VHP缸体与内部蒸汽,0.7390891909599304,2.6409785468527613,2.132830858230591,550.593994140625,587.0819702148438,550.593994140625,587.0819702148438,559.3447265625,579.4054565429688,14377,2024-05-01 00:23:00,2024-05-10 23:59:00
2024_10d训练_300d测试,train,GRU-RNN,SYG1_10MAA50CT111A,超高压内缸壁温90%处#1,℃,Y4_VHP缸体与内部蒸汽,0.8311370611190796,2.1246429592198774,1.7060909271240234,550.593994140625,587.0819702148438,550.593994140625,587.0819702148438,554.5582275390625,583.1094360351562,14377,2024-05-01 00:23:00,2024-05-10 23:59:00
2024_10d训练_300d测试,train,TCN,SYG1_10MAA50CT111A,超高压内缸壁温90%处#1,℃,Y4_VHP缸体与内部蒸汽,0.7767487168312073,2.4429569294115607,1.9858946800231934,550.593994140625,587.0819702148438,550.593994140625,587.0819702148438,555.0770874023438,583.957763671875,14377,2024-05-01 00:23:00,2024-05-10 23:59:00
2024_10d训练_300d测试,train,iTransformer-small,SYG1_10MAA50CT111A,超高压内缸壁温90%处#1,℃,Y4_VHP缸体与内部蒸汽,0.7384909391403198,2.644004419949252,2.117358684539795,550.593994140625,587.0819702148438,550.593994140625,587.0819702148438,554.4069213867188,581.443603515625,14377,2024-05-01 00:23:00,2024-05-10 23:59:00
2024_10d训练_300d测试,train,ANN,SYG1_10MAA50CT112A,超高压内缸壁温90%处#2,℃,Y4_VHP缸体与内部蒸汽,0.9531106948852539,1.3378471423134592,0.9903004765510559,559.0910034179688,598.9310302734375,559.0910034179688,598.9310302734375,568.3400268554688,594.01123046875,14377,2024-05-01 00:23:00,2024-05-10 23:59:00
2024_10d训练_300d测试,train,GRU-RNN,SYG1_10MAA50CT112A,超高压内缸壁温90%处#2,℃,Y4_VHP缸体与内部蒸汽,0.9844056367874146,0.7715304204020169,0.5735397934913635,559.0910034179688,598.9310302734375,559.0910034179688,598.9310302734375,565.2256469726562,594.8111572265625,14377,2024-05-01 00:23:00,2024-05-10 23:59:00
2024_10d训练_300d测试,train,TCN,SYG1_10MAA50CT112A,超高压内缸壁温90%处#2,℃,Y4_VHP缸体与内部蒸汽,0.9730392098426819,1.0144617902160182,0.7535883784294128,559.0910034179688,598.9310302734375,559.0910034179688,598.9310302734375,565.18212890625,595.3818969726562,14377,2024-05-01 00:23:00,2024-05-10 23:59:00
2024_10d训练_300d测试,train,iTransformer-small,SYG1_10MAA50CT112A,超高压内缸壁温90%处#2,℃,Y4_VHP缸体与内部蒸汽,0.9482387900352478,1.4056324344504554,1.065068006515503,559.0910034179688,598.9310302734375,559.0910034179688,598.9310302734375,564.0849609375,595.2651977539062,14377,2024-05-01 00:23:00,2024-05-10 23:59:00
2024_10d训练_300d测试,train,ANN,SYG1_10MAA50CT131A,超高压缸蒸汽温度100%,℃,Y4_VHP缸体与内部蒸汽,0.890642523765564,1.6701305950520182,1.2742997407913208,507.5570068359375,536.18701171875,507.5569763183594,536.18701171875,513.63525390625,533.9771728515625,14377,2024-05-01 00:23:00,2024-05-10 23:59:00
2024_10d训练_300d测试,train,GRU-RNN,SYG1_10MAA50CT131A,超高压缸蒸汽温度100%,℃,Y4_VHP缸体与内部蒸汽,0.9702156186103821,0.8716062740085238,0.6489701271057129,507.5570068359375,536.18701171875,507.5569763183594,536.18701171875,511.4326171875,535.388671875,14377,2024-05-01 00:23:00,2024-05-10 23:59:00
2024_10d训练_300d测试,train,TCN,SYG1_10MAA50CT131A,超高压缸蒸汽温度100%,℃,Y4_VHP缸体与内部蒸汽,0.9648120403289795,0.9473774322909388,0.7068617343902588,507.5570068359375,536.18701171875,507.5569763183594,536.18701171875,511.23870849609375,535.3638305664062,14377,2024-05-01 00:23:00,2024-05-10 23:59:00
2024_10d训练_300d测试,train,iTransformer-small,SYG1_10MAA50CT131A,超高压缸蒸汽温度100%,℃,Y4_VHP缸体与内部蒸汽,0.9454895257949829,1.1791419984823028,0.9016052484512329,507.5570068359375,536.18701171875,507.5569763183594,536.18701171875,510.65325927734375,535.830322265625,14377,2024-05-01 00:23:00,2024-05-10 23:59:00
2024_10d训练_300d测试,test,ANN,SYG1_10MAA50CP101,超高压缸叶片级压力#1,MPa,Y1_VHP本体,0.9661567807197571,0.8001485790919673,0.5791053175926208,6.576000213623047,22.70800018310547,6.204999923706055,23.680999755859375,6.223226547241211,22.39171600341797,382580,2024-05-11 00:23:00,2025-03-06 23:59:00
2024_10d训练_300d测试,test,GRU-RNN,SYG1_10MAA50CP101,超高压缸叶片级压力#1,MPa,Y1_VHP本体,0.9908562898635864,0.41590749203881067,0.2564746141433716,6.576000213623047,22.70800018310547,6.204999923706055,23.680999755859375,5.535500526428223,22.84696388244629,382580,2024-05-11 00:23:00,2025-03-06 23:59:00
2024_10d训练_300d测试,test,TCN,SYG1_10MAA50CP101,超高压缸叶片级压力#1,MPa,Y1_VHP本体,0.9827516674995422,0.5712267197721255,0.4223979413509369,6.576000213623047,22.70800018310547,6.204999923706055,23.680999755859375,5.090814590454102,24.289548873901367,382580,2024-05-11 00:23:00,2025-03-06 23:59:00
2024_10d训练_300d测试,test,iTransformer-small,SYG1_10MAA50CP101,超高压缸叶片级压力#1,MPa,Y1_VHP本体,0.9882659316062927,0.47114951782618864,0.35378938913345337,6.576000213623047,22.70800018310547,6.204999923706055,23.680999755859375,4.958919525146484,22.559484481811523,382580,2024-05-11 00:23:00,2025-03-06 23:59:00
2024_10d训练_300d测试,test,ANN,SYG1_10MAA50CP102,超高压缸叶片级压力#2,MPa,Y1_VHP本体,0.9774861335754395,0.65247912344293,0.40819722414016724,6.5920000076293945,22.695999145507812,6.203000068664551,23.702999114990234,6.501974105834961,22.37342071533203,382580,2024-05-11 00:23:00,2025-03-06 23:59:00
2024_10d训练_300d测试,test,GRU-RNN,SYG1_10MAA50CP102,超高压缸叶片级压力#2,MPa,Y1_VHP本体,0.9911849498748779,0.40827616353010787,0.26231083273887634,6.5920000076293945,22.695999145507812,6.203000068664551,23.702999114990234,5.56178092956543,23.10303497314453,382580,2024-05-11 00:23:00,2025-03-06 23:59:00
2024_10d训练_300d测试,test,TCN,SYG1_10MAA50CP102,超高压缸叶片级压力#2,MPa,Y1_VHP本体,0.9859991073608398,0.5145406302469632,0.35001078248023987,6.5920000076293945,22.695999145507812,6.203000068664551,23.702999114990234,5.557712554931641,23.81910514831543,382580,2024-05-11 00:23:00,2025-03-06 23:59:00
2024_10d训练_300d测试,test,iTransformer-small,SYG1_10MAA50CP102,超高压缸叶片级压力#2,MPa,Y1_VHP本体,0.9876748323440552,0.4827672517430974,0.359798401594162,6.5920000076293945,22.695999145507812,6.203000068664551,23.702999114990234,4.692138671875,22.47795867919922,382580,2024-05-11 00:23:00,2025-03-06 23:59:00
2024_10d训练_300d测试,test,ANN,SYG1_10MAA50CP103,超高压缸叶片级压力#3,MPa,Y1_VHP本体,0.9742264747619629,0.6981048875812753,0.43152061104774475,6.578999996185303,22.695999145507812,6.223999977111816,23.67799949645996,6.465283393859863,22.360767364501953,382580,2024-05-11 00:23:00,2025-03-06 23:59:00
2024_10d训练_300d测试,test,GRU-RNN,SYG1_10MAA50CP103,超高压缸叶片级压力#3,MPa,Y1_VHP本体,0.9886571168899536,0.4631229413201706,0.296319842338562,6.578999996185303,22.695999145507812,6.223999977111816,23.67799949645996,4.900246620178223,23.723556518554688,382580,2024-05-11 00:23:00,2025-03-06 23:59:00
2024_10d训练_300d测试,test,TCN,SYG1_10MAA50CP103,超高压缸叶片级压力#3,MPa,Y1_VHP本体,0.980508029460907,0.6071020922078585,0.44214507937431335,6.578999996185303,22.695999145507812,6.223999977111816,23.67799949645996,6.205748558044434,24.599933624267578,382580,2024-05-11 00:23:00,2025-03-06 23:59:00
2024_10d训练_300d测试,test,iTransformer-small,SYG1_10MAA50CP103,超高压缸叶片级压力#3,MPa,Y1_VHP本体,0.9889450073242188,0.45720693683831065,0.34176886081695557,6.578999996185303,22.695999145507812,6.223999977111816,23.67799949645996,4.864741325378418,22.4222412109375,382580,2024-05-11 00:23:00,2025-03-06 23:59:00
2024_10d训练_300d测试,test,ANN,SYG1_10MAA50CT121A,超高压排汽蒸汽温度#1,℃,Y1_VHP本体,0.7892446517944336,2.3991705057056696,1.6844526529312134,395.4360046386719,424.8529968261719,341.2980041503906,440.5889892578125,401.3202819824219,420.8130187988281,382580,2024-05-11 00:23:00,2025-03-06 23:59:00
2024_10d训练_300d测试,test,GRU-RNN,SYG1_10MAA50CT121A,超高压排汽蒸汽温度#1,℃,Y1_VHP本体,0.8616844415664673,1.943601721599984,1.3247509002685547,395.4360046386719,424.8529968261719,341.2980041503906,440.5889892578125,396.7938232421875,424.81756591796875,382580,2024-05-11 00:23:00,2025-03-06 23:59:00
2024_10d训练_300d测试,test,TCN,SYG1_10MAA50CT121A,超高压排汽蒸汽温度#1,℃,Y1_VHP本体,0.8302968740463257,2.152864756587429,1.4935541152954102,395.4360046386719,424.8529968261719,341.2980041503906,440.5889892578125,398.0382995605469,424.37725830078125,382580,2024-05-11 00:23:00,2025-03-06 23:59:00
2024_10d训练_300d测试,test,iTransformer-small,SYG1_10MAA50CT121A,超高压排汽蒸汽温度#1,℃,Y1_VHP本体,0.7791637182235718,2.4558792688660103,1.7354047298431396,395.4360046386719,424.8529968261719,341.2980041503906,440.5889892578125,399.7624816894531,423.22515869140625,382580,2024-05-11 00:23:00,2025-03-06 23:59:00
2024_10d训练_300d测试,test,ANN,SYG1_10MAA50CT122A,超高压排汽蒸汽温度#2,℃,Y1_VHP本体,0.7150883674621582,2.7911736541707355,2.1157937049865723,392.343994140625,421.91900634765625,341.5460205078125,438.60400390625,400.3291015625,418.13409423828125,382580,2024-05-11 00:23:00,2025-03-06 23:59:00
2024_10d训练_300d测试,test,GRU-RNN,SYG1_10MAA50CT122A,超高压排汽蒸汽温度#2,℃,Y1_VHP本体,0.7911977767944336,2.389457367623083,1.8594800233840942,392.343994140625,421.91900634765625,341.5460205078125,438.60400390625,393.88385009765625,421.7457275390625,382580,2024-05-11 00:23:00,2025-03-06 23:59:00
2024_10d训练_300d测试,test,TCN,SYG1_10MAA50CT122A,超高压排汽蒸汽温度#2,℃,Y1_VHP本体,0.7440454959869385,2.6455325058256007,2.0553739070892334,392.343994140625,421.91900634765625,341.5460205078125,438.60400390625,395.2420349121094,421.3036193847656,382580,2024-05-11 00:23:00,2025-03-06 23:59:00
2024_10d训练_300d测试,test,iTransformer-small,SYG1_10MAA50CT122A,超高压排汽蒸汽温度#2,℃,Y1_VHP本体,0.6976751685142517,2.875203996138218,2.225233793258667,392.343994140625,421.91900634765625,341.5460205078125,438.60400390625,396.6629333496094,420.11328125,382580,2024-05-11 00:23:00,2025-03-06 23:59:00
2024_10d训练_300d测试,test,ANN,SYG1_10MAA50CT123A,超高压排汽蒸汽温度#3,℃,Y1_VHP本体,0.807783842086792,2.287419481371649,1.475002646446228,393.31500244140625,423.218994140625,340.6109924316406,438.48199462890625,401.1509704589844,418.8226623535156,382580,2024-05-11 00:23:00,2025-03-06 23:59:00
2024_10d训练_300d测试,test,GRU-RNN,SYG1_10MAA50CT123A,超高压排汽蒸汽温度#3,℃,Y1_VHP本体,0.8826219439506531,1.7874929548004668,1.1270480155944824,393.31500244140625,423.218994140625,340.6109924316406,438.48199462890625,395.51934814453125,422.26556396484375,382580,2024-05-11 00:23:00,2025-03-06 23:59:00
2024_10d训练_300d测试,test,TCN,SYG1_10MAA50CT123A,超高压排汽蒸汽温度#3,℃,Y1_VHP本体,0.8637993931770325,1.9254860177752076,1.2214255332946777,393.31500244140625,423.218994140625,340.6109924316406,438.48199462890625,396.1252136230469,422.71026611328125,382580,2024-05-11 00:23:00,2025-03-06 23:59:00
2024_10d训练_300d测试,test,iTransformer-small,SYG1_10MAA50CT123A,超高压排汽蒸汽温度#3,℃,Y1_VHP本体,0.8168731927871704,2.232681699836415,1.4795314073562622,393.31500244140625,423.218994140625,340.6109924316406,438.48199462890625,398.3525085449219,421.4142150878906,382580,2024-05-11 00:23:00,2025-03-06 23:59:00
2024_10d训练_300d测试,test,ANN,SYG1_10LBC01CP101,超高压缸A侧排汽垂直管压力,MPa,Y1_VHP本体,0.9490737318992615,0.4785132271842825,0.31327247619628906,3.177000045776367,10.899999618530273,2.86899995803833,11.416999816894531,2.6604175567626953,11.265097618103027,382580,2024-05-11 00:23:00,2025-03-06 23:59:00
2024_10d训练_300d测试,test,GRU-RNN,SYG1_10LBC01CP101,超高压缸A侧排汽垂直管压力,MPa,Y1_VHP本体,0.9897396564483643,0.2147849349232111,0.12782397866249084,3.177000045776367,10.899999618530273,2.86899995803833,11.416999816894531,2.644888401031494,11.13520622253418,382580,2024-05-11 00:23:00,2025-03-06 23:59:00
2024_10d训练_300d测试,test,TCN,SYG1_10LBC01CP101,超高压缸A侧排汽垂直管压力,MPa,Y1_VHP本体,0.9817426204681396,0.2865117268941786,0.18580180406570435,3.177000045776367,10.899999618530273,2.86899995803833,11.416999816894531,2.965085029602051,11.198503494262695,382580,2024-05-11 00:23:00,2025-03-06 23:59:00
2024_10d训练_300d测试,test,iTransformer-small,SYG1_10LBC01CP101,超高压缸A侧排汽垂直管压力,MPa,Y1_VHP本体,0.9901858568191528,0.21006286276252836,0.15220633149147034,3.177000045776367,10.899999618530273,2.86899995803833,11.416999816894531,2.368807792663574,10.872385025024414,382580,2024-05-11 00:23:00,2025-03-06 23:59:00
2024_10d训练_300d测试,test,ANN,SYG1_10LBC02CP101,超高压缸B侧排汽垂直管压力,MPa,Y1_VHP本体,0.9773481488227844,0.32155410362677594,0.20323294401168823,3.186000108718872,10.961000442504883,2.888000011444092,11.512999534606934,2.9648995399475098,11.18947696685791,382580,2024-05-11 00:23:00,2025-03-06 23:59:00
2024_10d训练_300d测试,test,GRU-RNN,SYG1_10LBC02CP101,超高压缸B侧排汽垂直管压力,MPa,Y1_VHP本体,0.987761914730072,0.2363520759867208,0.15541905164718628,3.186000108718872,10.961000442504883,2.888000011444092,11.512999534606934,2.5373401641845703,11.384140014648438,382580,2024-05-11 00:23:00,2025-03-06 23:59:00
2024_10d训练_300d测试,test,TCN,SYG1_10LBC02CP101,超高压缸B侧排汽垂直管压力,MPa,Y1_VHP本体,0.9825730919837952,0.2820411918134764,0.19580905139446259,3.186000108718872,10.961000442504883,2.888000011444092,11.512999534606934,2.584524154663086,11.195425033569336,382580,2024-05-11 00:23:00,2025-03-06 23:59:00
2024_10d训练_300d测试,test,iTransformer-small,SYG1_10LBC02CP101,超高压缸B侧排汽垂直管压力,MPa,Y1_VHP本体,0.9894178509712219,0.2197807330007885,0.15995486080646515,3.186000108718872,10.961000442504883,2.888000011444092,11.512999534606934,2.458804130554199,10.914851188659668,382580,2024-05-11 00:23:00,2025-03-06 23:59:00
2024_10d训练_300d测试,test,ANN,SYG1_10LBC01CT101,超高压缸A侧排汽垂直管温度,℃,Y1_VHP本体,0.8143014907836914,2.342191966677956,1.3769841194152832,393.3349914550781,426.0950012207031,343.1199951171875,443.8689880371094,401.6328430175781,421.8916015625,382580,2024-05-11 00:23:00,2025-03-06 23:59:00
2024_10d训练_300d测试,test,GRU-RNN,SYG1_10LBC01CT101,超高压缸A侧排汽垂直管温度,℃,Y1_VHP本体,0.8782475590705872,1.8965186323220637,1.0855944156646729,393.3349914550781,426.0950012207031,343.1199951171875,443.8689880371094,396.8471374511719,424.547119140625,382580,2024-05-11 00:23:00,2025-03-06 23:59:00
2024_10d训练_300d测试,test,TCN,SYG1_10LBC01CT101,超高压缸A侧排汽垂直管温度,℃,Y1_VHP本体,0.8415580987930298,2.1634817067045797,1.2383735179901123,393.3349914550781,426.0950012207031,343.1199951171875,443.8689880371094,397.68988037109375,423.8372802734375,382580,2024-05-11 00:23:00,2025-03-06 23:59:00
2024_10d训练_300d测试,test,iTransformer-small,SYG1_10LBC01CT101,超高压缸A侧排汽垂直管温度,℃,Y1_VHP本体,0.817996084690094,2.318775117229139,1.428353190422058,393.3349914550781,426.0950012207031,343.1199951171875,443.8689880371094,398.9225769042969,423.16900634765625,382580,2024-05-11 00:23:00,2025-03-06 23:59:00
2024_10d训练_300d测试,test,ANN,SYG1_10LBC02CT101,超高压缸B侧排汽垂直管温度,℃,Y1_VHP本体,0.820432186126709,2.3104477100906724,1.3768258094787598,396.32598876953125,429.21600341796875,345.79998779296875,445.7860107421875,404.17681884765625,424.1649169921875,382580,2024-05-11 00:23:00,2025-03-06 23:59:00
2024_10d训练_300d测试,test,GRU-RNN,SYG1_10LBC02CT101,超高压缸B侧排汽垂直管温度,℃,Y1_VHP本体,0.8879305124282837,1.8252633022423963,1.0963401794433594,396.32598876953125,429.21600341796875,345.79998779296875,445.7860107421875,400.1488037109375,427.924560546875,382580,2024-05-11 00:23:00,2025-03-06 23:59:00
2024_10d训练_300d测试,test,TCN,SYG1_10LBC02CT101,超高压缸B侧排汽垂直管温度,℃,Y1_VHP本体,0.8539098501205444,2.0839740785095917,1.223170280456543,396.32598876953125,429.21600341796875,345.79998779296875,445.7860107421875,400.87335205078125,427.323974609375,382580,2024-05-11 00:23:00,2025-03-06 23:59:00
2024_10d训练_300d测试,test,iTransformer-small,SYG1_10LBC02CT101,超高压缸B侧排汽垂直管温度,℃,Y1_VHP本体,0.8228360414505005,2.2949307056013617,1.4232884645462036,396.32598876953125,429.21600341796875,345.79998779296875,445.7860107421875,401.7842712402344,426.1975402832031,382580,2024-05-11 00:23:00,2025-03-06 23:59:00
2024_10d训练_300d测试,test,ANN,SYG1_10LBQ10CP101,一级抽汽口压力,MPa,Y2_一级抽汽接口,0.9718144536018372,0.3535017042422456,0.22460520267486572,3.1540000438690186,10.821000099182129,2.8379998207092285,11.335000038146973,2.969595432281494,11.005376815795898,382580,2024-05-11 00:23:00,2025-03-06 23:59:00
2024_10d训练_300d测试,test,GRU-RNN,SYG1_10LBQ10CP101,一级抽汽口压力,MPa,Y2_一级抽汽接口,0.9879314303398132,0.23131605957475274,0.1424768567085266,3.1540000438690186,10.821000099182129,2.8379998207092285,11.335000038146973,2.3913168907165527,11.121646881103516,382580,2024-05-11 00:23:00,2025-03-06 23:59:00
2024_10d训练_300d测试,test,TCN,SYG1_10LBQ10CP101,一级抽汽口压力,MPa,Y2_一级抽汽接口,0.983349621295929,0.27170042319459636,0.19050006568431854,3.1540000438690186,10.821000099182129,2.8379998207092285,11.335000038146973,2.840921401977539,11.169212341308594,382580,2024-05-11 00:23:00,2025-03-06 23:59:00
2024_10d训练_300d测试,test,iTransformer-small,SYG1_10LBQ10CP101,一级抽汽口压力,MPa,Y2_一级抽汽接口,0.989970326423645,0.21087363830526998,0.15447232127189636,3.1540000438690186,10.821000099182129,2.8379998207092285,11.335000038146973,2.349949359893799,10.801972389221191,382580,2024-05-11 00:23:00,2025-03-06 23:59:00
2024_10d训练_300d测试,test,ANN,SYG1_10LBQ10CT101A,一级抽汽口温度,℃,Y2_一级抽汽接口,0.8248928785324097,2.2346192339815136,1.3377723693847656,397.0320129394531,428.6619873046875,345.9840087890625,445.0549621582031,404.27044677734375,424.0476989746094,382580,2024-05-11 00:23:00,2025-03-06 23:59:00
2024_10d训练_300d测试,test,GRU-RNN,SYG1_10LBQ10CT101A,一级抽汽口温度,℃,Y2_一级抽汽接口,0.8860472440719604,1.8026613032615788,1.0435967445373535,397.0320129394531,428.6619873046875,345.9840087890625,445.0549621582031,400.71441650390625,427.29437255859375,382580,2024-05-11 00:23:00,2025-03-06 23:59:00
2024_10d训练_300d测试,test,TCN,SYG1_10LBQ10CT101A,一级抽汽口温度,℃,Y2_一级抽汽接口,0.8567212820053101,2.0213547522224484,1.1396498680114746,397.0320129394531,428.6619873046875,345.9840087890625,445.0549621582031,400.7859802246094,426.60662841796875,382580,2024-05-11 00:23:00,2025-03-06 23:59:00
2024_10d训练_300d测试,test,iTransformer-small,SYG1_10LBQ10CT101A,一级抽汽口温度,℃,Y2_一级抽汽接口,0.8261218667030334,2.2267637998368106,1.3521476984024048,397.0320129394531,428.6619873046875,345.9840087890625,445.0549621582031,401.8731384277344,425.501708984375,382580,2024-05-11 00:23:00,2025-03-06 23:59:00
2024_10d训练_300d测试,test,ANN,SYG1_10LBQ10CT102,一级抽汽逆止门前水平管管顶温度,℃,Y2_一级抽汽接口,0.7994479537010193,2.3667925514626194,1.4165756702423096,393.7590026855469,424.2510070800781,342.1619873046875,441.9620056152344,401.7445373535156,420.5972900390625,382580,2024-05-11 00:23:00,2025-03-06 23:59:00
2024_10d训练_300d测试,test,GRU-RNN,SYG1_10LBQ10CT102,一级抽汽逆止门前水平管管顶温度,℃,Y2_一级抽汽接口,0.8797637820243835,1.8325856230171311,1.0635592937469482,393.7590026855469,424.2510070800781,342.1619873046875,441.9620056152344,397.7470397949219,423.7341003417969,382580,2024-05-11 00:23:00,2025-03-06 23:59:00
2024_10d训练_300d测试,test,TCN,SYG1_10LBQ10CT102,一级抽汽逆止门前水平管管顶温度,℃,Y2_一级抽汽接口,0.8537455797195435,2.021161894945235,1.185020923614502,393.7590026855469,424.2510070800781,342.1619873046875,441.9620056152344,398.0638732910156,422.8224792480469,382580,2024-05-11 00:23:00,2025-03-06 23:59:00
2024_10d训练_300d测试,test,iTransformer-small,SYG1_10LBQ10CT102,一级抽汽逆止门前水平管管顶温度,℃,Y2_一级抽汽接口,0.8243290185928345,2.215116615239502,1.3664658069610596,393.7590026855469,424.2510070800781,342.1619873046875,441.9620056152344,398.7089538574219,422.1776428222656,382580,2024-05-11 00:23:00,2025-03-06 23:59:00
2024_10d训练_300d测试,test,ANN,SYG1_10LBQ10CT103,一级抽汽逆止门前水平管管底温度,℃,Y2_一级抽汽接口,0.7970473766326904,2.391936098489124,1.4641042947769165,394.44000244140625,425.1730041503906,343.18701171875,442.73797607421875,400.5810241699219,420.455078125,382580,2024-05-11 00:23:00,2025-03-06 23:59:00
2024_10d训练_300d测试,test,GRU-RNN,SYG1_10LBQ10CT103,一级抽汽逆止门前水平管管底温度,℃,Y2_一级抽汽接口,0.8728621602058411,1.8931700545522823,1.1240360736846924,394.44000244140625,425.1730041503906,343.18701171875,442.73797607421875,397.3878173828125,423.731689453125,382580,2024-05-11 00:23:00,2025-03-06 23:59:00
2024_10d训练_300d测试,test,TCN,SYG1_10LBQ10CT103,一级抽汽逆止门前水平管管底温度,℃,Y2_一级抽汽接口,0.8442203402519226,2.095596182761854,1.2192894220352173,394.44000244140625,425.1730041503906,343.18701171875,442.73797607421875,396.99725341796875,422.60009765625,382580,2024-05-11 00:23:00,2025-03-06 23:59:00
2024_10d训练_300d测试,test,iTransformer-small,SYG1_10LBQ10CT103,一级抽汽逆止门前水平管管底温度,℃,Y2_一级抽汽接口,0.816698431968689,2.2731881021253044,1.4183820486068726,394.44000244140625,425.1730041503906,343.18701171875,442.73797607421875,398.6732482910156,422.20611572265625,382580,2024-05-11 00:23:00,2025-03-06 23:59:00
2024_10d训练_300d测试,test,ANN,SYG1_10LBQ10CT104,一级抽汽逆止门后水平管管顶温度,℃,Y2_一级抽汽接口,0.7966025471687317,2.370028361702074,1.4411156177520752,394.3399963378906,423.6289978027344,342.60198974609375,442.1059875488281,401.107666015625,419.5072326660156,382580,2024-05-11 00:23:00,2025-03-06 23:59:00
2024_10d训练_300d测试,test,GRU-RNN,SYG1_10LBQ10CT104,一级抽汽逆止门后水平管管顶温度,℃,Y2_一级抽汽接口,0.8559417724609375,1.9945721883192156,1.1901682615280151,394.3399963378906,423.6289978027344,342.60198974609375,442.1059875488281,397.758544921875,422.8434143066406,382580,2024-05-11 00:23:00,2025-03-06 23:59:00
2024_10d训练_300d测试,test,TCN,SYG1_10LBQ10CT104,一级抽汽逆止门后水平管管顶温度,℃,Y2_一级抽汽接口,0.839131772518158,2.1077346640341017,1.23576819896698,394.3399963378906,423.6289978027344,342.60198974609375,442.1059875488281,397.90625,422.48028564453125,382580,2024-05-11 00:23:00,2025-03-06 23:59:00
2024_10d训练_300d测试,test,iTransformer-small,SYG1_10LBQ10CT104,一级抽汽逆止门后水平管管顶温度,℃,Y2_一级抽汽接口,0.80643630027771,2.3120260010613505,1.4513955116271973,394.3399963378906,423.6289978027344,342.60198974609375,442.1059875488281,398.60394287109375,421.7086181640625,382580,2024-05-11 00:23:00,2025-03-06 23:59:00
2024_10d训练_300d测试,test,ANN,SYG1_10LBQ10CT105,一级抽汽逆止门后水平管管底温度,℃,Y2_一级抽汽接口,0.8068798780441284,2.3313981160009907,1.4574650526046753,393.7149963378906,424.3070068359375,343.0409851074219,441.72900390625,400.0785217285156,420.092529296875,382580,2024-05-11 00:23:00,2025-03-06 23:59:00
2024_10d训练_300d测试,test,GRU-RNN,SYG1_10LBQ10CT105,一级抽汽逆止门后水平管管底温度,℃,Y2_一级抽汽接口,0.868934154510498,1.9206462746958515,1.1700044870376587,393.7149963378906,424.3070068359375,343.0409851074219,441.72900390625,397.01849365234375,423.3372802734375,382580,2024-05-11 00:23:00,2025-03-06 23:59:00
2024_10d训练_300d测试,test,TCN,SYG1_10LBQ10CT105,一级抽汽逆止门后水平管管底温度,℃,Y2_一级抽汽接口,0.8337422013282776,2.163185024360024,1.2884454727172852,393.7149963378906,424.3070068359375,343.0409851074219,441.72900390625,397.44561767578125,422.108154296875,382580,2024-05-11 00:23:00,2025-03-06 23:59:00
2024_10d训练_300d测试,test,iTransformer-small,SYG1_10LBQ10CT105,一级抽汽逆止门后水平管管底温度,℃,Y2_一级抽汽接口,0.8105648159980774,2.3090482157963517,1.4579280614852905,393.7149963378906,424.3070068359375,343.0409851074219,441.72900390625,398.12982177734375,421.7037353515625,382580,2024-05-11 00:23:00,2025-03-06 23:59:00
2024_10d训练_300d测试,test,ANN,SYG1_10LBQ10CP102,1号高加入口抽汽压力,MPa,Y2_一级抽汽接口,0.9715096950531006,0.3463557274384097,0.22833150625228882,3.194000005722046,10.63700008392334,2.9200000762939453,11.164999961853027,3.036007881164551,10.669392585754395,382580,2024-05-11 00:23:00,2025-03-06 23:59:00
2024_10d训练_300d测试,test,GRU-RNN,SYG1_10LBQ10CP102,1号高加入口抽汽压力,MPa,Y2_一级抽汽接口,0.9899546504020691,0.20566273876318453,0.13011503219604492,3.194000005722046,10.63700008392334,2.9200000762939453,11.164999961853027,2.7117443084716797,11.118776321411133,382580,2024-05-11 00:23:00,2025-03-06 23:59:00
2024_10d训练_300d测试,test,TCN,SYG1_10LBQ10CP102,1号高加入口抽汽压力,MPa,Y2_一级抽汽接口,0.9882031083106995,0.2228730802319612,0.149820938706398,3.194000005722046,10.63700008392334,2.9200000762939453,11.164999961853027,2.8714447021484375,10.893386840820312,382580,2024-05-11 00:23:00,2025-03-06 23:59:00
2024_10d训练_300d测试,test,iTransformer-small,SYG1_10LBQ10CP102,1号高加入口抽汽压力,MPa,Y2_一级抽汽接口,0.9898544549942017,0.2066861100785983,0.1547878533601761,3.194000005722046,10.63700008392334,2.9200000762939453,11.164999961853027,2.5282344818115234,10.706108093261719,382580,2024-05-11 00:23:00,2025-03-06 23:59:00
2024_10d训练_300d测试,test,ANN,SYG1_10LBQ10CT106,1号高加入口抽汽温度,℃,Y2_一级抽汽接口,0.792975664138794,2.3685426767251854,1.4199109077453613,394.4849853515625,423.8179931640625,342.0159912109375,440.9530029296875,401.9013977050781,420.58935546875,382580,2024-05-11 00:23:00,2025-03-06 23:59:00
2024_10d训练_300d测试,test,GRU-RNN,SYG1_10LBQ10CT106,1号高加入口抽汽温度,℃,Y2_一级抽汽接口,0.877810001373291,1.8196517334452418,1.0643789768218994,394.4849853515625,423.8179931640625,342.0159912109375,440.9530029296875,397.2370910644531,422.6743469238281,382580,2024-05-11 00:23:00,2025-03-06 23:59:00
2024_10d训练_300d测试,test,TCN,SYG1_10LBQ10CT106,1号高加入口抽汽温度,℃,Y2_一级抽汽接口,0.8512255549430847,2.0078655785101667,1.1511322259902954,394.4849853515625,423.8179931640625,342.0159912109375,440.9530029296875,397.9770812988281,422.8685302734375,382580,2024-05-11 00:23:00,2025-03-06 23:59:00
2024_10d训练_300d测试,test,iTransformer-small,SYG1_10LBQ10CT106,1号高加入口抽汽温度,℃,Y2_一级抽汽接口,0.8223723769187927,2.1939450821171316,1.355584740638733,394.4849853515625,423.8179931640625,342.0159912109375,440.9530029296875,398.9543762207031,421.9267883300781,382580,2024-05-11 00:23:00,2025-03-06 23:59:00
2024_10d训练_300d测试,test,ANN,SYG1_10LBC20CT101,一次低温再热逆止阀前母管管底温度,℃,Y3_VHP至RH1接口,0.7992915511131287,2.387187805535309,1.490327000617981,395.90301513671875,426.6289978027344,343.322998046875,443.4700012207031,403.15576171875,422.470458984375,382580,2024-05-11 00:23:00,2025-03-06 23:59:00
2024_10d训练_300d测试,test,GRU-RNN,SYG1_10LBC20CT101,一次低温再热逆止阀前母管管底温度,℃,Y3_VHP至RH1接口,0.8719131350517273,1.907023726233206,1.1265126466751099,395.90301513671875,426.6289978027344,343.322998046875,443.4700012207031,399.5394592285156,425.0847473144531,382580,2024-05-11 00:23:00,2025-03-06 23:59:00
2024_10d训练_300d测试,test,TCN,SYG1_10LBC20CT101,一次低温再热逆止阀前母管管底温度,℃,Y3_VHP至RH1接口,0.8420385122299194,2.11777299618701,1.280176043510437,395.90301513671875,426.6289978027344,343.322998046875,443.4700012207031,399.9352111816406,425.0023193359375,382580,2024-05-11 00:23:00,2025-03-06 23:59:00
2024_10d训练_300d测试,test,iTransformer-small,SYG1_10LBC20CT101,一次低温再热逆止阀前母管管底温度,℃,Y3_VHP至RH1接口,0.8178499341011047,2.274146425020355,1.4190518856048584,395.90301513671875,426.6289978027344,343.322998046875,443.4700012207031,400.6481628417969,424.2835998535156,382580,2024-05-11 00:23:00,2025-03-06 23:59:00
2024_10d训练_300d测试,test,ANN,SYG1_10LBC20CT103,一次低温再热逆止阀后水平管管顶温度,℃,Y3_VHP至RH1接口,0.7966098785400391,2.4020314083348695,1.4304310083389282,395.177001953125,426.0950012207031,343.322998046875,442.6050109863281,402.802978515625,421.75799560546875,382580,2024-05-11 00:23:00,2025-03-06 23:59:00
2024_10d训练_300d测试,test,GRU-RNN,SYG1_10LBC20CT103,一次低温再热逆止阀后水平管管顶温度,℃,Y3_VHP至RH1接口,0.8737083077430725,1.8927844617107497,1.0664194822311401,395.177001953125,426.0950012207031,343.322998046875,442.6050109863281,398.44378662109375,423.92578125,382580,2024-05-11 00:23:00,2025-03-06 23:59:00
2024_10d训练_300d测试,test,TCN,SYG1_10LBC20CT103,一次低温再热逆止阀后水平管管顶温度,℃,Y3_VHP至RH1接口,0.8482234477996826,2.0749903391417845,1.1858998537063599,395.177001953125,426.0950012207031,343.322998046875,442.6050109863281,399.2095031738281,424.44903564453125,382580,2024-05-11 00:23:00,2025-03-06 23:59:00
2024_10d训练_300d测试,test,iTransformer-small,SYG1_10LBC20CT103,一次低温再热逆止阀后水平管管顶温度,℃,Y3_VHP至RH1接口,0.8225511312484741,2.2436255120301207,1.3685945272445679,395.177001953125,426.0950012207031,343.322998046875,442.6050109863281,399.8194274902344,423.4002380371094,382580,2024-05-11 00:23:00,2025-03-06 23:59:00
2024_10d训练_300d测试,test,ANN,SYG1_10LBC20CT104,一次低温再热逆止阀后水平管管底温度,℃,Y3_VHP至RH1接口,0.789837121963501,2.4057105314253295,1.4469331502914429,398.5469970703125,427.8169860839844,346.3290100097656,445.2309875488281,405.40484619140625,423.7479248046875,382580,2024-05-11 00:23:00,2025-03-06 23:59:00
2024_10d训练_300d测试,test,GRU-RNN,SYG1_10LBC20CT104,一次低温再热逆止阀后水平管管底温度,℃,Y3_VHP至RH1接口,0.8774809241294861,1.8368225561587925,1.0311177968978882,398.5469970703125,427.8169860839844,346.3290100097656,445.2309875488281,402.8153991699219,427.1643371582031,382580,2024-05-11 00:23:00,2025-03-06 23:59:00
2024_10d训练_300d测试,test,TCN,SYG1_10LBC20CT104,一次低温再热逆止阀后水平管管底温度,℃,Y3_VHP至RH1接口,0.8481069207191467,2.0451932798045793,1.1343958377838135,398.5469970703125,427.8169860839844,346.3290100097656,445.2309875488281,402.33306884765625,426.8030090332031,382580,2024-05-11 00:23:00,2025-03-06 23:59:00
2024_10d训练_300d测试,test,iTransformer-small,SYG1_10LBC20CT104,一次低温再热逆止阀后水平管管底温度,℃,Y3_VHP至RH1接口,0.8314764499664307,2.154247625761571,1.296021580696106,398.5469970703125,427.8169860839844,346.3290100097656,445.2309875488281,402.7337646484375,425.90167236328125,382580,2024-05-11 00:23:00,2025-03-06 23:59:00
2024_10d训练_300d测试,test,ANN,SYG1_10MAA50CT111A,超高压内缸壁温90%处#1,℃,Y4_VHP缸体与内部蒸汽,0.6892362833023071,3.363032421517264,2.5758652687072754,550.593994140625,587.0819702148438,493.9439697265625,599.052001953125,559.0191040039062,580.384033203125,382580,2024-05-11 00:23:00,2025-03-06 23:59:00
2024_10d训练_300d测试,test,GRU-RNN,SYG1_10MAA50CT111A,超高压内缸壁温90%处#1,℃,Y4_VHP缸体与内部蒸汽,0.7372335195541382,3.0924371573277742,2.477961540222168,550.593994140625,587.0819702148438,493.9439697265625,599.052001953125,552.5856323242188,583.4547119140625,382580,2024-05-11 00:23:00,2025-03-06 23:59:00
2024_10d训练_300d测试,test,TCN,SYG1_10MAA50CT111A,超高压内缸壁温90%处#1,℃,Y4_VHP缸体与内部蒸汽,0.7498936653137207,3.017020263462213,2.3458263874053955,550.593994140625,587.0819702148438,493.9439697265625,599.052001953125,553.4840698242188,585.639404296875,382580,2024-05-11 00:23:00,2025-03-06 23:59:00
2024_10d训练_300d测试,test,iTransformer-small,SYG1_10MAA50CT111A,超高压内缸壁温90%处#1,℃,Y4_VHP缸体与内部蒸汽,0.7317137122154236,3.1247489828383834,2.401582956314087,550.593994140625,587.0819702148438,493.9439697265625,599.052001953125,553.5364379882812,581.7371215820312,382580,2024-05-11 00:23:00,2025-03-06 23:59:00
2024_10d训练_300d测试,test,ANN,SYG1_10MAA50CT112A,超高压内缸壁温90%处#2,℃,Y4_VHP缸体与内部蒸汽,0.8756799697875977,2.2945887806803893,1.453346848487854,559.0910034179688,598.9310302734375,497.6269836425781,610.7780151367188,568.0647583007812,594.9057006835938,382580,2024-05-11 00:23:00,2025-03-06 23:59:00
2024_10d训练_300d测试,test,GRU-RNN,SYG1_10MAA50CT112A,超高压内缸壁温90%处#2,℃,Y4_VHP缸体与内部蒸汽,0.9357903599739075,1.6490527988861983,0.8707703351974487,559.0910034179688,598.9310302734375,497.6269836425781,610.7780151367188,564.1228637695312,599.302978515625,382580,2024-05-11 00:23:00,2025-03-06 23:59:00
2024_10d训练_300d测试,test,TCN,SYG1_10MAA50CT112A,超高压内缸壁温90%处#2,℃,Y4_VHP缸体与内部蒸汽,0.8964419960975647,2.0942390212424375,1.3124783039093018,559.0910034179688,598.9310302734375,497.6269836425781,610.7780151367188,564.1342163085938,596.6598510742188,382580,2024-05-11 00:23:00,2025-03-06 23:59:00
2024_10d训练_300d测试,test,iTransformer-small,SYG1_10MAA50CT112A,超高压内缸壁温90%处#2,℃,Y4_VHP缸体与内部蒸汽,0.8971349596977234,2.0872201012368294,1.447869062423706,559.0910034179688,598.9310302734375,497.6269836425781,610.7780151367188,563.4380493164062,597.0752563476562,382580,2024-05-11 00:23:00,2025-03-06 23:59:00
2024_10d训练_300d测试,test,ANN,SYG1_10MAA50CT131A,超高压缸蒸汽温度100%,℃,Y4_VHP缸体与内部蒸汽,0.7408941984176636,2.984892795241476,1.8291124105453491,507.5570068359375,536.18701171875,414.44598388671875,547.072021484375,513.2593994140625,534.1732177734375,382580,2024-05-11 00:23:00,2025-03-06 23:59:00
2024_10d训练_300d测试,test,GRU-RNN,SYG1_10MAA50CT131A,超高压缸蒸汽温度100%,℃,Y4_VHP缸体与内部蒸汽,0.832625150680542,2.39902789773816,1.1432771682739258,507.5570068359375,536.18701171875,414.44598388671875,547.072021484375,510.9761657714844,535.77001953125,382580,2024-05-11 00:23:00,2025-03-06 23:59:00
2024_10d训练_300d测试,test,TCN,SYG1_10MAA50CT131A,超高压缸蒸汽温度100%,℃,Y4_VHP缸体与内部蒸汽,0.8281000852584839,2.4312406525027668,1.2864198684692383,507.5570068359375,536.18701171875,414.44598388671875,547.072021484375,510.46044921875,536.1588134765625,382580,2024-05-11 00:23:00,2025-03-06 23:59:00
2024_10d训练_300d测试,test,iTransformer-small,SYG1_10MAA50CT131A,超高压缸蒸汽温度100%,℃,Y4_VHP缸体与内部蒸汽,0.831183671951294,2.4093359443081823,1.380550503730774,507.5570068359375,536.18701171875,414.44598388671875,547.072021484375,508.7648010253906,536.7530517578125,382580,2024-05-11 00:23:00,2025-03-06 23:59:00
2025_10d训练_100d测试,train,ANN,SYG1_10MAA50CP101,超高压缸叶片级压力#1,MPa,Y1_VHP本体,0.9830054640769958,0.4661091322986948,0.3396390676498413,7.040862560272217,23.186185836791992,7.040862083435059,23.186185836791992,7.82051944732666,22.924013137817383,13951,2025-08-01 00:23:00,2025-08-10 23:59:00
2025_10d训练_100d测试,train,GRU-RNN,SYG1_10MAA50CP101,超高压缸叶片级压力#1,MPa,Y1_VHP本体,0.9969263076782227,0.1982279805321486,0.13823330402374268,7.040862560272217,23.186185836791992,7.040862083435059,23.186185836791992,7.019951820373535,23.462858200073242,13951,2025-08-01 00:23:00,2025-08-10 23:59:00
2025_10d训练_100d测试,train,TCN,SYG1_10MAA50CP101,超高压缸叶片级压力#1,MPa,Y1_VHP本体,0.991766631603241,0.3244307066467623,0.2341732233762741,7.040862560272217,23.186185836791992,7.040862083435059,23.186185836791992,7.141161918640137,23.245878219604492,13951,2025-08-01 00:23:00,2025-08-10 23:59:00
2025_10d训练_100d测试,train,iTransformer-small,SYG1_10MAA50CP101,超高压缸叶片级压力#1,MPa,Y1_VHP本体,0.9922895431518555,0.313958887307721,0.2317388355731964,7.040862560272217,23.186185836791992,7.040862083435059,23.186185836791992,6.4733171463012695,22.808332443237305,13951,2025-08-01 00:23:00,2025-08-10 23:59:00
2025_10d训练_100d测试,train,ANN,SYG1_10MAA50CP102,超高压缸叶片级压力#2,MPa,Y1_VHP本体,0.9936790466308594,0.284162212765283,0.18962307274341583,7.03857421875,23.193052291870117,7.03857421875,23.193052291870117,6.993324279785156,22.748394012451172,13951,2025-08-01 00:23:00,2025-08-10 23:59:00
2025_10d训练_100d测试,train,GRU-RNN,SYG1_10MAA50CP102,超高压缸叶片级压力#2,MPa,Y1_VHP本体,0.9962168335914612,0.21983813526057225,0.15703031420707703,7.03857421875,23.193052291870117,7.03857421875,23.193052291870117,7.010952949523926,23.316749572753906,13951,2025-08-01 00:23:00,2025-08-10 23:59:00
2025_10d训练_100d测试,train,TCN,SYG1_10MAA50CP102,超高压缸叶片级压力#2,MPa,Y1_VHP本体,0.9926535487174988,0.30634726322770256,0.2272908091545105,7.03857421875,23.193052291870117,7.03857421875,23.193052291870117,6.687548637390137,22.861923217773438,13951,2025-08-01 00:23:00,2025-08-10 23:59:00
2025_10d训练_100d测试,train,iTransformer-small,SYG1_10MAA50CP102,超高压缸叶片级压力#2,MPa,Y1_VHP本体,0.9927056431770325,0.3052602910330804,0.22310729324817657,7.03857421875,23.193052291870117,7.03857421875,23.193052291870117,6.45833683013916,22.862380981445312,13951,2025-08-01 00:23:00,2025-08-10 23:59:00
2025_10d训练_100d测试,train,ANN,SYG1_10MAA50CP103,超高压缸叶片级压力#3,MPa,Y1_VHP本体,0.9929882884025574,0.2992730288165553,0.20279277861118317,7.043151378631592,23.179319381713867,7.04315185546875,23.1793212890625,7.207886695861816,22.815853118896484,13951,2025-08-01 00:23:00,2025-08-10 23:59:00
2025_10d训练_100d测试,train,GRU-RNN,SYG1_10MAA50CP103,超高压缸叶片级压力#3,MPa,Y1_VHP本体,0.9958687424659729,0.22971852281185826,0.16096676886081696,7.043151378631592,23.179319381713867,7.04315185546875,23.1793212890625,7.051692008972168,23.974966049194336,13951,2025-08-01 00:23:00,2025-08-10 23:59:00
2025_10d训练_100d测试,train,TCN,SYG1_10MAA50CP103,超高压缸叶片级压力#3,MPa,Y1_VHP本体,0.9901118874549866,0.3553961585405056,0.2638278305530548,7.043151378631592,23.179319381713867,7.04315185546875,23.1793212890625,7.728582382202148,23.12796401977539,13951,2025-08-01 00:23:00,2025-08-10 23:59:00
2025_10d训练_100d测试,train,iTransformer-small,SYG1_10MAA50CP103,超高压缸叶片级压力#3,MPa,Y1_VHP本体,0.9930527806282043,0.2978934461818697,0.21792830526828766,7.043151378631592,23.179319381713867,7.04315185546875,23.1793212890625,6.548255920410156,22.790739059448242,13951,2025-08-01 00:23:00,2025-08-10 23:59:00
2025_10d训练_100d测试,train,ANN,SYG1_10MAA50CT121A,超高压排汽蒸汽温度#1,℃,Y1_VHP本体,0.9106764197349548,1.2843603667008021,0.9938845634460449,399.4964904785156,435.0658874511719,399.4964904785156,435.0658874511719,405.3460693359375,430.24267578125,13951,2025-08-01 00:23:00,2025-08-10 23:59:00
2025_10d训练_100d测试,train,GRU-RNN,SYG1_10MAA50CT121A,超高压排汽蒸汽温度#1,℃,Y1_VHP本体,0.9416437745094299,1.0381198134686038,0.7988484501838684,399.4964904785156,435.0658874511719,399.4964904785156,435.0658874511719,402.0155029296875,433.5043029785156,13951,2025-08-01 00:23:00,2025-08-10 23:59:00
2025_10d训练_100d测试,train,TCN,SYG1_10MAA50CT121A,超高压排汽蒸汽温度#1,℃,Y1_VHP本体,0.920752763748169,1.209750572064133,0.9316839575767517,399.4964904785156,435.0658874511719,399.4964904785156,435.0658874511719,402.9327392578125,432.5161437988281,13951,2025-08-01 00:23:00,2025-08-10 23:59:00
2025_10d训练_100d测试,train,iTransformer-small,SYG1_10MAA50CT121A,超高压排汽蒸汽温度#1,℃,Y1_VHP本体,0.8933781385421753,1.4032239781326417,1.0936858654022217,399.4964904785156,435.0658874511719,399.4964904785156,435.0658874511719,402.061767578125,433.37109375,13951,2025-08-01 00:23:00,2025-08-10 23:59:00
2025_10d训练_100d测试,train,ANN,SYG1_10MAA50CT122A,超高压排汽蒸汽温度#2,℃,Y1_VHP本体,0.9054868221282959,1.3147068090632612,1.0071793794631958,397.43304443359375,433.4461364746094,397.43304443359375,433.4461364746094,404.30340576171875,427.7467956542969,13951,2025-08-01 00:23:00,2025-08-10 23:59:00
2025_10d训练_100d测试,train,GRU-RNN,SYG1_10MAA50CT122A,超高压排汽蒸汽温度#2,℃,Y1_VHP本体,0.9377323389053345,1.0671219432796415,0.8215504884719849,397.43304443359375,433.4461364746094,397.43304443359375,433.4461364746094,400.2402038574219,431.4367370605469,13951,2025-08-01 00:23:00,2025-08-10 23:59:00
2025_10d训练_100d测试,train,TCN,SYG1_10MAA50CT122A,超高压排汽蒸汽温度#2,℃,Y1_VHP本体,0.9106104969978333,1.278574126408951,0.9879433512687683,397.43304443359375,433.4461364746094,397.43304443359375,433.4461364746094,401.8626403808594,430.35003662109375,13951,2025-08-01 00:23:00,2025-08-10 23:59:00
2025_10d训练_100d测试,train,iTransformer-small,SYG1_10MAA50CT122A,超高压排汽蒸汽温度#2,℃,Y1_VHP本体,0.8919031620025635,1.4060123666677966,1.0934531688690186,397.43304443359375,433.4461364746094,397.43304443359375,433.4461364746094,400.299560546875,431.50274658203125,13951,2025-08-01 00:23:00,2025-08-10 23:59:00
2025_10d训练_100d测试,train,ANN,SYG1_10MAA50CT123A,超高压排汽蒸汽温度#3,℃,Y1_VHP本体,0.8931965231895447,1.4015592543140198,1.0824023485183716,397.0870666503906,432.2364807128906,397.08709716796875,432.23651123046875,402.796875,425.46539306640625,13951,2025-08-01 00:23:00,2025-08-10 23:59:00
2025_10d训练_100d测试,train,GRU-RNN,SYG1_10MAA50CT123A,超高压排汽蒸汽温度#3,℃,Y1_VHP本体,0.9365143179893494,1.0805792034234305,0.8309530019760132,397.0870666503906,432.2364807128906,397.08709716796875,432.23651123046875,399.77520751953125,430.56890869140625,13951,2025-08-01 00:23:00,2025-08-10 23:59:00
2025_10d训练_100d测试,train,TCN,SYG1_10MAA50CT123A,超高压排汽蒸汽温度#3,℃,Y1_VHP本体,0.9163525104522705,1.2403525949438472,0.9588056206703186,397.0870666503906,432.2364807128906,397.08709716796875,432.23651123046875,400.3988037109375,429.9453430175781,13951,2025-08-01 00:23:00,2025-08-10 23:59:00
2025_10d训练_100d测试,train,iTransformer-small,SYG1_10MAA50CT123A,超高压排汽蒸汽温度#3,℃,Y1_VHP本体,0.8901402354240417,1.4214713393470884,1.1103633642196655,397.0870666503906,432.2364807128906,397.08709716796875,432.23651123046875,399.4100646972656,430.80340576171875,13951,2025-08-01 00:23:00,2025-08-10 23:59:00
2025_10d训练_100d测试,train,ANN,SYG1_10LBC01CP101,超高压缸A侧排汽垂直管压力,MPa,Y1_VHP本体,0.9806439280509949,0.24500658952113358,0.16334472596645355,3.375091314315796,11.254348754882812,3.375091075897217,11.254348754882812,3.6021199226379395,11.31477165222168,13951,2025-08-01 00:23:00,2025-08-10 23:59:00
2025_10d训练_100d测试,train,GRU-RNN,SYG1_10LBC01CP101,超高压缸A侧排汽垂直管压力,MPa,Y1_VHP本体,0.9968029856681824,0.09957318490016828,0.07304580509662628,3.375091314315796,11.254348754882812,3.375091075897217,11.254348754882812,3.3690757751464844,11.4376859664917,13951,2025-08-01 00:23:00,2025-08-10 23:59:00
2025_10d训练_100d测试,train,TCN,SYG1_10LBC01CP101,超高压缸A侧排汽垂直管压力,MPa,Y1_VHP本体,0.9933011531829834,0.14413471855943247,0.10482336580753326,3.375091314315796,11.254348754882812,3.375091075897217,11.254348754882812,3.258723735809326,11.37962818145752,13951,2025-08-01 00:23:00,2025-08-10 23:59:00
2025_10d训练_100d测试,train,iTransformer-small,SYG1_10LBC01CP101,超高压缸A侧排汽垂直管压力,MPa,Y1_VHP本体,0.993428647518158,0.14275690523129736,0.1079731360077858,3.375091314315796,11.254348754882812,3.375091075897217,11.254348754882812,3.0723776817321777,11.123626708984375,13951,2025-08-01 00:23:00,2025-08-10 23:59:00
2025_10d训练_100d测试,train,ANN,SYG1_10LBC02CP101,超高压缸B侧排汽垂直管压力,MPa,Y1_VHP本体,0.991642951965332,0.16238829161407206,0.11453177034854889,3.402557373046875,11.343612670898438,3.402557373046875,11.343612670898438,3.0611424446105957,11.262809753417969,13951,2025-08-01 00:23:00,2025-08-10 23:59:00
2025_10d训练_100d测试,train,GRU-RNN,SYG1_10LBC02CP101,超高压缸B侧排汽垂直管压力,MPa,Y1_VHP本体,0.9961876273155212,0.10967913984298788,0.0808117613196373,3.402557373046875,11.343612670898438,3.402557373046875,11.343612670898438,3.380187511444092,11.264080047607422,13951,2025-08-01 00:23:00,2025-08-10 23:59:00
2025_10d训练_100d测试,train,TCN,SYG1_10LBC02CP101,超高压缸B侧排汽垂直管压力,MPa,Y1_VHP本体,0.9920227527618408,0.15865539729114797,0.1164999008178711,3.402557373046875,11.343612670898438,3.402557373046875,11.343612670898438,3.3130640983581543,11.337867736816406,13951,2025-08-01 00:23:00,2025-08-10 23:59:00
2025_10d训练_100d测试,train,iTransformer-small,SYG1_10LBC02CP101,超高压缸B侧排汽垂直管压力,MPa,Y1_VHP本体,0.9935178756713867,0.14301690426736427,0.10779782384634018,3.402557373046875,11.343612670898438,3.402557373046875,11.343612670898438,3.1319069862365723,11.28467845916748,13951,2025-08-01 00:23:00,2025-08-10 23:59:00
2025_10d训练_100d测试,train,ANN,SYG1_10LBC01CT101,超高压缸A侧排汽垂直管温度,℃,Y1_VHP本体,0.9025781154632568,1.4964917004753735,1.116508960723877,397.30804443359375,439.3348693847656,397.30804443359375,439.3348693847656,404.071044921875,430.871826171875,13951,2025-08-01 00:23:00,2025-08-10 23:59:00
2025_10d训练_100d测试,train,GRU-RNN,SYG1_10LBC01CT101,超高压缸A侧排汽垂直管温度,℃,Y1_VHP本体,0.9735084176063538,0.7803688420681052,0.5758388042449951,397.30804443359375,439.3348693847656,397.30804443359375,439.3348693847656,400.1214904785156,436.0783386230469,13951,2025-08-01 00:23:00,2025-08-10 23:59:00
2025_10d训练_100d测试,train,TCN,SYG1_10LBC01CT101,超高压缸A侧排汽垂直管温度,℃,Y1_VHP本体,0.958408772945404,0.9777929869887377,0.7323775887489319,397.30804443359375,439.3348693847656,397.30804443359375,439.3348693847656,401.14337158203125,434.6620788574219,13951,2025-08-01 00:23:00,2025-08-10 23:59:00
2025_10d训练_100d测试,train,iTransformer-small,SYG1_10LBC01CT101,超高压缸A侧排汽垂直管温度,℃,Y1_VHP本体,0.9404516220092773,1.1699866784796416,0.8871328830718994,397.30804443359375,439.3348693847656,397.30804443359375,439.3348693847656,399.9583435058594,433.92352294921875,13951,2025-08-01 00:23:00,2025-08-10 23:59:00
2025_10d训练_100d测试,train,ANN,SYG1_10LBC02CT101,超高压缸B侧排汽垂直管温度,℃,Y1_VHP本体,0.9089480638504028,1.450650148317547,1.0565845966339111,401.0221252441406,441.87353515625,401.0221252441406,441.87353515625,406.5110778808594,433.4818115234375,13951,2025-08-01 00:23:00,2025-08-10 23:59:00
2025_10d训练_100d测试,train,GRU-RNN,SYG1_10LBC02CT101,超高压缸B侧排汽垂直管温度,℃,Y1_VHP本体,0.9758651256561279,0.7468618862644827,0.5564271807670593,401.0221252441406,441.87353515625,401.0221252441406,441.87353515625,403.1883850097656,439.2823181152344,13951,2025-08-01 00:23:00,2025-08-10 23:59:00
2025_10d训练_100d测试,train,TCN,SYG1_10LBC02CT101,超高压缸B侧排汽垂直管温度,℃,Y1_VHP本体,0.9606204628944397,0.9540107551084418,0.7145025730133057,401.0221252441406,441.87353515625,401.0221252441406,441.87353515625,404.0528564453125,437.74163818359375,13951,2025-08-01 00:23:00,2025-08-10 23:59:00
2025_10d训练_100d测试,train,iTransformer-small,SYG1_10LBC02CT101,超高压缸B侧排汽垂直管温度,℃,Y1_VHP本体,0.9444414973258972,1.1331652388079543,0.8650838732719421,401.0221252441406,441.87353515625,401.0221252441406,441.87353515625,402.4346618652344,436.5927429199219,13951,2025-08-01 00:23:00,2025-08-10 23:59:00
2025_10d训练_100d测试,train,ANN,SYG1_10LBQ10CP101,一级抽汽口压力,MPa,Y2_一级抽汽接口,0.9920228719711304,0.15615709045906156,0.11809288710355759,3.355590581893921,11.17877197265625,3.355590343475342,11.17877197265625,3.199051856994629,11.153976440429688,13951,2025-08-01 00:23:00,2025-08-10 23:59:00
2025_10d训练_100d测试,train,GRU-RNN,SYG1_10LBQ10CP101,一级抽汽口压力,MPa,Y2_一级抽汽接口,0.9963296055793762,0.10592373970991271,0.0783853605389595,3.355590581893921,11.17877197265625,3.355590343475342,11.17877197265625,3.2963619232177734,11.503032684326172,13951,2025-08-01 00:23:00,2025-08-10 23:59:00
2025_10d训练_100d测试,train,TCN,SYG1_10LBQ10CP101,一级抽汽口压力,MPa,Y2_一级抽汽接口,0.9937297105789185,0.13844692090531,0.10258755832910538,3.355590581893921,11.17877197265625,3.355590343475342,11.17877197265625,3.4006333351135254,11.115852355957031,13951,2025-08-01 00:23:00,2025-08-10 23:59:00
2025_10d训练_100d测试,train,iTransformer-small,SYG1_10LBQ10CP101,一级抽汽口压力,MPa,Y2_一级抽汽接口,0.993269681930542,0.1434353182923857,0.10814525187015533,3.355590581893921,11.17877197265625,3.355590343475342,11.17877197265625,3.1046199798583984,11.064013481140137,13951,2025-08-01 00:23:00,2025-08-10 23:59:00
2025_10d训练_100d测试,train,ANN,SYG1_10LBQ10CT101A,一级抽汽口温度,℃,Y2_一级抽汽接口,0.9216902256011963,1.3125781989643919,0.9697306752204895,400.3775939941406,440.5112609863281,400.3775939941406,440.5112609863281,406.64324951171875,433.1458435058594,13951,2025-08-01 00:23:00,2025-08-10 23:59:00
2025_10d训练_100d测试,train,GRU-RNN,SYG1_10LBQ10CT101A,一级抽汽口温度,℃,Y2_一级抽汽接口,0.976816713809967,0.7141749687854748,0.5199271440505981,400.3775939941406,440.5112609863281,400.3775939941406,440.5112609863281,402.96343994140625,438.01470947265625,13951,2025-08-01 00:23:00,2025-08-10 23:59:00
2025_10d训练_100d测试,train,TCN,SYG1_10LBQ10CT101A,一级抽汽口温度,℃,Y2_一级抽汽接口,0.9645350575447083,0.8833171111242732,0.6578163504600525,400.3775939941406,440.5112609863281,400.3775939941406,440.5112609863281,403.0982360839844,436.4579772949219,13951,2025-08-01 00:23:00,2025-08-10 23:59:00
2025_10d训练_100d测试,train,iTransformer-small,SYG1_10LBQ10CT101A,一级抽汽口温度,℃,Y2_一级抽汽接口,0.9459750652313232,1.0902200684929402,0.8272557258605957,400.3775939941406,440.5112609863281,400.3775939941406,440.5112609863281,402.52447509765625,435.6240539550781,13951,2025-08-01 00:23:00,2025-08-10 23:59:00
2025_10d训练_100d测试,train,ANN,SYG1_10LBQ10CT102,一级抽汽逆止门前水平管管顶温度,℃,Y2_一级抽汽接口,0.92128986120224,1.2962153032270318,0.9381396770477295,397.8882141113281,437.2167663574219,397.8882141113281,437.2167663574219,404.0660400390625,429.5151672363281,13951,2025-08-01 00:23:00,2025-08-10 23:59:00
2025_10d训练_100d测试,train,GRU-RNN,SYG1_10LBQ10CT102,一级抽汽逆止门前水平管管顶温度,℃,Y2_一级抽汽接口,0.9791359901428223,0.6673612453245764,0.500665009021759,397.8882141113281,437.2167663574219,397.8882141113281,437.2167663574219,401.04754638671875,434.28167724609375,13951,2025-08-01 00:23:00,2025-08-10 23:59:00
2025_10d训练_100d测试,train,TCN,SYG1_10LBQ10CT102,一级抽汽逆止门前水平管管顶温度,℃,Y2_一级抽汽接口,0.9677782654762268,0.8293469608399537,0.6341032981872559,397.8882141113281,437.2167663574219,397.8882141113281,437.2167663574219,400.9086608886719,432.9000549316406,13951,2025-08-01 00:23:00,2025-08-10 23:59:00
2025_10d训练_100d测试,train,iTransformer-small,SYG1_10LBQ10CT102,一级抽汽逆止门前水平管管顶温度,℃,Y2_一级抽汽接口,0.9494242072105408,1.039042078262074,0.7955381274223328,397.8882141113281,437.2167663574219,397.8882141113281,437.2167663574219,399.91668701171875,432.3377990722656,13951,2025-08-01 00:23:00,2025-08-10 23:59:00
2025_10d训练_100d测试,train,ANN,SYG1_10LBQ10CT103,一级抽汽逆止门前水平管管底温度,℃,Y2_一级抽汽接口,0.9262893199920654,1.2619748165713203,0.926936686038971,398.8587341308594,438.181640625,398.8587341308594,438.181640625,403.9476013183594,430.958251953125,13951,2025-08-01 00:23:00,2025-08-10 23:59:00
2025_10d训练_100d测试,train,GRU-RNN,SYG1_10LBQ10CT103,一级抽汽逆止门前水平管管底温度,℃,Y2_一级抽汽接口,0.97971111536026,0.6620864189016833,0.490752637386322,398.8587341308594,438.181640625,398.8587341308594,438.181640625,400.5081787109375,435.140869140625,13951,2025-08-01 00:23:00,2025-08-10 23:59:00
2025_10d训练_100d测试,train,TCN,SYG1_10LBQ10CT103,一级抽汽逆止门前水平管管底温度,℃,Y2_一级抽汽接口,0.9662947654724121,0.8533637917814754,0.6505621075630188,398.8587341308594,438.181640625,398.8587341308594,438.181640625,401.0043640136719,433.5830078125,13951,2025-08-01 00:23:00,2025-08-10 23:59:00
2025_10d训练_100d测试,train,iTransformer-small,SYG1_10LBQ10CT103,一级抽汽逆止门前水平管管底温度,℃,Y2_一级抽汽接口,0.9494736194610596,1.0448273517958506,0.7987357974052429,398.8587341308594,438.181640625,398.8587341308594,438.181640625,400.400146484375,433.06134033203125,13951,2025-08-01 00:23:00,2025-08-10 23:59:00
2025_10d训练_100d测试,train,ANN,SYG1_10LBQ10CT104,一级抽汽逆止门后水平管管顶温度,℃,Y2_一级抽汽接口,0.9213230013847351,1.2824412599760666,0.9391688108444214,398.7582702636719,437.79345703125,398.7582702636719,437.79345703125,403.95208740234375,430.02008056640625,13951,2025-08-01 00:23:00,2025-08-10 23:59:00
2025_10d训练_100d测试,train,GRU-RNN,SYG1_10LBQ10CT104,一级抽汽逆止门后水平管管顶温度,℃,Y2_一级抽汽接口,0.9784398674964905,0.6713347591754668,0.4981619417667389,398.7582702636719,437.79345703125,398.7582702636719,437.79345703125,401.24652099609375,434.81005859375,13951,2025-08-01 00:23:00,2025-08-10 23:59:00
2025_10d训练_100d测试,train,TCN,SYG1_10LBQ10CT104,一级抽汽逆止门后水平管管顶温度,℃,Y2_一级抽汽接口,0.9670712947845459,0.8296612219950491,0.6368832588195801,398.7582702636719,437.79345703125,398.7582702636719,437.79345703125,401.82550048828125,433.79010009765625,13951,2025-08-01 00:23:00,2025-08-10 23:59:00
2025_10d训练_100d测试,train,iTransformer-small,SYG1_10LBQ10CT104,一级抽汽逆止门后水平管管顶温度,℃,Y2_一级抽汽接口,0.9469369649887085,1.0531966233164216,0.8071854710578918,398.7582702636719,437.79345703125,398.7582702636719,437.79345703125,400.7978210449219,432.8563537597656,13951,2025-08-01 00:23:00,2025-08-10 23:59:00
2025_10d训练_100d测试,train,ANN,SYG1_10LBQ10CT105,一级抽汽逆止门后水平管管底温度,℃,Y2_一级抽汽接口,0.9241150617599487,1.2676418388353459,0.928260326385498,398.4236755371094,437.60491943359375,398.4236755371094,437.60491943359375,402.71771240234375,430.132568359375,13951,2025-08-01 00:23:00,2025-08-10 23:59:00
2025_10d训练_100d测试,train,GRU-RNN,SYG1_10LBQ10CT105,一级抽汽逆止门后水平管管底温度,℃,Y2_一级抽汽接口,0.9803546667098999,0.6449834913166731,0.4801819622516632,398.4236755371094,437.60491943359375,398.4236755371094,437.60491943359375,400.8740539550781,434.7654724121094,13951,2025-08-01 00:23:00,2025-08-10 23:59:00
2025_10d训练_100d测试,train,TCN,SYG1_10LBQ10CT105,一级抽汽逆止门后水平管管底温度,℃,Y2_一级抽汽接口,0.9667398929595947,0.8392290216505188,0.6446449160575867,398.4236755371094,437.60491943359375,398.4236755371094,437.60491943359375,401.56640625,432.7845458984375,13951,2025-08-01 00:23:00,2025-08-10 23:59:00
2025_10d训练_100d测试,train,iTransformer-small,SYG1_10LBQ10CT105,一级抽汽逆止门后水平管管底温度,℃,Y2_一级抽汽接口,0.9486290216445923,1.04298406582563,0.8006229400634766,398.4236755371094,437.60491943359375,398.4236755371094,437.60491943359375,399.9858093261719,432.60919189453125,13951,2025-08-01 00:23:00,2025-08-10 23:59:00
2025_10d训练_100d测试,train,ANN,SYG1_10LBQ10CP102,1号高加入口抽汽压力,MPa,Y2_一级抽汽接口,0.9890521168708801,0.17784832875013754,0.13676303625106812,3.405029296875,10.9947509765625,3.405028820037842,10.9947509765625,3.263770580291748,10.955289840698242,13951,2025-08-01 00:23:00,2025-08-10 23:59:00
2025_10d训练_100d测试,train,GRU-RNN,SYG1_10LBQ10CP102,1号高加入口抽汽压力,MPa,Y2_一级抽汽接口,0.9967603087425232,0.0967469559355105,0.07010824233293533,3.405029296875,10.9947509765625,3.405028820037842,10.9947509765625,3.3910508155822754,11.117908477783203,13951,2025-08-01 00:23:00,2025-08-10 23:59:00
2025_10d训练_100d测试,train,TCN,SYG1_10LBQ10CP102,1号高加入口抽汽压力,MPa,Y2_一级抽汽接口,0.9937059283256531,0.13484992970111884,0.09979435056447983,3.405029296875,10.9947509765625,3.405028820037842,10.9947509765625,3.276677131652832,11.066205978393555,13951,2025-08-01 00:23:00,2025-08-10 23:59:00
2025_10d训练_100d测试,train,iTransformer-small,SYG1_10LBQ10CP102,1号高加入口抽汽压力,MPa,Y2_一级抽汽接口,0.9930338859558105,0.14186633119272704,0.10796995460987091,3.405029296875,10.9947509765625,3.405028820037842,10.9947509765625,3.192824363708496,10.853933334350586,13951,2025-08-01 00:23:00,2025-08-10 23:59:00
2025_10d训练_100d测试,train,ANN,SYG1_10LBQ10CT106,1号高加入口抽汽温度,℃,Y2_一级抽汽接口,0.9167096018791199,1.3009456496266363,0.9544973373413086,397.59814453125,436.3515930175781,397.59814453125,436.3515930175781,404.4482116699219,428.6847229003906,13951,2025-08-01 00:23:00,2025-08-10 23:59:00
2025_10d训练_100d测试,train,GRU-RNN,SYG1_10LBQ10CT106,1号高加入口抽汽温度,℃,Y2_一级抽汽接口,0.9770416617393494,0.6830176405380936,0.5059062838554382,397.59814453125,436.3515930175781,397.59814453125,436.3515930175781,399.8603515625,433.0495910644531,13951,2025-08-01 00:23:00,2025-08-10 23:59:00
2025_10d训练_100d测试,train,TCN,SYG1_10LBQ10CT106,1号高加入口抽汽温度,℃,Y2_一级抽汽接口,0.9635604023933411,0.8604949935532491,0.6683852672576904,397.59814453125,436.3515930175781,397.59814453125,436.3515930175781,400.43096923828125,432.0849304199219,13951,2025-08-01 00:23:00,2025-08-10 23:59:00
2025_10d训练_100d测试,train,iTransformer-small,SYG1_10LBQ10CT106,1号高加入口抽汽温度,℃,Y2_一级抽汽接口,0.94408118724823,1.0659592917973482,0.8185977339744568,397.59814453125,436.3515930175781,397.59814453125,436.3515930175781,399.4642028808594,431.4571228027344,13951,2025-08-01 00:23:00,2025-08-10 23:59:00
2025_10d训练_100d测试,train,ANN,SYG1_10LBC20CT101,一次低温再热逆止阀前母管管底温度,℃,Y3_VHP至RH1接口,0.9221513271331787,1.2956345382170038,0.9538692235946655,400.6988830566406,439.14642333984375,400.6988830566406,439.14642333984375,405.7347717285156,431.8912353515625,13951,2025-08-01 00:23:00,2025-08-10 23:59:00
2025_10d训练_100d测试,train,GRU-RNN,SYG1_10LBC20CT101,一次低温再热逆止阀前母管管底温度,℃,Y3_VHP至RH1接口,0.9794667959213257,0.6654032691613263,0.49502724409103394,400.6988830566406,439.14642333984375,400.6988830566406,439.14642333984375,402.7724914550781,436.28009033203125,13951,2025-08-01 00:23:00,2025-08-10 23:59:00
2025_10d训练_100d测试,train,TCN,SYG1_10LBC20CT101,一次低温再热逆止阀前母管管底温度,℃,Y3_VHP至RH1接口,0.9684247970581055,0.8251439185756975,0.6312723755836487,400.6988830566406,439.14642333984375,400.6988830566406,439.14642333984375,403.4446105957031,434.89501953125,13951,2025-08-01 00:23:00,2025-08-10 23:59:00
2025_10d训练_100d测试,train,iTransformer-small,SYG1_10LBC20CT101,一次低温再热逆止阀前母管管底温度,℃,Y3_VHP至RH1接口,0.9509077668190002,1.0288765499662706,0.7856511473655701,400.6988830566406,439.14642333984375,400.6988830566406,439.14642333984375,402.185546875,434.692138671875,13951,2025-08-01 00:23:00,2025-08-10 23:59:00
2025_10d训练_100d测试,train,ANN,SYG1_10LBC20CT103,一次低温再热逆止阀后水平管管顶温度,℃,Y3_VHP至RH1接口,0.9167048931121826,1.3515587514483558,0.9792124032974243,399.53912353515625,438.4256591796875,399.53912353515625,438.4256591796875,405.17816162109375,430.1479797363281,13951,2025-08-01 00:23:00,2025-08-10 23:59:00
2025_10d训练_100d测试,train,GRU-RNN,SYG1_10LBC20CT103,一次低温再热逆止阀后水平管管顶温度,℃,Y3_VHP至RH1接口,0.9772051572799683,0.7070388582779199,0.5291107296943665,399.53912353515625,438.4256591796875,399.53912353515625,438.4256591796875,401.9064025878906,435.302978515625,13951,2025-08-01 00:23:00,2025-08-10 23:59:00
2025_10d训练_100d测试,train,TCN,SYG1_10LBC20CT103,一次低温再热逆止阀后水平管管顶温度,℃,Y3_VHP至RH1接口,0.9686897993087769,0.828644283795941,0.6275026202201843,399.53912353515625,438.4256591796875,399.53912353515625,438.4256591796875,401.7918701171875,434.39471435546875,13951,2025-08-01 00:23:00,2025-08-10 23:59:00
2025_10d训练_100d测试,train,iTransformer-small,SYG1_10LBC20CT103,一次低温再热逆止阀后水平管管顶温度,℃,Y3_VHP至RH1接口,0.9503560662269592,1.043418016003318,0.7970107793807983,399.53912353515625,438.4256591796875,399.53912353515625,438.4256591796875,400.6171875,433.86279296875,13951,2025-08-01 00:23:00,2025-08-10 23:59:00
2025_10d训练_100d测试,train,ANN,SYG1_10LBC20CT104,一次低温再热逆止阀后水平管管底温度,℃,Y3_VHP至RH1接口,0.916523277759552,1.3194468894177365,0.956606924533844,403.1515197753906,440.04437255859375,403.1515197753906,440.04437255859375,407.60888671875,432.6304626464844,13951,2025-08-01 00:23:00,2025-08-10 23:59:00
2025_10d训练_100d测试,train,GRU-RNN,SYG1_10LBC20CT104,一次低温再热逆止阀后水平管管底温度,℃,Y3_VHP至RH1接口,0.9822219014167786,0.6089083523184193,0.45917487144470215,403.1515197753906,440.04437255859375,403.1515197753906,440.04437255859375,404.86187744140625,437.525634765625,13951,2025-08-01 00:23:00,2025-08-10 23:59:00
2025_10d训练_100d测试,train,TCN,SYG1_10LBC20CT104,一次低温再热逆止阀后水平管管底温度,℃,Y3_VHP至RH1接口,0.9672964215278625,0.8258606164302414,0.6366875171661377,403.1515197753906,440.04437255859375,403.1515197753906,440.04437255859375,404.7538146972656,436.02972412109375,13951,2025-08-01 00:23:00,2025-08-10 23:59:00
2025_10d训练_100d测试,train,iTransformer-small,SYG1_10LBC20CT104,一次低温再热逆止阀后水平管管底温度,℃,Y3_VHP至RH1接口,0.9523286819458008,0.9970980200434431,0.7659361958503723,403.1515197753906,440.04437255859375,403.1515197753906,440.04437255859375,404.3299865722656,436.1009521484375,13951,2025-08-01 00:23:00,2025-08-10 23:59:00
2025_10d训练_100d测试,train,ANN,SYG1_10MAA50CT111A,超高压内缸壁温90%处#1,℃,Y4_VHP缸体与内部蒸汽,0.8992311954498291,1.2631616048591068,0.9671737551689148,557.6600952148438,588.1948852539062,557.6600952148438,588.1948852539062,566.3947143554688,586.5302734375,13951,2025-08-01 00:23:00,2025-08-10 23:59:00
2025_10d训练_100d测试,train,GRU-RNN,SYG1_10MAA50CT111A,超高压内缸壁温90%处#1,℃,Y4_VHP缸体与内部蒸汽,0.9717852473258972,0.6683963277156015,0.523502767086029,557.6600952148438,588.1948852539062,557.6600952148438,588.1948852539062,560.795166015625,588.3030395507812,13951,2025-08-01 00:23:00,2025-08-10 23:59:00
2025_10d训练_100d测试,train,TCN,SYG1_10MAA50CT111A,超高压内缸壁温90%处#1,℃,Y4_VHP缸体与内部蒸汽,0.9590923190116882,0.8048190777803027,0.6338099837303162,557.6600952148438,588.1948852539062,557.6600952148438,588.1948852539062,562.110107421875,588.776611328125,13951,2025-08-01 00:23:00,2025-08-10 23:59:00
2025_10d训练_100d测试,train,iTransformer-small,SYG1_10MAA50CT111A,超高压内缸壁温90%处#1,℃,Y4_VHP缸体与内部蒸汽,0.9166780710220337,1.1486178405751144,0.8989086151123047,557.6600952148438,588.1948852539062,557.6600952148438,588.1948852539062,563.0562744140625,587.5958251953125,13951,2025-08-01 00:23:00,2025-08-10 23:59:00
2025_10d训练_100d测试,train,ANN,SYG1_10MAA50CT112A,超高压内缸壁温90%处#2,℃,Y4_VHP缸体与内部蒸汽,0.9141707420349121,1.2699922634249552,0.9698116183280945,562.9216918945312,597.0892333984375,562.9216918945312,597.0892333984375,570.2872314453125,595.2064819335938,13951,2025-08-01 00:23:00,2025-08-10 23:59:00
2025_10d训练_100d测试,train,GRU-RNN,SYG1_10MAA50CT112A,超高压内缸壁温90%处#2,℃,Y4_VHP缸体与内部蒸汽,0.9688987135887146,0.7644914682759258,0.6010836958885193,562.9216918945312,597.0892333984375,562.9216918945312,597.0892333984375,566.0958251953125,596.4508666992188,13951,2025-08-01 00:23:00,2025-08-10 23:59:00
2025_10d训练_100d测试,train,TCN,SYG1_10MAA50CT112A,超高压内缸壁温90%处#2,℃,Y4_VHP缸体与内部蒸汽,0.9539170861244202,0.9305789744496894,0.730319082736969,562.9216918945312,597.0892333984375,562.9216918945312,597.0892333984375,567.2647094726562,596.5228881835938,13951,2025-08-01 00:23:00,2025-08-10 23:59:00
2025_10d训练_100d测试,train,iTransformer-small,SYG1_10MAA50CT112A,超高压内缸壁温90%处#2,℃,Y4_VHP缸体与内部蒸汽,0.9111133217811584,1.2924142899123772,1.0032949447631836,562.9216918945312,597.0892333984375,562.9216918945312,597.0892333984375,569.0361328125,595.67333984375,13951,2025-08-01 00:23:00,2025-08-10 23:59:00
2025_10d训练_100d测试,train,ANN,SYG1_10MAA50CT131A,超高压缸蒸汽温度100%,℃,Y4_VHP缸体与内部蒸汽,0.8693658113479614,1.5483613242803966,1.2255619764328003,511.4459228515625,542.691650390625,511.4458923339844,542.691650390625,515.8585205078125,539.0260620117188,13951,2025-08-01 00:23:00,2025-08-10 23:59:00
2025_10d训练_100d测试,train,GRU-RNN,SYG1_10MAA50CT131A,超高压缸蒸汽温度100%,℃,Y4_VHP缸体与内部蒸汽,0.977257251739502,0.6460489610417862,0.5015894770622253,511.4459228515625,542.691650390625,511.4458923339844,542.691650390625,513.8117065429688,541.7782592773438,13951,2025-08-01 00:23:00,2025-08-10 23:59:00
2025_10d训练_100d测试,train,TCN,SYG1_10MAA50CT131A,超高压缸蒸汽温度100%,℃,Y4_VHP缸体与内部蒸汽,0.967055082321167,0.7775672706253446,0.5968294143676758,511.4459228515625,542.691650390625,511.4458923339844,542.691650390625,513.8442993164062,541.4268188476562,13951,2025-08-01 00:23:00,2025-08-10 23:59:00
2025_10d训练_100d测试,train,iTransformer-small,SYG1_10MAA50CT131A,超高压缸蒸汽温度100%,℃,Y4_VHP缸体与内部蒸汽,0.9338392615318298,1.1019047956067882,0.8453094363212585,511.4459228515625,542.691650390625,511.4458923339844,542.691650390625,513.5092163085938,541.9144897460938,13951,2025-08-01 00:23:00,2025-08-10 23:59:00
2025_10d训练_100d测试,test,ANN,SYG1_10MAA50CP101,超高压缸叶片级压力#1,MPa,Y1_VHP本体,0.9696436524391174,0.9202851633050032,0.6396520733833313,7.040862560272217,23.186185836791992,6.473236083984375,24.0399169921875,7.709478378295898,23.01980209350586,128173,2025-08-11 00:23:00,2025-11-19 00:22:00
2025_10d训练_100d测试,test,GRU-RNN,SYG1_10MAA50CP101,超高压缸叶片级压力#1,MPa,Y1_VHP本体,0.9905259013175964,0.5141216962871884,0.2861008644104004,7.040862560272217,23.186185836791992,6.473236083984375,24.0399169921875,6.721621513366699,23.707714080810547,128173,2025-08-11 00:23:00,2025-11-19 00:22:00
2025_10d训练_100d测试,test,TCN,SYG1_10MAA50CP101,超高压缸叶片级压力#1,MPa,Y1_VHP本体,0.9840829968452454,0.6663891592215582,0.4344199597835541,7.040862560272217,23.186185836791992,6.473236083984375,24.0399169921875,7.004459381103516,24.119102478027344,128173,2025-08-11 00:23:00,2025-11-19 00:22:00
2025_10d训练_100d测试,test,iTransformer-small,SYG1_10MAA50CP101,超高压缸叶片级压力#1,MPa,Y1_VHP本体,0.9891219139099121,0.5509016838700282,0.33883848786354065,7.040862560272217,23.186185836791992,6.473236083984375,24.0399169921875,4.58212947845459,23.100479125976562,128173,2025-08-11 00:23:00,2025-11-19 00:22:00
2025_10d训练_100d测试,test,ANN,SYG1_10MAA50CP102,超高压缸叶片级压力#2,MPa,Y1_VHP本体,0.983454704284668,0.6792354615206679,0.3937373161315918,7.03857421875,23.193052291870117,6.473236083984375,24.042205810546875,6.8002119064331055,22.828006744384766,128173,2025-08-11 00:23:00,2025-11-19 00:22:00
2025_10d训练_100d测试,test,GRU-RNN,SYG1_10MAA50CP102,超高压缸叶片级压力#2,MPa,Y1_VHP本体,0.989377498626709,0.5442482671364011,0.32309067249298096,7.03857421875,23.193052291870117,6.473236083984375,24.042205810546875,6.768430709838867,23.63676643371582,128173,2025-08-11 00:23:00,2025-11-19 00:22:00
2025_10d训练_100d测试,test,TCN,SYG1_10MAA50CP102,超高压缸叶片级压力#2,MPa,Y1_VHP本体,0.9885624051094055,0.5647422023891769,0.374929815530777,7.03857421875,23.193052291870117,6.473236083984375,24.042205810546875,6.453021049499512,23.892208099365234,128173,2025-08-11 00:23:00,2025-11-19 00:22:00
2025_10d训练_100d测试,test,iTransformer-small,SYG1_10MAA50CP102,超高压缸叶片级压力#2,MPa,Y1_VHP本体,0.9887524843215942,0.5600307095145455,0.33546459674835205,7.03857421875,23.193052291870117,6.473236083984375,24.042205810546875,4.542325019836426,23.325172424316406,128173,2025-08-11 00:23:00,2025-11-19 00:22:00
2025_10d训练_100d测试,test,ANN,SYG1_10MAA50CP103,超高压缸叶片级压力#3,MPa,Y1_VHP本体,0.9825785160064697,0.6969122538851283,0.41843050718307495,7.043151378631592,23.179319381713867,6.47552490234375,24.037628173828125,7.078392028808594,22.975379943847656,128173,2025-08-11 00:23:00,2025-11-19 00:22:00
2025_10d训练_100d测试,test,GRU-RNN,SYG1_10MAA50CP103,超高压缸叶片级压力#3,MPa,Y1_VHP本体,0.9899381399154663,0.5296326026487875,0.3056486248970032,7.043151378631592,23.179319381713867,6.47552490234375,24.037628173828125,6.653908729553223,24.494632720947266,128173,2025-08-11 00:23:00,2025-11-19 00:22:00
2025_10d训练_100d测试,test,TCN,SYG1_10MAA50CP103,超高压缸叶片级压力#3,MPa,Y1_VHP本体,0.9844846129417419,0.6576835098109308,0.44544997811317444,7.043151378631592,23.179319381713867,6.47552490234375,24.037628173828125,7.3261003494262695,23.584074020385742,128173,2025-08-11 00:23:00,2025-11-19 00:22:00
2025_10d训练_100d测试,test,iTransformer-small,SYG1_10MAA50CP103,超高压缸叶片级压力#3,MPa,Y1_VHP本体,0.9891037344932556,0.5511552068729979,0.33396944403648376,7.043151378631592,23.179319381713867,6.47552490234375,24.037628173828125,4.675600051879883,23.16338539123535,128173,2025-08-11 00:23:00,2025-11-19 00:22:00
2025_10d训练_100d测试,test,ANN,SYG1_10MAA50CT121A,超高压排汽蒸汽温度#1,℃,Y1_VHP本体,0.7267272472381592,3.1873355897875375,1.7305777072906494,399.4964904785156,435.0658874511719,330.208740234375,439.4911193847656,404.97869873046875,430.28179931640625,128173,2025-08-11 00:23:00,2025-11-19 00:22:00
2025_10d训练_100d测试,test,GRU-RNN,SYG1_10MAA50CT121A,超高压排汽蒸汽温度#1,℃,Y1_VHP本体,0.8258988857269287,2.5440779228572343,1.3284502029418945,399.4964904785156,435.0658874511719,330.208740234375,439.4911193847656,399.56561279296875,435.16180419921875,128173,2025-08-11 00:23:00,2025-11-19 00:22:00
2025_10d训练_100d测试,test,TCN,SYG1_10MAA50CT121A,超高压排汽蒸汽温度#1,℃,Y1_VHP本体,0.7848148345947266,2.8283672755881044,1.5573614835739136,399.4964904785156,435.0658874511719,330.208740234375,439.4911193847656,401.3992004394531,433.32586669921875,128173,2025-08-11 00:23:00,2025-11-19 00:22:00
2025_10d训练_100d测试,test,iTransformer-small,SYG1_10MAA50CT121A,超高压排汽蒸汽温度#1,℃,Y1_VHP本体,0.6925387382507324,3.38084160388527,1.8980050086975098,399.4964904785156,435.0658874511719,330.208740234375,439.4911193847656,401.0791015625,433.6123046875,128173,2025-08-11 00:23:00,2025-11-19 00:22:00
2025_10d训练_100d测试,test,ANN,SYG1_10MAA50CT122A,超高压排汽蒸汽温度#2,℃,Y1_VHP本体,0.7192181348800659,3.1874093435522615,1.7074882984161377,397.43304443359375,433.4461364746094,328.898681640625,437.583984375,404.0458068847656,427.8851623535156,128173,2025-08-11 00:23:00,2025-11-19 00:22:00
2025_10d训练_100d测试,test,GRU-RNN,SYG1_10MAA50CT122A,超高压排汽蒸汽温度#2,℃,Y1_VHP本体,0.8180761933326721,2.565654023130603,1.3115932941436768,397.43304443359375,433.4461364746094,328.898681640625,437.583984375,398.68353271484375,433.6122131347656,128173,2025-08-11 00:23:00,2025-11-19 00:22:00
2025_10d训练_100d测试,test,TCN,SYG1_10MAA50CT122A,超高压排汽蒸汽温度#2,℃,Y1_VHP本体,0.7658485174179077,2.9107288590918086,1.615659475326538,397.43304443359375,433.4461364746094,328.898681640625,437.583984375,400.3661804199219,431.3693542480469,128173,2025-08-11 00:23:00,2025-11-19 00:22:00
2025_10d训练_100d测试,test,iTransformer-small,SYG1_10MAA50CT122A,超高压排汽蒸汽温度#2,℃,Y1_VHP本体,0.6856058835983276,3.3727991911089106,1.8950031995773315,397.43304443359375,433.4461364746094,328.898681640625,437.583984375,399.4145202636719,431.8184814453125,128173,2025-08-11 00:23:00,2025-11-19 00:22:00
2025_10d训练_100d测试,test,ANN,SYG1_10MAA50CT123A,超高压排汽蒸汽温度#3,℃,Y1_VHP本体,0.742064356803894,3.067819451919424,1.6877738237380981,397.0870666503906,432.2364807128906,327.9609375,437.67266845703125,402.2778625488281,425.51580810546875,128173,2025-08-11 00:23:00,2025-11-19 00:22:00
2025_10d训练_100d测试,test,GRU-RNN,SYG1_10MAA50CT123A,超高压排汽蒸汽温度#3,℃,Y1_VHP本体,0.8240880370140076,2.5335052239511167,1.2843550443649292,397.0870666503906,432.2364807128906,327.9609375,437.67266845703125,397.67022705078125,432.66571044921875,128173,2025-08-11 00:23:00,2025-11-19 00:22:00
2025_10d训练_100d测试,test,TCN,SYG1_10MAA50CT123A,超高压排汽蒸汽温度#3,℃,Y1_VHP本体,0.7920407056808472,2.7546301789792245,1.4771534204483032,397.0870666503906,432.2364807128906,327.9609375,437.67266845703125,398.79010009765625,430.5130310058594,128173,2025-08-11 00:23:00,2025-11-19 00:22:00
2025_10d训练_100d测试,test,iTransformer-small,SYG1_10MAA50CT123A,超高压排汽蒸汽温度#3,℃,Y1_VHP本体,0.6976125836372375,3.3216661992306404,1.8618664741516113,397.0870666503906,432.2364807128906,327.9609375,437.67266845703125,398.5359191894531,431.0540771484375,128173,2025-08-11 00:23:00,2025-11-19 00:22:00
2025_10d训练_100d测试,test,ANN,SYG1_10LBC01CP101,超高压缸A侧排汽垂直管压力,MPa,Y1_VHP本体,0.9691891670227051,0.4524787536659723,0.2993631660938263,3.375091314315796,11.254348754882812,3.134765148162842,11.466063499450684,3.501084327697754,11.356710433959961,128173,2025-08-11 00:23:00,2025-11-19 00:22:00
2025_10d训练_100d测试,test,GRU-RNN,SYG1_10LBC01CP101,超高压缸A侧排汽垂直管压力,MPa,Y1_VHP本体,0.9909878373146057,0.24471498448292045,0.15355932712554932,3.375091314315796,11.254348754882812,3.134765148162842,11.466063499450684,3.216196060180664,11.485424041748047,128173,2025-08-11 00:23:00,2025-11-19 00:22:00
2025_10d训练_100d测试,test,TCN,SYG1_10LBC01CP101,超高压缸A侧排汽垂直管压力,MPa,Y1_VHP本体,0.9864151477813721,0.3004510478946227,0.20238885283470154,3.375091314315796,11.254348754882812,3.134765148162842,11.466063499450684,3.2099852561950684,11.584901809692383,128173,2025-08-11 00:23:00,2025-11-19 00:22:00
2025_10d训练_100d测试,test,iTransformer-small,SYG1_10LBC01CP101,超高压缸A侧排汽垂直管压力,MPa,Y1_VHP本体,0.9901930689811707,0.2552775545379272,0.15906496345996857,3.375091314315796,11.254348754882812,3.134765148162842,11.466063499450684,2.1905508041381836,11.280852317810059,128173,2025-08-11 00:23:00,2025-11-19 00:22:00
2025_10d训练_100d测试,test,ANN,SYG1_10LBC02CP101,超高压缸B侧排汽垂直管压力,MPa,Y1_VHP本体,0.9827414155006409,0.3416761893693751,0.21308423578739166,3.402557373046875,11.343612670898438,3.169097900390625,11.574783325195312,3.040226936340332,11.398935317993164,128173,2025-08-11 00:23:00,2025-11-19 00:22:00
2025_10d训练_100d测试,test,GRU-RNN,SYG1_10LBC02CP101,超高压缸B侧排汽垂直管压力,MPa,Y1_VHP本体,0.9901807904243469,0.2577209165492923,0.1571185439825058,3.402557373046875,11.343612670898438,3.169097900390625,11.574783325195312,3.2733078002929688,11.365044593811035,128173,2025-08-11 00:23:00,2025-11-19 00:22:00
2025_10d训练_100d测试,test,TCN,SYG1_10LBC02CP101,超高压缸B侧排汽垂直管压力,MPa,Y1_VHP本体,0.987216591835022,0.29405921174094923,0.20447707176208496,3.402557373046875,11.343612670898438,3.169097900390625,11.574783325195312,3.272848606109619,11.484624862670898,128173,2025-08-11 00:23:00,2025-11-19 00:22:00
2025_10d训练_100d测试,test,iTransformer-small,SYG1_10LBC02CP101,超高压缸B侧排汽垂直管压力,MPa,Y1_VHP本体,0.9897220134735107,0.2636732737186208,0.16232973337173462,3.402557373046875,11.343612670898438,3.169097900390625,11.574783325195312,2.2193031311035156,11.466967582702637,128173,2025-08-11 00:23:00,2025-11-19 00:22:00
2025_10d训练_100d测试,test,ANN,SYG1_10LBC01CT101,超高压缸A侧排汽垂直管温度,℃,Y1_VHP本体,0.7454405426979065,3.4397765510643916,2.0617949962615967,397.30804443359375,439.3348693847656,327.9909973144531,442.47235107421875,403.6319274902344,431.1029052734375,128173,2025-08-11 00:23:00,2025-11-19 00:22:00
2025_10d训练_100d测试,test,GRU-RNN,SYG1_10LBC01CT101,超高压缸A侧排汽垂直管温度,℃,Y1_VHP本体,0.8670880794525146,2.4855219274860882,1.234184741973877,397.30804443359375,439.3348693847656,327.9909973144531,442.47235107421875,397.4130859375,437.1469421386719,128173,2025-08-11 00:23:00,2025-11-19 00:22:00
2025_10d训练_100d测试,test,TCN,SYG1_10LBC01CT101,超高压缸A侧排汽垂直管温度,℃,Y1_VHP本体,0.8318895101547241,2.7953292581771283,1.4386816024780273,397.30804443359375,439.3348693847656,327.9909973144531,442.47235107421875,399.66448974609375,434.9153747558594,128173,2025-08-11 00:23:00,2025-11-19 00:22:00
2025_10d训练_100d测试,test,iTransformer-small,SYG1_10LBC01CT101,超高压缸A侧排汽垂直管温度,℃,Y1_VHP本体,0.7617985010147095,3.3274218752292883,1.842057228088379,397.30804443359375,439.3348693847656,327.9909973144531,442.47235107421875,397.98345947265625,434.2109069824219,128173,2025-08-11 00:23:00,2025-11-19 00:22:00
2025_10d训练_100d测试,test,ANN,SYG1_10LBC02CT101,超高压缸B侧排汽垂直管温度,℃,Y1_VHP本体,0.7576923966407776,3.332139437172425,1.9407202005386353,401.0221252441406,441.87353515625,331.45831298828125,444.9656982421875,406.4329833984375,433.60009765625,128173,2025-08-11 00:23:00,2025-11-19 00:22:00
2025_10d训练_100d测试,test,GRU-RNN,SYG1_10LBC02CT101,超高压缸B侧排汽垂直管温度,℃,Y1_VHP本体,0.8670753836631775,2.46798404448559,1.1991398334503174,401.0221252441406,441.87353515625,331.45831298828125,444.9656982421875,401.25,440.4136047363281,128173,2025-08-11 00:23:00,2025-11-19 00:22:00
2025_10d训练_100d测试,test,TCN,SYG1_10LBC02CT101,超高压缸B侧排汽垂直管温度,℃,Y1_VHP本体,0.8379392623901367,2.7250757399366194,1.3536272048950195,401.0221252441406,441.87353515625,331.45831298828125,444.9656982421875,402.573486328125,438.6167297363281,128173,2025-08-11 00:23:00,2025-11-19 00:22:00
2025_10d训练_100d测试,test,iTransformer-small,SYG1_10LBC02CT101,超高压缸B侧排汽垂直管温度,℃,Y1_VHP本体,0.7688241004943848,3.2546993905526467,1.8034765720367432,401.0221252441406,441.87353515625,331.45831298828125,444.9656982421875,400.5610046386719,436.9938659667969,128173,2025-08-11 00:23:00,2025-11-19 00:22:00
2025_10d训练_100d测试,test,ANN,SYG1_10LBQ10CP101,一级抽汽口压力,MPa,Y2_一级抽汽接口,0.9811143279075623,0.3515918931329701,0.2263733148574829,3.355590581893921,11.17877197265625,3.1221303939819336,11.384765625,3.187612533569336,11.300248146057129,128173,2025-08-11 00:23:00,2025-11-19 00:22:00
2025_10d训练_100d测试,test,GRU-RNN,SYG1_10LBQ10CP101,一级抽汽口压力,MPa,Y2_一级抽汽接口,0.9908098578453064,0.2452637815389781,0.15635977685451508,3.355590581893921,11.17877197265625,3.1221303939819336,11.384765625,3.183835506439209,11.693500518798828,128173,2025-08-11 00:23:00,2025-11-19 00:22:00
2025_10d训练_100d测试,test,TCN,SYG1_10LBQ10CP101,一级抽汽口压力,MPa,Y2_一级抽汽接口,0.9871842861175537,0.28963024213440236,0.2000652551651001,3.355590581893921,11.17877197265625,3.1221303939819336,11.384765625,3.3539528846740723,11.463151931762695,128173,2025-08-11 00:23:00,2025-11-19 00:22:00
2025_10d训练_100d测试,test,iTransformer-small,SYG1_10LBQ10CP101,一级抽汽口压力,MPa,Y2_一级抽汽接口,0.9884787201881409,0.27461452560695265,0.1699550747871399,3.355590581893921,11.17877197265625,3.1221303939819336,11.384765625,2.204043388366699,11.213160514831543,128173,2025-08-11 00:23:00,2025-11-19 00:22:00
2025_10d训练_100d测试,test,ANN,SYG1_10LBQ10CT101A,一级抽汽口温度,℃,Y2_一级抽汽接口,0.7579852342605591,3.2632760538978114,1.809442162513733,400.3775939941406,440.5112609863281,331.733154296875,444.2243957519531,406.2284851074219,433.2127380371094,128173,2025-08-11 00:23:00,2025-11-19 00:22:00
2025_10d训练_100d测试,test,GRU-RNN,SYG1_10LBQ10CT101A,一级抽汽口温度,℃,Y2_一级抽汽接口,0.8682780861854553,2.407475444315919,1.1119736433029175,400.3775939941406,440.5112609863281,331.733154296875,444.2243957519531,400.5098571777344,439.2995300292969,128173,2025-08-11 00:23:00,2025-11-19 00:22:00
2025_10d训练_100d测试,test,TCN,SYG1_10LBQ10CT101A,一级抽汽口温度,℃,Y2_一级抽汽接口,0.8298644423484802,2.7360901603176315,1.3283618688583374,400.3775939941406,440.5112609863281,331.733154296875,444.2243957519531,402.4659729003906,436.859375,128173,2025-08-11 00:23:00,2025-11-19 00:22:00
2025_10d训练_100d测试,test,iTransformer-small,SYG1_10LBQ10CT101A,一级抽汽口温度,℃,Y2_一级抽汽接口,0.7584518194198608,3.26012867070994,1.7647072076797485,400.3775939941406,440.5112609863281,331.733154296875,444.2243957519531,400.5335693359375,435.9129333496094,128173,2025-08-11 00:23:00,2025-11-19 00:22:00
2025_10d训练_100d测试,test,ANN,SYG1_10LBQ10CT102,一级抽汽逆止门前水平管管顶温度,℃,Y2_一级抽汽接口,0.7254301905632019,3.432993761571988,1.917725920677185,397.8882141113281,437.2167663574219,328.7705078125,440.4548645019531,403.9691162109375,429.6400451660156,128173,2025-08-11 00:23:00,2025-11-19 00:22:00
2025_10d训练_100d测试,test,GRU-RNN,SYG1_10LBQ10CT102,一级抽汽逆止门前水平管管顶温度,℃,Y2_一级抽汽接口,0.8509632349014282,2.529259358131507,1.1252466440200806,397.8882141113281,437.2167663574219,328.7705078125,440.4548645019531,399.37628173828125,436.0916748046875,128173,2025-08-11 00:23:00,2025-11-19 00:22:00
2025_10d训练_100d测试,test,TCN,SYG1_10LBQ10CT102,一级抽汽逆止门前水平管管顶温度,℃,Y2_一级抽汽接口,0.8338219523429871,2.6707511456758577,1.31132972240448,397.8882141113281,437.2167663574219,328.7705078125,440.4548645019531,399.8033142089844,433.4753112792969,128173,2025-08-11 00:23:00,2025-11-19 00:22:00
2025_10d训练_100d测试,test,iTransformer-small,SYG1_10LBQ10CT102,一级抽汽逆止门前水平管管顶温度,℃,Y2_一级抽汽接口,0.7564560770988464,3.233220285884218,1.7565817832946777,397.8882141113281,437.2167663574219,328.7705078125,440.4548645019531,397.71697998046875,432.629638671875,128173,2025-08-11 00:23:00,2025-11-19 00:22:00
2025_10d训练_100d测试,test,ANN,SYG1_10LBQ10CT103,一级抽汽逆止门前水平管管底温度,℃,Y2_一级抽汽接口,0.7690934538841248,3.1737621687858266,1.8127169609069824,398.8587341308594,438.181640625,329.3127136230469,441.4193420410156,403.3462829589844,431.2342834472656,128173,2025-08-11 00:23:00,2025-11-19 00:22:00
2025_10d训练_100d测试,test,GRU-RNN,SYG1_10LBQ10CT103,一级抽汽逆止门前水平管管底温度,℃,Y2_一级抽汽接口,0.8596160411834717,2.474656776751016,1.1633628606796265,398.8587341308594,438.181640625,329.3127136230469,441.4193420410156,398.68865966796875,436.52679443359375,128173,2025-08-11 00:23:00,2025-11-19 00:22:00
2025_10d训练_100d测试,test,TCN,SYG1_10LBQ10CT103,一级抽汽逆止门前水平管管底温度,℃,Y2_一级抽汽接口,0.8410117626190186,2.633532869851241,1.3407468795776367,398.8587341308594,438.181640625,329.3127136230469,441.4193420410156,399.31463623046875,433.7834777832031,128173,2025-08-11 00:23:00,2025-11-19 00:22:00
2025_10d训练_100d测试,test,iTransformer-small,SYG1_10LBQ10CT103,一级抽汽逆止门前水平管管底温度,℃,Y2_一级抽汽接口,0.7670766711235046,3.18759229937789,1.7149001359939575,398.8587341308594,438.181640625,329.3127136230469,441.4193420410156,398.40411376953125,433.5133056640625,128173,2025-08-11 00:23:00,2025-11-19 00:22:00
2025_10d训练_100d测试,test,ANN,SYG1_10LBQ10CT104,一级抽汽逆止门后水平管管顶温度,℃,Y2_一级抽汽接口,0.7510921359062195,3.228257147566691,1.8658422231674194,398.7582702636719,437.79345703125,329.7983703613281,441.0313415527344,403.4220886230469,430.0719299316406,128173,2025-08-11 00:23:00,2025-11-19 00:22:00
2025_10d训练_100d测试,test,GRU-RNN,SYG1_10LBQ10CT104,一级抽汽逆止门后水平管管顶温度,℃,Y2_一级抽汽接口,0.8490716218948364,2.5138207830918247,1.15937077999115,398.7582702636719,437.79345703125,329.7983703613281,441.0313415527344,399.67596435546875,435.80450439453125,128173,2025-08-11 00:23:00,2025-11-19 00:22:00
2025_10d训练_100d测试,test,TCN,SYG1_10LBQ10CT104,一级抽汽逆止门后水平管管顶温度,℃,Y2_一级抽汽接口,0.8269702196121216,2.6915919180333887,1.3161189556121826,398.7582702636719,437.79345703125,329.7983703613281,441.0313415527344,400.6329650878906,434.1993408203125,128173,2025-08-11 00:23:00,2025-11-19 00:22:00
2025_10d训练_100d测试,test,iTransformer-small,SYG1_10LBQ10CT104,一级抽汽逆止门后水平管管顶温度,℃,Y2_一级抽汽接口,0.7474421262741089,3.251840803709631,1.776355266571045,398.7582702636719,437.79345703125,329.7983703613281,441.0313415527344,398.77239990234375,433.2757568359375,128173,2025-08-11 00:23:00,2025-11-19 00:22:00
2025_10d训练_100d测试,test,ANN,SYG1_10LBQ10CT105,一级抽汽逆止门后水平管管底温度,℃,Y2_一级抽汽接口,0.76512610912323,3.166003425475802,1.7918144464492798,398.4236755371094,437.60491943359375,329.01904296875,440.69879150390625,402.1683349609375,430.2755432128906,128173,2025-08-11 00:23:00,2025-11-19 00:22:00
2025_10d训练_100d测试,test,GRU-RNN,SYG1_10LBQ10CT105,一级抽汽逆止门后水平管管底温度,℃,Y2_一级抽汽接口,0.8605315089225769,2.439675362987875,1.1147053241729736,398.4236755371094,437.60491943359375,329.01904296875,440.69879150390625,399.0038146972656,435.711669921875,128173,2025-08-11 00:23:00,2025-11-19 00:22:00
2025_10d训练_100d测试,test,TCN,SYG1_10LBQ10CT105,一级抽汽逆止门后水平管管底温度,℃,Y2_一级抽汽接口,0.8307781219482422,2.6873380035546552,1.2855104207992554,398.4236755371094,437.60491943359375,329.01904296875,440.69879150390625,399.94146728515625,433.4039611816406,128173,2025-08-11 00:23:00,2025-11-19 00:22:00
2025_10d训练_100d测试,test,iTransformer-small,SYG1_10LBQ10CT105,一级抽汽逆止门后水平管管底温度,℃,Y2_一级抽汽接口,0.7599588632583618,3.200640054111278,1.7272913455963135,398.4236755371094,437.60491943359375,329.01904296875,440.69879150390625,398.13519287109375,432.9035339355469,128173,2025-08-11 00:23:00,2025-11-19 00:22:00
2025_10d训练_100d测试,test,ANN,SYG1_10LBQ10CP102,1号高加入口抽汽压力,MPa,Y2_一级抽汽接口,0.9814597964286804,0.3391043193359244,0.22339366376399994,3.405029296875,10.9947509765625,3.18072509765625,11.192502975463867,3.1970133781433105,11.037372589111328,128173,2025-08-11 00:23:00,2025-11-19 00:22:00
2025_10d训练_100d测试,test,GRU-RNN,SYG1_10LBQ10CP102,1号高加入口抽汽压力,MPa,Y2_一级抽汽接口,0.9902949333190918,0.2453443227160461,0.15400736033916473,3.405029296875,10.9947509765625,3.18072509765625,11.192502975463867,3.2755885124206543,11.459244728088379,128173,2025-08-11 00:23:00,2025-11-19 00:22:00
2025_10d训练_100d测试,test,TCN,SYG1_10LBQ10CP102,1号高加入口抽汽压力,MPa,Y2_一级抽汽接口,0.9891330003738403,0.2596157042896715,0.17687968909740448,3.405029296875,10.9947509765625,3.18072509765625,11.192502975463867,3.203469753265381,11.179031372070312,128173,2025-08-11 00:23:00,2025-11-19 00:22:00
2025_10d训练_100d测试,test,iTransformer-small,SYG1_10LBQ10CP102,1号高加入口抽汽压力,MPa,Y2_一级抽汽接口,0.9893849492073059,0.2565886754101064,0.1633826047182083,3.405029296875,10.9947509765625,3.18072509765625,11.192502975463867,2.3714137077331543,11.000604629516602,128173,2025-08-11 00:23:00,2025-11-19 00:22:00
2025_10d训练_100d测试,test,ANN,SYG1_10LBQ10CT106,1号高加入口抽汽温度,℃,Y2_一级抽汽接口,0.7233680486679077,3.3407380986851316,1.8886057138442993,397.59814453125,436.3515930175781,328.9173278808594,439.4459228515625,404.24530029296875,428.9300537109375,128173,2025-08-11 00:23:00,2025-11-19 00:22:00
2025_10d训练_100d测试,test,GRU-RNN,SYG1_10LBQ10CT106,1号高加入口抽汽温度,℃,Y2_一级抽汽接口,0.8516629934310913,2.446335356192457,1.1432485580444336,397.59814453125,436.3515930175781,328.9173278808594,439.4459228515625,397.8274841308594,433.9576721191406,128173,2025-08-11 00:23:00,2025-11-19 00:22:00
2025_10d训练_100d测试,test,TCN,SYG1_10LBQ10CT106,1号高加入口抽汽温度,℃,Y2_一级抽汽接口,0.8187680244445801,2.704012421929307,1.2840099334716797,397.59814453125,436.3515930175781,328.9173278808594,439.4459228515625,399.4458312988281,432.6521911621094,128173,2025-08-11 00:23:00,2025-11-19 00:22:00
2025_10d训练_100d测试,test,iTransformer-small,SYG1_10LBQ10CT106,1号高加入口抽汽温度,℃,Y2_一级抽汽接口,0.7337664365768433,3.2773489878161364,1.7835347652435303,397.59814453125,436.3515930175781,328.9173278808594,439.4459228515625,397.7444763183594,431.7196960449219,128173,2025-08-11 00:23:00,2025-11-19 00:22:00
2025_10d训练_100d测试,test,ANN,SYG1_10LBC20CT101,一次低温再热逆止阀前母管管底温度,℃,Y3_VHP至RH1接口,0.7335692048072815,3.439503865948121,1.9974685907363892,400.6988830566406,439.14642333984375,330.0017395019531,442.86029052734375,405.299560546875,432.007568359375,128173,2025-08-11 00:23:00,2025-11-19 00:22:00
2025_10d训练_100d测试,test,GRU-RNN,SYG1_10LBC20CT101,一次低温再热逆止阀前母管管底温度,℃,Y3_VHP至RH1接口,0.8455392718315125,2.6188622425579404,1.2754541635513306,400.6988830566406,439.14642333984375,330.0017395019531,442.86029052734375,400.9890441894531,437.3609619140625,128173,2025-08-11 00:23:00,2025-11-19 00:22:00
2025_10d训练_100d测试,test,TCN,SYG1_10LBC20CT101,一次低温再热逆止阀前母管管底温度,℃,Y3_VHP至RH1接口,0.8232823610305786,2.8011962923606335,1.4450489282608032,400.6988830566406,439.14642333984375,330.0017395019531,442.86029052734375,402.0641174316406,435.29559326171875,128173,2025-08-11 00:23:00,2025-11-19 00:22:00
2025_10d训练_100d测试,test,iTransformer-small,SYG1_10LBC20CT101,一次低温再热逆止阀前母管管底温度,℃,Y3_VHP至RH1接口,0.7591836452484131,3.2699910595972876,1.8040364980697632,400.6988830566406,439.14642333984375,330.0017395019531,442.86029052734375,400.0479431152344,434.9617614746094,128173,2025-08-11 00:23:00,2025-11-19 00:22:00
2025_10d训练_100d测试,test,ANN,SYG1_10LBC20CT103,一次低温再热逆止阀后水平管管顶温度,℃,Y3_VHP至RH1接口,0.7538537979125977,3.300253055002113,1.862104058265686,399.53912353515625,438.4256591796875,329.4144287109375,441.9957580566406,405.0052795410156,430.30096435546875,128173,2025-08-11 00:23:00,2025-11-19 00:22:00
2025_10d训练_100d测试,test,GRU-RNN,SYG1_10LBC20CT103,一次低温再热逆止阀后水平管管顶温度,℃,Y3_VHP至RH1接口,0.8497412800788879,2.5785199411925603,1.1532421112060547,399.53912353515625,438.4256591796875,329.4144287109375,441.9957580566406,400.43426513671875,436.77349853515625,128173,2025-08-11 00:23:00,2025-11-19 00:22:00
2025_10d训练_100d测试,test,TCN,SYG1_10LBC20CT103,一次低温再热逆止阀后水平管管顶温度,℃,Y3_VHP至RH1接口,0.8392906785011292,2.666681965148276,1.302321195602417,399.53912353515625,438.4256591796875,329.4144287109375,441.9957580566406,400.23944091796875,434.87750244140625,128173,2025-08-11 00:23:00,2025-11-19 00:22:00
2025_10d训练_100d测试,test,iTransformer-small,SYG1_10LBC20CT103,一次低温再热逆止阀后水平管管顶温度,℃,Y3_VHP至RH1接口,0.7699533700942993,3.1904988860818997,1.7111424207687378,399.53912353515625,438.4256591796875,329.4144287109375,441.9957580566406,398.7254943847656,434.1357116699219,128173,2025-08-11 00:23:00,2025-11-19 00:22:00
2025_10d训练_100d测试,test,ANN,SYG1_10LBC20CT104,一次低温再热逆止阀后水平管管底温度,℃,Y3_VHP至RH1接口,0.7507440447807312,3.2659538140006736,1.8745944499969482,403.1515197753906,440.04437255859375,332.82427978515625,444.47808837890625,407.35980224609375,432.7320556640625,128173,2025-08-11 00:23:00,2025-11-19 00:22:00
2025_10d训练_100d测试,test,GRU-RNN,SYG1_10LBC20CT104,一次低温再热逆止阀后水平管管底温度,℃,Y3_VHP至RH1接口,0.8474372029304504,2.555121801948104,1.1549263000488281,403.1515197753906,440.04437255859375,332.82427978515625,444.47808837890625,403.68194580078125,438.4388732910156,128173,2025-08-11 00:23:00,2025-11-19 00:22:00
2025_10d训练_100d测试,test,TCN,SYG1_10LBC20CT104,一次低温再热逆止阀后水平管管底温度,℃,Y3_VHP至RH1接口,0.8320075869560242,2.681218013261408,1.287936806678772,403.1515197753906,440.04437255859375,332.82427978515625,444.47808837890625,403.491455078125,436.7752380371094,128173,2025-08-11 00:23:00,2025-11-19 00:22:00
2025_10d训练_100d测试,test,iTransformer-small,SYG1_10LBC20CT104,一次低温再热逆止阀后水平管管底温度,℃,Y3_VHP至RH1接口,0.7639886736869812,3.17799861210288,1.7180014848709106,403.1515197753906,440.04437255859375,332.82427978515625,444.47808837890625,401.9993896484375,436.2742004394531,128173,2025-08-11 00:23:00,2025-11-19 00:22:00
2025_10d训练_100d测试,test,ANN,SYG1_10MAA50CT111A,超高压内缸壁温90%处#1,℃,Y4_VHP缸体与内部蒸汽,0.6618550419807434,3.7338007401606372,1.8860989809036255,557.6600952148438,588.1948852539062,475.3505859375,595.8546142578125,566.2999267578125,587.0714721679688,128173,2025-08-11 00:23:00,2025-11-19 00:22:00
2025_10d训练_100d测试,test,GRU-RNN,SYG1_10MAA50CT111A,超高压内缸壁温90%处#1,℃,Y4_VHP缸体与内部蒸汽,0.7997452616691589,2.873367011661339,1.2452510595321655,557.6600952148438,588.1948852539062,475.3505859375,595.8546142578125,559.24560546875,590.2249755859375,128173,2025-08-11 00:23:00,2025-11-19 00:22:00
2025_10d训练_100d测试,test,TCN,SYG1_10MAA50CT111A,超高压内缸壁温90%处#1,℃,Y4_VHP缸体与内部蒸汽,0.7867643237113953,2.96503352385895,1.365864634513855,557.6600952148438,588.1948852539062,475.3505859375,595.8546142578125,561.5640258789062,590.112548828125,128173,2025-08-11 00:23:00,2025-11-19 00:22:00
2025_10d训练_100d测试,test,iTransformer-small,SYG1_10MAA50CT111A,超高压内缸壁温90%处#1,℃,Y4_VHP缸体与内部蒸汽,0.7444816827774048,3.2457173814413403,1.5361130237579346,557.6600952148438,588.1948852539062,475.3505859375,595.8546142578125,563.0128173828125,589.2583618164062,128173,2025-08-11 00:23:00,2025-11-19 00:22:00
2025_10d训练_100d测试,test,ANN,SYG1_10MAA50CT112A,超高压内缸壁温90%处#2,℃,Y4_VHP缸体与内部蒸汽,0.7271728515625,3.5542527152970957,1.6560027599334717,562.9216918945312,597.0892333984375,477.9456787109375,606.1876831054688,570.279296875,595.732666015625,128173,2025-08-11 00:23:00,2025-11-19 00:22:00
2025_10d训练_100d测试,test,GRU-RNN,SYG1_10MAA50CT112A,超高压内缸壁温90%处#2,℃,Y4_VHP缸体与内部蒸汽,0.8439000844955444,2.6884734586399173,0.9694874286651611,562.9216918945312,597.0892333984375,477.9456787109375,606.1876831054688,564.107666015625,597.65771484375,128173,2025-08-11 00:23:00,2025-11-19 00:22:00
2025_10d训练_100d测试,test,TCN,SYG1_10MAA50CT112A,超高压内缸壁温90%处#2,℃,Y4_VHP缸体与内部蒸汽,0.8079585433006287,2.98196089803745,1.2437996864318848,562.9216918945312,597.0892333984375,477.9456787109375,606.1876831054688,566.1985473632812,598.0396118164062,128173,2025-08-11 00:23:00,2025-11-19 00:22:00
2025_10d训练_100d测试,test,iTransformer-small,SYG1_10MAA50CT112A,超高压内缸壁温90%处#2,℃,Y4_VHP缸体与内部蒸汽,0.7699012756347656,3.2640859088998733,1.4712361097335815,562.9216918945312,597.0892333984375,477.9456787109375,606.1876831054688,568.9305419921875,596.9603881835938,128173,2025-08-11 00:23:00,2025-11-19 00:22:00
2025_10d训练_100d测试,test,ANN,SYG1_10MAA50CT131A,超高压缸蒸汽温度100%,℃,Y4_VHP缸体与内部蒸汽,0.7461103200912476,3.5140356921932794,2.112013578414917,511.4459228515625,542.691650390625,439.0143737792969,547.171142578125,515.43017578125,539.1737060546875,128173,2025-08-11 00:23:00,2025-11-19 00:22:00
2025_10d训练_100d测试,test,GRU-RNN,SYG1_10MAA50CT131A,超高压缸蒸汽温度100%,℃,Y4_VHP缸体与内部蒸汽,0.8143136501312256,3.0052019159963614,1.2849161624908447,511.4459228515625,542.691650390625,439.0143737792969,547.171142578125,513.7670288085938,542.7105102539062,128173,2025-08-11 00:23:00,2025-11-19 00:22:00
2025_10d训练_100d测试,test,TCN,SYG1_10MAA50CT131A,超高压缸蒸汽温度100%,℃,Y4_VHP缸体与内部蒸汽,0.821561336517334,2.945968595328308,1.3420722484588623,511.4459228515625,542.691650390625,439.0143737792969,547.171142578125,513.4169921875,542.3648071289062,128173,2025-08-11 00:23:00,2025-11-19 00:22:00
2025_10d训练_100d测试,test,iTransformer-small,SYG1_10MAA50CT131A,超高压缸蒸汽温度100%,℃,Y4_VHP缸体与内部蒸汽,0.8152912855148315,2.9972800004033444,1.5000687837600708,511.4459228515625,542.691650390625,439.0143737792969,547.171142578125,511.7780456542969,543.1910400390625,128173,2025-08-11 00:23:00,2025-11-19 00:22:00
2025_10d训练_200d测试,train,ANN,SYG1_10MAA50CP101,超高压缸叶片级压力#1,MPa,Y1_VHP本体,0.9830054640769958,0.4661091322986948,0.3396390676498413,7.040862560272217,23.186185836791992,7.040862083435059,23.186185836791992,7.82051944732666,22.924013137817383,13951,2025-08-01 00:23:00,2025-08-10 23:59:00
2025_10d训练_200d测试,train,GRU-RNN,SYG1_10MAA50CP101,超高压缸叶片级压力#1,MPa,Y1_VHP本体,0.9969263076782227,0.1982279805321486,0.13823330402374268,7.040862560272217,23.186185836791992,7.040862083435059,23.186185836791992,7.019951820373535,23.462858200073242,13951,2025-08-01 00:23:00,2025-08-10 23:59:00
2025_10d训练_200d测试,train,TCN,SYG1_10MAA50CP101,超高压缸叶片级压力#1,MPa,Y1_VHP本体,0.991766631603241,0.3244307066467623,0.2341732233762741,7.040862560272217,23.186185836791992,7.040862083435059,23.186185836791992,7.141161918640137,23.245878219604492,13951,2025-08-01 00:23:00,2025-08-10 23:59:00
2025_10d训练_200d测试,train,iTransformer-small,SYG1_10MAA50CP101,超高压缸叶片级压力#1,MPa,Y1_VHP本体,0.9922895431518555,0.313958887307721,0.2317388355731964,7.040862560272217,23.186185836791992,7.040862083435059,23.186185836791992,6.4733171463012695,22.808332443237305,13951,2025-08-01 00:23:00,2025-08-10 23:59:00
2025_10d训练_200d测试,train,ANN,SYG1_10MAA50CP102,超高压缸叶片级压力#2,MPa,Y1_VHP本体,0.9936790466308594,0.284162212765283,0.18962307274341583,7.03857421875,23.193052291870117,7.03857421875,23.193052291870117,6.993324279785156,22.748394012451172,13951,2025-08-01 00:23:00,2025-08-10 23:59:00
2025_10d训练_200d测试,train,GRU-RNN,SYG1_10MAA50CP102,超高压缸叶片级压力#2,MPa,Y1_VHP本体,0.9962168335914612,0.21983813526057225,0.15703031420707703,7.03857421875,23.193052291870117,7.03857421875,23.193052291870117,7.010952949523926,23.316749572753906,13951,2025-08-01 00:23:00,2025-08-10 23:59:00
2025_10d训练_200d测试,train,TCN,SYG1_10MAA50CP102,超高压缸叶片级压力#2,MPa,Y1_VHP本体,0.9926535487174988,0.30634726322770256,0.2272908091545105,7.03857421875,23.193052291870117,7.03857421875,23.193052291870117,6.687548637390137,22.861923217773438,13951,2025-08-01 00:23:00,2025-08-10 23:59:00
2025_10d训练_200d测试,train,iTransformer-small,SYG1_10MAA50CP102,超高压缸叶片级压力#2,MPa,Y1_VHP本体,0.9927056431770325,0.3052602910330804,0.22310729324817657,7.03857421875,23.193052291870117,7.03857421875,23.193052291870117,6.45833683013916,22.862380981445312,13951,2025-08-01 00:23:00,2025-08-10 23:59:00
2025_10d训练_200d测试,train,ANN,SYG1_10MAA50CP103,超高压缸叶片级压力#3,MPa,Y1_VHP本体,0.9929882884025574,0.2992730288165553,0.20279277861118317,7.043151378631592,23.179319381713867,7.04315185546875,23.1793212890625,7.207886695861816,22.815853118896484,13951,2025-08-01 00:23:00,2025-08-10 23:59:00
2025_10d训练_200d测试,train,GRU-RNN,SYG1_10MAA50CP103,超高压缸叶片级压力#3,MPa,Y1_VHP本体,0.9958687424659729,0.22971852281185826,0.16096676886081696,7.043151378631592,23.179319381713867,7.04315185546875,23.1793212890625,7.051692008972168,23.974966049194336,13951,2025-08-01 00:23:00,2025-08-10 23:59:00
2025_10d训练_200d测试,train,TCN,SYG1_10MAA50CP103,超高压缸叶片级压力#3,MPa,Y1_VHP本体,0.9901118874549866,0.3553961585405056,0.2638278305530548,7.043151378631592,23.179319381713867,7.04315185546875,23.1793212890625,7.728582382202148,23.12796401977539,13951,2025-08-01 00:23:00,2025-08-10 23:59:00
2025_10d训练_200d测试,train,iTransformer-small,SYG1_10MAA50CP103,超高压缸叶片级压力#3,MPa,Y1_VHP本体,0.9930527806282043,0.2978934461818697,0.21792830526828766,7.043151378631592,23.179319381713867,7.04315185546875,23.1793212890625,6.548255920410156,22.790739059448242,13951,2025-08-01 00:23:00,2025-08-10 23:59:00
2025_10d训练_200d测试,train,ANN,SYG1_10MAA50CT121A,超高压排汽蒸汽温度#1,℃,Y1_VHP本体,0.9106764197349548,1.2843603667008021,0.9938845634460449,399.4964904785156,435.0658874511719,399.4964904785156,435.0658874511719,405.3460693359375,430.24267578125,13951,2025-08-01 00:23:00,2025-08-10 23:59:00
2025_10d训练_200d测试,train,GRU-RNN,SYG1_10MAA50CT121A,超高压排汽蒸汽温度#1,℃,Y1_VHP本体,0.9416437745094299,1.0381198134686038,0.7988484501838684,399.4964904785156,435.0658874511719,399.4964904785156,435.0658874511719,402.0155029296875,433.5043029785156,13951,2025-08-01 00:23:00,2025-08-10 23:59:00
2025_10d训练_200d测试,train,TCN,SYG1_10MAA50CT121A,超高压排汽蒸汽温度#1,℃,Y1_VHP本体,0.920752763748169,1.209750572064133,0.9316839575767517,399.4964904785156,435.0658874511719,399.4964904785156,435.0658874511719,402.9327392578125,432.5161437988281,13951,2025-08-01 00:23:00,2025-08-10 23:59:00
2025_10d训练_200d测试,train,iTransformer-small,SYG1_10MAA50CT121A,超高压排汽蒸汽温度#1,℃,Y1_VHP本体,0.8933781385421753,1.4032239781326417,1.0936858654022217,399.4964904785156,435.0658874511719,399.4964904785156,435.0658874511719,402.061767578125,433.37109375,13951,2025-08-01 00:23:00,2025-08-10 23:59:00
2025_10d训练_200d测试,train,ANN,SYG1_10MAA50CT122A,超高压排汽蒸汽温度#2,℃,Y1_VHP本体,0.9054868221282959,1.3147068090632612,1.0071793794631958,397.43304443359375,433.4461364746094,397.43304443359375,433.4461364746094,404.30340576171875,427.7467956542969,13951,2025-08-01 00:23:00,2025-08-10 23:59:00
2025_10d训练_200d测试,train,GRU-RNN,SYG1_10MAA50CT122A,超高压排汽蒸汽温度#2,℃,Y1_VHP本体,0.9377323389053345,1.0671219432796415,0.8215504884719849,397.43304443359375,433.4461364746094,397.43304443359375,433.4461364746094,400.2402038574219,431.4367370605469,13951,2025-08-01 00:23:00,2025-08-10 23:59:00
2025_10d训练_200d测试,train,TCN,SYG1_10MAA50CT122A,超高压排汽蒸汽温度#2,℃,Y1_VHP本体,0.9106104969978333,1.278574126408951,0.9879433512687683,397.43304443359375,433.4461364746094,397.43304443359375,433.4461364746094,401.8626403808594,430.35003662109375,13951,2025-08-01 00:23:00,2025-08-10 23:59:00
2025_10d训练_200d测试,train,iTransformer-small,SYG1_10MAA50CT122A,超高压排汽蒸汽温度#2,℃,Y1_VHP本体,0.8919031620025635,1.4060123666677966,1.0934531688690186,397.43304443359375,433.4461364746094,397.43304443359375,433.4461364746094,400.299560546875,431.50274658203125,13951,2025-08-01 00:23:00,2025-08-10 23:59:00
2025_10d训练_200d测试,train,ANN,SYG1_10MAA50CT123A,超高压排汽蒸汽温度#3,℃,Y1_VHP本体,0.8931965231895447,1.4015592543140198,1.0824023485183716,397.0870666503906,432.2364807128906,397.08709716796875,432.23651123046875,402.796875,425.46539306640625,13951,2025-08-01 00:23:00,2025-08-10 23:59:00
2025_10d训练_200d测试,train,GRU-RNN,SYG1_10MAA50CT123A,超高压排汽蒸汽温度#3,℃,Y1_VHP本体,0.9365143179893494,1.0805792034234305,0.8309530019760132,397.0870666503906,432.2364807128906,397.08709716796875,432.23651123046875,399.77520751953125,430.56890869140625,13951,2025-08-01 00:23:00,2025-08-10 23:59:00
2025_10d训练_200d测试,train,TCN,SYG1_10MAA50CT123A,超高压排汽蒸汽温度#3,℃,Y1_VHP本体,0.9163525104522705,1.2403525949438472,0.9588056206703186,397.0870666503906,432.2364807128906,397.08709716796875,432.23651123046875,400.3988037109375,429.9453430175781,13951,2025-08-01 00:23:00,2025-08-10 23:59:00
2025_10d训练_200d测试,train,iTransformer-small,SYG1_10MAA50CT123A,超高压排汽蒸汽温度#3,℃,Y1_VHP本体,0.8901402354240417,1.4214713393470884,1.1103633642196655,397.0870666503906,432.2364807128906,397.08709716796875,432.23651123046875,399.4100646972656,430.80340576171875,13951,2025-08-01 00:23:00,2025-08-10 23:59:00
2025_10d训练_200d测试,train,ANN,SYG1_10LBC01CP101,超高压缸A侧排汽垂直管压力,MPa,Y1_VHP本体,0.9806439280509949,0.24500658952113358,0.16334472596645355,3.375091314315796,11.254348754882812,3.375091075897217,11.254348754882812,3.6021199226379395,11.31477165222168,13951,2025-08-01 00:23:00,2025-08-10 23:59:00
2025_10d训练_200d测试,train,GRU-RNN,SYG1_10LBC01CP101,超高压缸A侧排汽垂直管压力,MPa,Y1_VHP本体,0.9968029856681824,0.09957318490016828,0.07304580509662628,3.375091314315796,11.254348754882812,3.375091075897217,11.254348754882812,3.3690757751464844,11.4376859664917,13951,2025-08-01 00:23:00,2025-08-10 23:59:00
2025_10d训练_200d测试,train,TCN,SYG1_10LBC01CP101,超高压缸A侧排汽垂直管压力,MPa,Y1_VHP本体,0.9933011531829834,0.14413471855943247,0.10482336580753326,3.375091314315796,11.254348754882812,3.375091075897217,11.254348754882812,3.258723735809326,11.37962818145752,13951,2025-08-01 00:23:00,2025-08-10 23:59:00
2025_10d训练_200d测试,train,iTransformer-small,SYG1_10LBC01CP101,超高压缸A侧排汽垂直管压力,MPa,Y1_VHP本体,0.993428647518158,0.14275690523129736,0.1079731360077858,3.375091314315796,11.254348754882812,3.375091075897217,11.254348754882812,3.0723776817321777,11.123626708984375,13951,2025-08-01 00:23:00,2025-08-10 23:59:00
2025_10d训练_200d测试,train,ANN,SYG1_10LBC02CP101,超高压缸B侧排汽垂直管压力,MPa,Y1_VHP本体,0.991642951965332,0.16238829161407206,0.11453177034854889,3.402557373046875,11.343612670898438,3.402557373046875,11.343612670898438,3.0611424446105957,11.262809753417969,13951,2025-08-01 00:23:00,2025-08-10 23:59:00
2025_10d训练_200d测试,train,GRU-RNN,SYG1_10LBC02CP101,超高压缸B侧排汽垂直管压力,MPa,Y1_VHP本体,0.9961876273155212,0.10967913984298788,0.0808117613196373,3.402557373046875,11.343612670898438,3.402557373046875,11.343612670898438,3.380187511444092,11.264080047607422,13951,2025-08-01 00:23:00,2025-08-10 23:59:00
2025_10d训练_200d测试,train,TCN,SYG1_10LBC02CP101,超高压缸B侧排汽垂直管压力,MPa,Y1_VHP本体,0.9920227527618408,0.15865539729114797,0.1164999008178711,3.402557373046875,11.343612670898438,3.402557373046875,11.343612670898438,3.3130640983581543,11.337867736816406,13951,2025-08-01 00:23:00,2025-08-10 23:59:00
2025_10d训练_200d测试,train,iTransformer-small,SYG1_10LBC02CP101,超高压缸B侧排汽垂直管压力,MPa,Y1_VHP本体,0.9935178756713867,0.14301690426736427,0.10779782384634018,3.402557373046875,11.343612670898438,3.402557373046875,11.343612670898438,3.1319069862365723,11.28467845916748,13951,2025-08-01 00:23:00,2025-08-10 23:59:00
2025_10d训练_200d测试,train,ANN,SYG1_10LBC01CT101,超高压缸A侧排汽垂直管温度,℃,Y1_VHP本体,0.9025781154632568,1.4964917004753735,1.116508960723877,397.30804443359375,439.3348693847656,397.30804443359375,439.3348693847656,404.071044921875,430.871826171875,13951,2025-08-01 00:23:00,2025-08-10 23:59:00
2025_10d训练_200d测试,train,GRU-RNN,SYG1_10LBC01CT101,超高压缸A侧排汽垂直管温度,℃,Y1_VHP本体,0.9735084176063538,0.7803688420681052,0.5758388042449951,397.30804443359375,439.3348693847656,397.30804443359375,439.3348693847656,400.1214904785156,436.0783386230469,13951,2025-08-01 00:23:00,2025-08-10 23:59:00
2025_10d训练_200d测试,train,TCN,SYG1_10LBC01CT101,超高压缸A侧排汽垂直管温度,℃,Y1_VHP本体,0.958408772945404,0.9777929869887377,0.7323775887489319,397.30804443359375,439.3348693847656,397.30804443359375,439.3348693847656,401.14337158203125,434.6620788574219,13951,2025-08-01 00:23:00,2025-08-10 23:59:00
2025_10d训练_200d测试,train,iTransformer-small,SYG1_10LBC01CT101,超高压缸A侧排汽垂直管温度,℃,Y1_VHP本体,0.9404516220092773,1.1699866784796416,0.8871328830718994,397.30804443359375,439.3348693847656,397.30804443359375,439.3348693847656,399.9583435058594,433.92352294921875,13951,2025-08-01 00:23:00,2025-08-10 23:59:00
2025_10d训练_200d测试,train,ANN,SYG1_10LBC02CT101,超高压缸B侧排汽垂直管温度,℃,Y1_VHP本体,0.9089480638504028,1.450650148317547,1.0565845966339111,401.0221252441406,441.87353515625,401.0221252441406,441.87353515625,406.5110778808594,433.4818115234375,13951,2025-08-01 00:23:00,2025-08-10 23:59:00
2025_10d训练_200d测试,train,GRU-RNN,SYG1_10LBC02CT101,超高压缸B侧排汽垂直管温度,℃,Y1_VHP本体,0.9758651256561279,0.7468618862644827,0.5564271807670593,401.0221252441406,441.87353515625,401.0221252441406,441.87353515625,403.1883850097656,439.2823181152344,13951,2025-08-01 00:23:00,2025-08-10 23:59:00
2025_10d训练_200d测试,train,TCN,SYG1_10LBC02CT101,超高压缸B侧排汽垂直管温度,℃,Y1_VHP本体,0.9606204628944397,0.9540107551084418,0.7145025730133057,401.0221252441406,441.87353515625,401.0221252441406,441.87353515625,404.0528564453125,437.74163818359375,13951,2025-08-01 00:23:00,2025-08-10 23:59:00
2025_10d训练_200d测试,train,iTransformer-small,SYG1_10LBC02CT101,超高压缸B侧排汽垂直管温度,℃,Y1_VHP本体,0.9444414973258972,1.1331652388079543,0.8650838732719421,401.0221252441406,441.87353515625,401.0221252441406,441.87353515625,402.4346618652344,436.5927429199219,13951,2025-08-01 00:23:00,2025-08-10 23:59:00
2025_10d训练_200d测试,train,ANN,SYG1_10LBQ10CP101,一级抽汽口压力,MPa,Y2_一级抽汽接口,0.9920228719711304,0.15615709045906156,0.11809288710355759,3.355590581893921,11.17877197265625,3.355590343475342,11.17877197265625,3.199051856994629,11.153976440429688,13951,2025-08-01 00:23:00,2025-08-10 23:59:00
2025_10d训练_200d测试,train,GRU-RNN,SYG1_10LBQ10CP101,一级抽汽口压力,MPa,Y2_一级抽汽接口,0.9963296055793762,0.10592373970991271,0.0783853605389595,3.355590581893921,11.17877197265625,3.355590343475342,11.17877197265625,3.2963619232177734,11.503032684326172,13951,2025-08-01 00:23:00,2025-08-10 23:59:00
2025_10d训练_200d测试,train,TCN,SYG1_10LBQ10CP101,一级抽汽口压力,MPa,Y2_一级抽汽接口,0.9937297105789185,0.13844692090531,0.10258755832910538,3.355590581893921,11.17877197265625,3.355590343475342,11.17877197265625,3.4006333351135254,11.115852355957031,13951,2025-08-01 00:23:00,2025-08-10 23:59:00
2025_10d训练_200d测试,train,iTransformer-small,SYG1_10LBQ10CP101,一级抽汽口压力,MPa,Y2_一级抽汽接口,0.993269681930542,0.1434353182923857,0.10814525187015533,3.355590581893921,11.17877197265625,3.355590343475342,11.17877197265625,3.1046199798583984,11.064013481140137,13951,2025-08-01 00:23:00,2025-08-10 23:59:00
2025_10d训练_200d测试,train,ANN,SYG1_10LBQ10CT101A,一级抽汽口温度,℃,Y2_一级抽汽接口,0.9216902256011963,1.3125781989643919,0.9697306752204895,400.3775939941406,440.5112609863281,400.3775939941406,440.5112609863281,406.64324951171875,433.1458435058594,13951,2025-08-01 00:23:00,2025-08-10 23:59:00
2025_10d训练_200d测试,train,GRU-RNN,SYG1_10LBQ10CT101A,一级抽汽口温度,℃,Y2_一级抽汽接口,0.976816713809967,0.7141749687854748,0.5199271440505981,400.3775939941406,440.5112609863281,400.3775939941406,440.5112609863281,402.96343994140625,438.01470947265625,13951,2025-08-01 00:23:00,2025-08-10 23:59:00
2025_10d训练_200d测试,train,TCN,SYG1_10LBQ10CT101A,一级抽汽口温度,℃,Y2_一级抽汽接口,0.9645350575447083,0.8833171111242732,0.6578163504600525,400.3775939941406,440.5112609863281,400.3775939941406,440.5112609863281,403.0982360839844,436.4579772949219,13951,2025-08-01 00:23:00,2025-08-10 23:59:00
2025_10d训练_200d测试,train,iTransformer-small,SYG1_10LBQ10CT101A,一级抽汽口温度,℃,Y2_一级抽汽接口,0.9459750652313232,1.0902200684929402,0.8272557258605957,400.3775939941406,440.5112609863281,400.3775939941406,440.5112609863281,402.52447509765625,435.6240539550781,13951,2025-08-01 00:23:00,2025-08-10 23:59:00
2025_10d训练_200d测试,train,ANN,SYG1_10LBQ10CT102,一级抽汽逆止门前水平管管顶温度,℃,Y2_一级抽汽接口,0.92128986120224,1.2962153032270318,0.9381396770477295,397.8882141113281,437.2167663574219,397.8882141113281,437.2167663574219,404.0660400390625,429.5151672363281,13951,2025-08-01 00:23:00,2025-08-10 23:59:00
2025_10d训练_200d测试,train,GRU-RNN,SYG1_10LBQ10CT102,一级抽汽逆止门前水平管管顶温度,℃,Y2_一级抽汽接口,0.9791359901428223,0.6673612453245764,0.500665009021759,397.8882141113281,437.2167663574219,397.8882141113281,437.2167663574219,401.04754638671875,434.28167724609375,13951,2025-08-01 00:23:00,2025-08-10 23:59:00
2025_10d训练_200d测试,train,TCN,SYG1_10LBQ10CT102,一级抽汽逆止门前水平管管顶温度,℃,Y2_一级抽汽接口,0.9677782654762268,0.8293469608399537,0.6341032981872559,397.8882141113281,437.2167663574219,397.8882141113281,437.2167663574219,400.9086608886719,432.9000549316406,13951,2025-08-01 00:23:00,2025-08-10 23:59:00
2025_10d训练_200d测试,train,iTransformer-small,SYG1_10LBQ10CT102,一级抽汽逆止门前水平管管顶温度,℃,Y2_一级抽汽接口,0.9494242072105408,1.039042078262074,0.7955381274223328,397.8882141113281,437.2167663574219,397.8882141113281,437.2167663574219,399.91668701171875,432.3377990722656,13951,2025-08-01 00:23:00,2025-08-10 23:59:00
2025_10d训练_200d测试,train,ANN,SYG1_10LBQ10CT103,一级抽汽逆止门前水平管管底温度,℃,Y2_一级抽汽接口,0.9262893199920654,1.2619748165713203,0.926936686038971,398.8587341308594,438.181640625,398.8587341308594,438.181640625,403.9476013183594,430.958251953125,13951,2025-08-01 00:23:00,2025-08-10 23:59:00
2025_10d训练_200d测试,train,GRU-RNN,SYG1_10LBQ10CT103,一级抽汽逆止门前水平管管底温度,℃,Y2_一级抽汽接口,0.97971111536026,0.6620864189016833,0.490752637386322,398.8587341308594,438.181640625,398.8587341308594,438.181640625,400.5081787109375,435.140869140625,13951,2025-08-01 00:23:00,2025-08-10 23:59:00
2025_10d训练_200d测试,train,TCN,SYG1_10LBQ10CT103,一级抽汽逆止门前水平管管底温度,℃,Y2_一级抽汽接口,0.9662947654724121,0.8533637917814754,0.6505621075630188,398.8587341308594,438.181640625,398.8587341308594,438.181640625,401.0043640136719,433.5830078125,13951,2025-08-01 00:23:00,2025-08-10 23:59:00
2025_10d训练_200d测试,train,iTransformer-small,SYG1_10LBQ10CT103,一级抽汽逆止门前水平管管底温度,℃,Y2_一级抽汽接口,0.9494736194610596,1.0448273517958506,0.7987357974052429,398.8587341308594,438.181640625,398.8587341308594,438.181640625,400.400146484375,433.06134033203125,13951,2025-08-01 00:23:00,2025-08-10 23:59:00
2025_10d训练_200d测试,train,ANN,SYG1_10LBQ10CT104,一级抽汽逆止门后水平管管顶温度,℃,Y2_一级抽汽接口,0.9213230013847351,1.2824412599760666,0.9391688108444214,398.7582702636719,437.79345703125,398.7582702636719,437.79345703125,403.95208740234375,430.02008056640625,13951,2025-08-01 00:23:00,2025-08-10 23:59:00
2025_10d训练_200d测试,train,GRU-RNN,SYG1_10LBQ10CT104,一级抽汽逆止门后水平管管顶温度,℃,Y2_一级抽汽接口,0.9784398674964905,0.6713347591754668,0.4981619417667389,398.7582702636719,437.79345703125,398.7582702636719,437.79345703125,401.24652099609375,434.81005859375,13951,2025-08-01 00:23:00,2025-08-10 23:59:00
2025_10d训练_200d测试,train,TCN,SYG1_10LBQ10CT104,一级抽汽逆止门后水平管管顶温度,℃,Y2_一级抽汽接口,0.9670712947845459,0.8296612219950491,0.6368832588195801,398.7582702636719,437.79345703125,398.7582702636719,437.79345703125,401.82550048828125,433.79010009765625,13951,2025-08-01 00:23:00,2025-08-10 23:59:00
2025_10d训练_200d测试,train,iTransformer-small,SYG1_10LBQ10CT104,一级抽汽逆止门后水平管管顶温度,℃,Y2_一级抽汽接口,0.9469369649887085,1.0531966233164216,0.8071854710578918,398.7582702636719,437.79345703125,398.7582702636719,437.79345703125,400.7978210449219,432.8563537597656,13951,2025-08-01 00:23:00,2025-08-10 23:59:00
2025_10d训练_200d测试,train,ANN,SYG1_10LBQ10CT105,一级抽汽逆止门后水平管管底温度,℃,Y2_一级抽汽接口,0.9241150617599487,1.2676418388353459,0.928260326385498,398.4236755371094,437.60491943359375,398.4236755371094,437.60491943359375,402.71771240234375,430.132568359375,13951,2025-08-01 00:23:00,2025-08-10 23:59:00
2025_10d训练_200d测试,train,GRU-RNN,SYG1_10LBQ10CT105,一级抽汽逆止门后水平管管底温度,℃,Y2_一级抽汽接口,0.9803546667098999,0.6449834913166731,0.4801819622516632,398.4236755371094,437.60491943359375,398.4236755371094,437.60491943359375,400.8740539550781,434.7654724121094,13951,2025-08-01 00:23:00,2025-08-10 23:59:00
2025_10d训练_200d测试,train,TCN,SYG1_10LBQ10CT105,一级抽汽逆止门后水平管管底温度,℃,Y2_一级抽汽接口,0.9667398929595947,0.8392290216505188,0.6446449160575867,398.4236755371094,437.60491943359375,398.4236755371094,437.60491943359375,401.56640625,432.7845458984375,13951,2025-08-01 00:23:00,2025-08-10 23:59:00
2025_10d训练_200d测试,train,iTransformer-small,SYG1_10LBQ10CT105,一级抽汽逆止门后水平管管底温度,℃,Y2_一级抽汽接口,0.9486290216445923,1.04298406582563,0.8006229400634766,398.4236755371094,437.60491943359375,398.4236755371094,437.60491943359375,399.9858093261719,432.60919189453125,13951,2025-08-01 00:23:00,2025-08-10 23:59:00
2025_10d训练_200d测试,train,ANN,SYG1_10LBQ10CP102,1号高加入口抽汽压力,MPa,Y2_一级抽汽接口,0.9890521168708801,0.17784832875013754,0.13676303625106812,3.405029296875,10.9947509765625,3.405028820037842,10.9947509765625,3.263770580291748,10.955289840698242,13951,2025-08-01 00:23:00,2025-08-10 23:59:00
2025_10d训练_200d测试,train,GRU-RNN,SYG1_10LBQ10CP102,1号高加入口抽汽压力,MPa,Y2_一级抽汽接口,0.9967603087425232,0.0967469559355105,0.07010824233293533,3.405029296875,10.9947509765625,3.405028820037842,10.9947509765625,3.3910508155822754,11.117908477783203,13951,2025-08-01 00:23:00,2025-08-10 23:59:00
2025_10d训练_200d测试,train,TCN,SYG1_10LBQ10CP102,1号高加入口抽汽压力,MPa,Y2_一级抽汽接口,0.9937059283256531,0.13484992970111884,0.09979435056447983,3.405029296875,10.9947509765625,3.405028820037842,10.9947509765625,3.276677131652832,11.066205978393555,13951,2025-08-01 00:23:00,2025-08-10 23:59:00
2025_10d训练_200d测试,train,iTransformer-small,SYG1_10LBQ10CP102,1号高加入口抽汽压力,MPa,Y2_一级抽汽接口,0.9930338859558105,0.14186633119272704,0.10796995460987091,3.405029296875,10.9947509765625,3.405028820037842,10.9947509765625,3.192824363708496,10.853933334350586,13951,2025-08-01 00:23:00,2025-08-10 23:59:00
2025_10d训练_200d测试,train,ANN,SYG1_10LBQ10CT106,1号高加入口抽汽温度,℃,Y2_一级抽汽接口,0.9167096018791199,1.3009456496266363,0.9544973373413086,397.59814453125,436.3515930175781,397.59814453125,436.3515930175781,404.4482116699219,428.6847229003906,13951,2025-08-01 00:23:00,2025-08-10 23:59:00
2025_10d训练_200d测试,train,GRU-RNN,SYG1_10LBQ10CT106,1号高加入口抽汽温度,℃,Y2_一级抽汽接口,0.9770416617393494,0.6830176405380936,0.5059062838554382,397.59814453125,436.3515930175781,397.59814453125,436.3515930175781,399.8603515625,433.0495910644531,13951,2025-08-01 00:23:00,2025-08-10 23:59:00
2025_10d训练_200d测试,train,TCN,SYG1_10LBQ10CT106,1号高加入口抽汽温度,℃,Y2_一级抽汽接口,0.9635604023933411,0.8604949935532491,0.6683852672576904,397.59814453125,436.3515930175781,397.59814453125,436.3515930175781,400.43096923828125,432.0849304199219,13951,2025-08-01 00:23:00,2025-08-10 23:59:00
2025_10d训练_200d测试,train,iTransformer-small,SYG1_10LBQ10CT106,1号高加入口抽汽温度,℃,Y2_一级抽汽接口,0.94408118724823,1.0659592917973482,0.8185977339744568,397.59814453125,436.3515930175781,397.59814453125,436.3515930175781,399.4642028808594,431.4571228027344,13951,2025-08-01 00:23:00,2025-08-10 23:59:00
2025_10d训练_200d测试,train,ANN,SYG1_10LBC20CT101,一次低温再热逆止阀前母管管底温度,℃,Y3_VHP至RH1接口,0.9221513271331787,1.2956345382170038,0.9538692235946655,400.6988830566406,439.14642333984375,400.6988830566406,439.14642333984375,405.7347717285156,431.8912353515625,13951,2025-08-01 00:23:00,2025-08-10 23:59:00
2025_10d训练_200d测试,train,GRU-RNN,SYG1_10LBC20CT101,一次低温再热逆止阀前母管管底温度,℃,Y3_VHP至RH1接口,0.9794667959213257,0.6654032691613263,0.49502724409103394,400.6988830566406,439.14642333984375,400.6988830566406,439.14642333984375,402.7724914550781,436.28009033203125,13951,2025-08-01 00:23:00,2025-08-10 23:59:00
2025_10d训练_200d测试,train,TCN,SYG1_10LBC20CT101,一次低温再热逆止阀前母管管底温度,℃,Y3_VHP至RH1接口,0.9684247970581055,0.8251439185756975,0.6312723755836487,400.6988830566406,439.14642333984375,400.6988830566406,439.14642333984375,403.4446105957031,434.89501953125,13951,2025-08-01 00:23:00,2025-08-10 23:59:00
2025_10d训练_200d测试,train,iTransformer-small,SYG1_10LBC20CT101,一次低温再热逆止阀前母管管底温度,℃,Y3_VHP至RH1接口,0.9509077668190002,1.0288765499662706,0.7856511473655701,400.6988830566406,439.14642333984375,400.6988830566406,439.14642333984375,402.185546875,434.692138671875,13951,2025-08-01 00:23:00,2025-08-10 23:59:00
2025_10d训练_200d测试,train,ANN,SYG1_10LBC20CT103,一次低温再热逆止阀后水平管管顶温度,℃,Y3_VHP至RH1接口,0.9167048931121826,1.3515587514483558,0.9792124032974243,399.53912353515625,438.4256591796875,399.53912353515625,438.4256591796875,405.17816162109375,430.1479797363281,13951,2025-08-01 00:23:00,2025-08-10 23:59:00
2025_10d训练_200d测试,train,GRU-RNN,SYG1_10LBC20CT103,一次低温再热逆止阀后水平管管顶温度,℃,Y3_VHP至RH1接口,0.9772051572799683,0.7070388582779199,0.5291107296943665,399.53912353515625,438.4256591796875,399.53912353515625,438.4256591796875,401.9064025878906,435.302978515625,13951,2025-08-01 00:23:00,2025-08-10 23:59:00
2025_10d训练_200d测试,train,TCN,SYG1_10LBC20CT103,一次低温再热逆止阀后水平管管顶温度,℃,Y3_VHP至RH1接口,0.9686897993087769,0.828644283795941,0.6275026202201843,399.53912353515625,438.4256591796875,399.53912353515625,438.4256591796875,401.7918701171875,434.39471435546875,13951,2025-08-01 00:23:00,2025-08-10 23:59:00
2025_10d训练_200d测试,train,iTransformer-small,SYG1_10LBC20CT103,一次低温再热逆止阀后水平管管顶温度,℃,Y3_VHP至RH1接口,0.9503560662269592,1.043418016003318,0.7970107793807983,399.53912353515625,438.4256591796875,399.53912353515625,438.4256591796875,400.6171875,433.86279296875,13951,2025-08-01 00:23:00,2025-08-10 23:59:00
2025_10d训练_200d测试,train,ANN,SYG1_10LBC20CT104,一次低温再热逆止阀后水平管管底温度,℃,Y3_VHP至RH1接口,0.916523277759552,1.3194468894177365,0.956606924533844,403.1515197753906,440.04437255859375,403.1515197753906,440.04437255859375,407.60888671875,432.6304626464844,13951,2025-08-01 00:23:00,2025-08-10 23:59:00
2025_10d训练_200d测试,train,GRU-RNN,SYG1_10LBC20CT104,一次低温再热逆止阀后水平管管底温度,℃,Y3_VHP至RH1接口,0.9822219014167786,0.6089083523184193,0.45917487144470215,403.1515197753906,440.04437255859375,403.1515197753906,440.04437255859375,404.86187744140625,437.525634765625,13951,2025-08-01 00:23:00,2025-08-10 23:59:00
2025_10d训练_200d测试,train,TCN,SYG1_10LBC20CT104,一次低温再热逆止阀后水平管管底温度,℃,Y3_VHP至RH1接口,0.9672964215278625,0.8258606164302414,0.6366875171661377,403.1515197753906,440.04437255859375,403.1515197753906,440.04437255859375,404.7538146972656,436.02972412109375,13951,2025-08-01 00:23:00,2025-08-10 23:59:00
2025_10d训练_200d测试,train,iTransformer-small,SYG1_10LBC20CT104,一次低温再热逆止阀后水平管管底温度,℃,Y3_VHP至RH1接口,0.9523286819458008,0.9970980200434431,0.7659361958503723,403.1515197753906,440.04437255859375,403.1515197753906,440.04437255859375,404.3299865722656,436.1009521484375,13951,2025-08-01 00:23:00,2025-08-10 23:59:00
2025_10d训练_200d测试,train,ANN,SYG1_10MAA50CT111A,超高压内缸壁温90%处#1,℃,Y4_VHP缸体与内部蒸汽,0.8992311954498291,1.2631616048591068,0.9671737551689148,557.6600952148438,588.1948852539062,557.6600952148438,588.1948852539062,566.3947143554688,586.5302734375,13951,2025-08-01 00:23:00,2025-08-10 23:59:00
2025_10d训练_200d测试,train,GRU-RNN,SYG1_10MAA50CT111A,超高压内缸壁温90%处#1,℃,Y4_VHP缸体与内部蒸汽,0.9717852473258972,0.6683963277156015,0.523502767086029,557.6600952148438,588.1948852539062,557.6600952148438,588.1948852539062,560.795166015625,588.3030395507812,13951,2025-08-01 00:23:00,2025-08-10 23:59:00
2025_10d训练_200d测试,train,TCN,SYG1_10MAA50CT111A,超高压内缸壁温90%处#1,℃,Y4_VHP缸体与内部蒸汽,0.9590923190116882,0.8048190777803027,0.6338099837303162,557.6600952148438,588.1948852539062,557.6600952148438,588.1948852539062,562.110107421875,588.776611328125,13951,2025-08-01 00:23:00,2025-08-10 23:59:00
2025_10d训练_200d测试,train,iTransformer-small,SYG1_10MAA50CT111A,超高压内缸壁温90%处#1,℃,Y4_VHP缸体与内部蒸汽,0.9166780710220337,1.1486178405751144,0.8989086151123047,557.6600952148438,588.1948852539062,557.6600952148438,588.1948852539062,563.0562744140625,587.5958251953125,13951,2025-08-01 00:23:00,2025-08-10 23:59:00
2025_10d训练_200d测试,train,ANN,SYG1_10MAA50CT112A,超高压内缸壁温90%处#2,℃,Y4_VHP缸体与内部蒸汽,0.9141707420349121,1.2699922634249552,0.9698116183280945,562.9216918945312,597.0892333984375,562.9216918945312,597.0892333984375,570.2872314453125,595.2064819335938,13951,2025-08-01 00:23:00,2025-08-10 23:59:00
2025_10d训练_200d测试,train,GRU-RNN,SYG1_10MAA50CT112A,超高压内缸壁温90%处#2,℃,Y4_VHP缸体与内部蒸汽,0.9688987135887146,0.7644914682759258,0.6010836958885193,562.9216918945312,597.0892333984375,562.9216918945312,597.0892333984375,566.0958251953125,596.4508666992188,13951,2025-08-01 00:23:00,2025-08-10 23:59:00
2025_10d训练_200d测试,train,TCN,SYG1_10MAA50CT112A,超高压内缸壁温90%处#2,℃,Y4_VHP缸体与内部蒸汽,0.9539170861244202,0.9305789744496894,0.730319082736969,562.9216918945312,597.0892333984375,562.9216918945312,597.0892333984375,567.2647094726562,596.5228881835938,13951,2025-08-01 00:23:00,2025-08-10 23:59:00
2025_10d训练_200d测试,train,iTransformer-small,SYG1_10MAA50CT112A,超高压内缸壁温90%处#2,℃,Y4_VHP缸体与内部蒸汽,0.9111133217811584,1.2924142899123772,1.0032949447631836,562.9216918945312,597.0892333984375,562.9216918945312,597.0892333984375,569.0361328125,595.67333984375,13951,2025-08-01 00:23:00,2025-08-10 23:59:00
2025_10d训练_200d测试,train,ANN,SYG1_10MAA50CT131A,超高压缸蒸汽温度100%,℃,Y4_VHP缸体与内部蒸汽,0.8693658113479614,1.5483613242803966,1.2255619764328003,511.4459228515625,542.691650390625,511.4458923339844,542.691650390625,515.8585205078125,539.0260620117188,13951,2025-08-01 00:23:00,2025-08-10 23:59:00
2025_10d训练_200d测试,train,GRU-RNN,SYG1_10MAA50CT131A,超高压缸蒸汽温度100%,℃,Y4_VHP缸体与内部蒸汽,0.977257251739502,0.6460489610417862,0.5015894770622253,511.4459228515625,542.691650390625,511.4458923339844,542.691650390625,513.8117065429688,541.7782592773438,13951,2025-08-01 00:23:00,2025-08-10 23:59:00
2025_10d训练_200d测试,train,TCN,SYG1_10MAA50CT131A,超高压缸蒸汽温度100%,℃,Y4_VHP缸体与内部蒸汽,0.967055082321167,0.7775672706253446,0.5968294143676758,511.4459228515625,542.691650390625,511.4458923339844,542.691650390625,513.8442993164062,541.4268188476562,13951,2025-08-01 00:23:00,2025-08-10 23:59:00
2025_10d训练_200d测试,train,iTransformer-small,SYG1_10MAA50CT131A,超高压缸蒸汽温度100%,℃,Y4_VHP缸体与内部蒸汽,0.9338392615318298,1.1019047956067882,0.8453094363212585,511.4459228515625,542.691650390625,511.4458923339844,542.691650390625,513.5092163085938,541.9144897460938,13951,2025-08-01 00:23:00,2025-08-10 23:59:00
2025_10d训练_200d测试,test,ANN,SYG1_10MAA50CP101,超高压缸叶片级压力#1,MPa,Y1_VHP本体,0.9626635909080505,0.9614378394150037,0.6711773872375488,7.040862560272217,23.186185836791992,6.173399925231934,24.0399169921875,7.709478378295898,23.079116821289062,257262,2025-08-11 00:23:00,2026-02-26 23:59:00
2025_10d训练_200d测试,test,GRU-RNN,SYG1_10MAA50CP101,超高压缸叶片级压力#1,MPa,Y1_VHP本体,0.9890217781066895,0.5213392248562672,0.3039167523384094,7.040862560272217,23.186185836791992,6.173399925231934,24.0399169921875,6.680891036987305,23.707714080810547,257262,2025-08-11 00:23:00,2026-02-26 23:59:00
2025_10d训练_200d测试,test,TCN,SYG1_10MAA50CP101,超高压缸叶片级压力#1,MPa,Y1_VHP本体,0.9810649156570435,0.6846818601792986,0.4229144752025604,7.040862560272217,23.186185836791992,6.173399925231934,24.0399169921875,6.9642133712768555,24.119102478027344,257262,2025-08-11 00:23:00,2026-02-26 23:59:00
2025_10d训练_200d测试,test,iTransformer-small,SYG1_10MAA50CP101,超高压缸叶片级压力#1,MPa,Y1_VHP本体,0.990624189376831,0.4817909408359767,0.2986370623111725,7.040862560272217,23.186185836791992,6.173399925231934,24.0399169921875,4.58212947845459,23.100479125976562,257262,2025-08-11 00:23:00,2026-02-26 23:59:00
2025_10d训练_200d测试,test,ANN,SYG1_10MAA50CP102,超高压缸叶片级压力#2,MPa,Y1_VHP本体,0.9801409244537354,0.700998332614793,0.41546300053596497,7.03857421875,23.193052291870117,6.18255615234375,24.042205810546875,6.731081962585449,22.828006744384766,257262,2025-08-11 00:23:00,2026-02-26 23:59:00
2025_10d训练_200d测试,test,GRU-RNN,SYG1_10MAA50CP102,超高压缸叶片级压力#2,MPa,Y1_VHP本体,0.9871028065681458,0.5649179043245842,0.3436557352542877,7.03857421875,23.193052291870117,6.18255615234375,24.042205810546875,6.512630462646484,23.63676643371582,257262,2025-08-11 00:23:00,2026-02-26 23:59:00
2025_10d训练_200d测试,test,TCN,SYG1_10MAA50CP102,超高压缸叶片级压力#2,MPa,Y1_VHP本体,0.9869534373283386,0.5681799379230946,0.3764567971229553,7.03857421875,23.193052291870117,6.18255615234375,24.042205810546875,6.453021049499512,23.892208099365234,257262,2025-08-11 00:23:00,2026-02-26 23:59:00
2025_10d训练_200d测试,test,iTransformer-small,SYG1_10MAA50CP102,超高压缸叶片级压力#2,MPa,Y1_VHP本体,0.9904668927192688,0.485685406392825,0.2972719669342041,7.03857421875,23.193052291870117,6.18255615234375,24.042205810546875,4.542325019836426,23.325172424316406,257262,2025-08-11 00:23:00,2026-02-26 23:59:00
2025_10d训练_200d测试,test,ANN,SYG1_10MAA50CP103,超高压缸叶片级压力#3,MPa,Y1_VHP本体,0.9780950546264648,0.7361506240564328,0.44653552770614624,7.043151378631592,23.179319381713867,6.18255615234375,24.037628173828125,7.078392028808594,22.975379943847656,257262,2025-08-11 00:23:00,2026-02-26 23:59:00
2025_10d训练_200d测试,test,GRU-RNN,SYG1_10MAA50CP103,超高压缸叶片级压力#3,MPa,Y1_VHP本体,0.9890141487121582,0.5213297353908568,0.3029390871524811,7.043151378631592,23.179319381713867,6.18255615234375,24.037628173828125,6.653908729553223,24.494632720947266,257262,2025-08-11 00:23:00,2026-02-26 23:59:00
2025_10d训练_200d测试,test,TCN,SYG1_10MAA50CP103,超高压缸叶片级压力#3,MPa,Y1_VHP本体,0.9814671874046326,0.6771208434840882,0.43505215644836426,7.043151378631592,23.179319381713867,6.18255615234375,24.037628173828125,7.3238935470581055,23.584074020385742,257262,2025-08-11 00:23:00,2026-02-26 23:59:00
2025_10d训练_200d测试,test,iTransformer-small,SYG1_10MAA50CP103,超高压缸叶片级压力#3,MPa,Y1_VHP本体,0.9907202124595642,0.479141728816494,0.2957697808742523,7.043151378631592,23.179319381713867,6.18255615234375,24.037628173828125,4.675600051879883,23.16338539123535,257262,2025-08-11 00:23:00,2026-02-26 23:59:00
2025_10d训练_200d测试,test,ANN,SYG1_10MAA50CT121A,超高压排汽蒸汽温度#1,℃,Y1_VHP本体,0.7041443586349487,2.888726348053832,1.7968430519104004,399.4964904785156,435.0658874511719,330.208740234375,439.4911193847656,404.9253845214844,430.28179931640625,257262,2025-08-11 00:23:00,2026-02-26 23:59:00
2025_10d训练_200d测试,test,GRU-RNN,SYG1_10MAA50CT121A,超高压排汽蒸汽温度#1,℃,Y1_VHP本体,0.8177939653396606,2.266980837572281,1.3811920881271362,399.4964904785156,435.0658874511719,330.208740234375,439.4911193847656,399.2982482910156,435.2727966308594,257262,2025-08-11 00:23:00,2026-02-26 23:59:00
2025_10d训练_200d测试,test,TCN,SYG1_10MAA50CT121A,超高压排汽蒸汽温度#1,℃,Y1_VHP本体,0.782198429107666,2.4785460221491014,1.5104137659072876,399.4964904785156,435.0658874511719,330.208740234375,439.4911193847656,401.3992004394531,433.32586669921875,257262,2025-08-11 00:23:00,2026-02-26 23:59:00
2025_10d训练_200d测试,test,iTransformer-small,SYG1_10MAA50CT121A,超高压排汽蒸汽温度#1,℃,Y1_VHP本体,0.7030375003814697,2.8941249793957247,1.7958875894546509,399.4964904785156,435.0658874511719,330.208740234375,439.4911193847656,401.0791015625,433.6123046875,257262,2025-08-11 00:23:00,2026-02-26 23:59:00
2025_10d训练_200d测试,test,ANN,SYG1_10MAA50CT122A,超高压排汽蒸汽温度#2,℃,Y1_VHP本体,0.699939489364624,2.871860282453447,1.7532007694244385,397.43304443359375,433.4461364746094,328.898681640625,437.583984375,404.0458068847656,427.8851623535156,257262,2025-08-11 00:23:00,2026-02-26 23:59:00
2025_10d训练_200d测试,test,GRU-RNN,SYG1_10MAA50CT122A,超高压排汽蒸汽温度#2,℃,Y1_VHP本体,0.8141096234321594,2.26041059595749,1.3443379402160645,397.43304443359375,433.4461364746094,328.898681640625,437.583984375,398.2622375488281,433.9195861816406,257262,2025-08-11 00:23:00,2026-02-26 23:59:00
2025_10d训练_200d测试,test,TCN,SYG1_10MAA50CT122A,超高压排汽蒸汽温度#2,℃,Y1_VHP本体,0.763835072517395,2.547807206937115,1.538374900817871,397.43304443359375,433.4461364746094,328.898681640625,437.583984375,400.3661804199219,431.3693542480469,257262,2025-08-11 00:23:00,2026-02-26 23:59:00
2025_10d训练_200d测试,test,iTransformer-small,SYG1_10MAA50CT122A,超高压排汽蒸汽温度#2,℃,Y1_VHP本体,0.6993193030357361,2.87482667483439,1.7785438299179077,397.43304443359375,433.4461364746094,328.898681640625,437.583984375,399.4145202636719,431.8184814453125,257262,2025-08-11 00:23:00,2026-02-26 23:59:00
2025_10d训练_200d测试,test,ANN,SYG1_10MAA50CT123A,超高压排汽蒸汽温度#3,℃,Y1_VHP本体,0.7250674366950989,2.762937371338379,1.7327061891555786,397.0870666503906,432.2364807128906,327.9609375,437.67266845703125,402.2531433105469,425.51580810546875,257262,2025-08-11 00:23:00,2026-02-26 23:59:00
2025_10d训练_200d测试,test,GRU-RNN,SYG1_10MAA50CT123A,超高压排汽蒸汽温度#3,℃,Y1_VHP本体,0.8232951164245605,2.2150431010097873,1.303781509399414,397.0870666503906,432.2364807128906,327.9609375,437.67266845703125,397.3732604980469,432.9263610839844,257262,2025-08-11 00:23:00,2026-02-26 23:59:00
2025_10d训练_200d测试,test,TCN,SYG1_10MAA50CT123A,超高压排汽蒸汽温度#3,℃,Y1_VHP本体,0.7946617603302002,2.3877721980847104,1.4164315462112427,397.0870666503906,432.2364807128906,327.9609375,437.67266845703125,398.67633056640625,430.5130310058594,257262,2025-08-11 00:23:00,2026-02-26 23:59:00
2025_10d训练_200d测试,test,iTransformer-small,SYG1_10MAA50CT123A,超高压排汽蒸汽温度#3,℃,Y1_VHP本体,0.7154214978218079,2.8109880409976986,1.722874402999878,397.0870666503906,432.2364807128906,327.9609375,437.67266845703125,398.5359191894531,431.0540771484375,257262,2025-08-11 00:23:00,2026-02-26 23:59:00
2025_10d训练_200d测试,test,ANN,SYG1_10LBC01CP101,超高压缸A侧排汽垂直管压力,MPa,Y1_VHP本体,0.9562793374061584,0.5071408745469805,0.3367847800254822,3.375091314315796,11.254348754882812,3.0065908432006836,11.466063499450684,3.501084327697754,11.356710433959961,257262,2025-08-11 00:23:00,2026-02-26 23:59:00
2025_10d训练_200d测试,test,GRU-RNN,SYG1_10LBC01CP101,超高压缸A侧排汽垂直管压力,MPa,Y1_VHP本体,0.9878146052360535,0.26773506629749966,0.1909753531217575,3.375091314315796,11.254348754882812,3.0065908432006836,11.466063499450684,3.216196060180664,11.485424041748047,257262,2025-08-11 00:23:00,2026-02-26 23:59:00
2025_10d训练_200d测试,test,TCN,SYG1_10LBC01CP101,超高压缸A侧排汽垂直管压力,MPa,Y1_VHP本体,0.9825971722602844,0.3199595507187818,0.22214066982269287,3.375091314315796,11.254348754882812,3.0065908432006836,11.466063499450684,3.2099852561950684,11.584901809692383,257262,2025-08-11 00:23:00,2026-02-26 23:59:00
2025_10d训练_200d测试,test,iTransformer-small,SYG1_10LBC01CP101,超高压缸A侧排汽垂直管压力,MPa,Y1_VHP本体,0.9904851913452148,0.2365842015077043,0.16215011477470398,3.375091314315796,11.254348754882812,3.0065908432006836,11.466063499450684,2.1905508041381836,11.280852317810059,257262,2025-08-11 00:23:00,2026-02-26 23:59:00
2025_10d训练_200d测试,test,ANN,SYG1_10LBC02CP101,超高压缸B侧排汽垂直管压力,MPa,Y1_VHP本体,0.974372148513794,0.39182020443101795,0.2652794420719147,3.402557373046875,11.343612670898438,3.0397791862487793,11.574783325195312,3.040226936340332,11.398935317993164,257262,2025-08-11 00:23:00,2026-02-26 23:59:00
2025_10d训练_200d测试,test,GRU-RNN,SYG1_10LBC02CP101,超高压缸B侧排汽垂直管压力,MPa,Y1_VHP本体,0.9876550436019897,0.2719415616078676,0.1844864785671234,3.402557373046875,11.343612670898438,3.0397791862487793,11.574783325195312,3.2525696754455566,11.365044593811035,257262,2025-08-11 00:23:00,2026-02-26 23:59:00
2025_10d训练_200d测试,test,TCN,SYG1_10LBC02CP101,超高压缸B侧排汽垂直管压力,MPa,Y1_VHP本体,0.985203742980957,0.2977187564129517,0.21249011158943176,3.402557373046875,11.343612670898438,3.0397791862487793,11.574783325195312,3.272848606109619,11.484624862670898,257262,2025-08-11 00:23:00,2026-02-26 23:59:00
2025_10d训练_200d测试,test,iTransformer-small,SYG1_10LBC02CP101,超高压缸B侧排汽垂直管压力,MPa,Y1_VHP本体,0.9903302192687988,0.24067907345071513,0.16205868124961853,3.402557373046875,11.343612670898438,3.0397791862487793,11.574783325195312,2.2193031311035156,11.466967582702637,257262,2025-08-11 00:23:00,2026-02-26 23:59:00
2025_10d训练_200d测试,test,ANN,SYG1_10LBC01CT101,超高压缸A侧排汽垂直管温度,℃,Y1_VHP本体,0.7072560787200928,3.172903561246728,2.0899569988250732,397.30804443359375,439.3348693847656,327.9909973144531,442.6826171875,403.5601501464844,431.1029052734375,257262,2025-08-11 00:23:00,2026-02-26 23:59:00
2025_10d训练_200d测试,test,GRU-RNN,SYG1_10LBC01CT101,超高压缸A侧排汽垂直管温度,℃,Y1_VHP本体,0.8551391959190369,2.231970179826889,1.364222764968872,397.30804443359375,439.3348693847656,327.9909973144531,442.6826171875,397.1298522949219,437.3534240722656,257262,2025-08-11 00:23:00,2026-02-26 23:59:00
2025_10d训练_200d测试,test,TCN,SYG1_10LBC01CT101,超高压缸A侧排汽垂直管温度,℃,Y1_VHP本体,0.8185973763465881,2.497668227905915,1.4805309772491455,397.30804443359375,439.3348693847656,327.9909973144531,442.6826171875,399.66448974609375,434.9153747558594,257262,2025-08-11 00:23:00,2026-02-26 23:59:00
2025_10d训练_200d测试,test,iTransformer-small,SYG1_10LBC01CT101,超高压缸A侧排汽垂直管温度,℃,Y1_VHP本体,0.7563684582710266,2.894540969482248,1.7874822616577148,397.30804443359375,439.3348693847656,327.9909973144531,442.6826171875,397.98345947265625,434.2109069824219,257262,2025-08-11 00:23:00,2026-02-26 23:59:00
2025_10d训练_200d测试,test,ANN,SYG1_10LBC02CT101,超高压缸B侧排汽垂直管温度,℃,Y1_VHP本体,0.7378829717636108,2.9702949118055844,1.85673189163208,401.0221252441406,441.87353515625,331.45831298828125,445.2202453613281,406.2664489746094,433.60009765625,257262,2025-08-11 00:23:00,2026-02-26 23:59:00
2025_10d训练_200d测试,test,GRU-RNN,SYG1_10LBC02CT101,超高压缸B侧排汽垂直管温度,℃,Y1_VHP本体,0.8578079342842102,2.1877093623653274,1.275911808013916,401.0221252441406,441.87353515625,331.45831298828125,445.2202453613281,401.1802673339844,440.4830017089844,257262,2025-08-11 00:23:00,2026-02-26 23:59:00
2025_10d训练_200d测试,test,TCN,SYG1_10LBC02CT101,超高压缸B侧排汽垂直管温度,℃,Y1_VHP本体,0.8311527967453003,2.3839594847673498,1.328460454940796,401.0221252441406,441.87353515625,331.45831298828125,445.2202453613281,402.53753662109375,438.6167297363281,257262,2025-08-11 00:23:00,2026-02-26 23:59:00
2025_10d训练_200d测试,test,iTransformer-small,SYG1_10LBC02CT101,超高压缸B侧排汽垂直管温度,℃,Y1_VHP本体,0.7727835774421692,2.7654880123371743,1.6834887266159058,401.0221252441406,441.87353515625,331.45831298828125,445.2202453613281,400.5610046386719,436.9938659667969,257262,2025-08-11 00:23:00,2026-02-26 23:59:00
2025_10d训练_200d测试,test,ANN,SYG1_10LBQ10CP101,一级抽汽口压力,MPa,Y2_一级抽汽接口,0.9743066430091858,0.3858727149796865,0.26437756419181824,3.355590581893921,11.17877197265625,2.997619152069092,11.384765625,3.187612533569336,11.300248146057129,257262,2025-08-11 00:23:00,2026-02-26 23:59:00
2025_10d训练_200d测试,test,GRU-RNN,SYG1_10LBQ10CP101,一级抽汽口压力,MPa,Y2_一级抽汽接口,0.9871533513069153,0.27285283115012837,0.19060087203979492,3.355590581893921,11.17877197265625,2.997619152069092,11.384765625,3.117097854614258,11.693500518798828,257262,2025-08-11 00:23:00,2026-02-26 23:59:00
2025_10d训练_200d测试,test,TCN,SYG1_10LBQ10CP101,一级抽汽口压力,MPa,Y2_一级抽汽接口,0.9833530187606812,0.3106001682257396,0.22473718225955963,3.355590581893921,11.17877197265625,2.997619152069092,11.384765625,3.3539528846740723,11.463151931762695,257262,2025-08-11 00:23:00,2026-02-26 23:59:00
2025_10d训练_200d测试,test,iTransformer-small,SYG1_10LBQ10CP101,一级抽汽口压力,MPa,Y2_一级抽汽接口,0.9891508221626282,0.2507450208312204,0.16945309937000275,3.355590581893921,11.17877197265625,2.997619152069092,11.384765625,2.204043388366699,11.213160514831543,257262,2025-08-11 00:23:00,2026-02-26 23:59:00
2025_10d训练_200d测试,test,ANN,SYG1_10LBQ10CT101A,一级抽汽口温度,℃,Y2_一级抽汽接口,0.7398704290390015,2.900642646089818,1.7638503313064575,400.3775939941406,440.5112609863281,331.733154296875,444.2243957519531,406.2041320800781,433.2127380371094,257262,2025-08-11 00:23:00,2026-02-26 23:59:00
2025_10d训练_200d测试,test,GRU-RNN,SYG1_10LBQ10CT101A,一级抽汽口温度,℃,Y2_一级抽汽接口,0.8649676442146301,2.0898649695914537,1.1585718393325806,400.3775939941406,440.5112609863281,331.733154296875,444.2243957519531,400.3235168457031,439.370361328125,257262,2025-08-11 00:23:00,2026-02-26 23:59:00
2025_10d训练_200d测试,test,TCN,SYG1_10LBQ10CT101A,一级抽汽口温度,℃,Y2_一级抽汽接口,0.8237071633338928,2.3879029977416453,1.3167102336883545,400.3775939941406,440.5112609863281,331.733154296875,444.2243957519531,402.17999267578125,436.8655700683594,257262,2025-08-11 00:23:00,2026-02-26 23:59:00
2025_10d训练_200d测试,test,iTransformer-small,SYG1_10LBQ10CT101A,一级抽汽口温度,℃,Y2_一级抽汽接口,0.7602671980857849,2.7846015709551812,1.6519886255264282,400.3775939941406,440.5112609863281,331.733154296875,444.2243957519531,400.5335693359375,435.9129333496094,257262,2025-08-11 00:23:00,2026-02-26 23:59:00
2025_10d训练_200d测试,test,ANN,SYG1_10LBQ10CT102,一级抽汽逆止门前水平管管顶温度,℃,Y2_一级抽汽接口,0.6957902908325195,3.098125715626966,1.8928040266036987,397.8882141113281,437.2167663574219,328.7705078125,440.4548645019531,403.8114013671875,429.6400451660156,257262,2025-08-11 00:23:00,2026-02-26 23:59:00
2025_10d训练_200d测试,test,GRU-RNN,SYG1_10LBQ10CT102,一级抽汽逆止门前水平管管顶温度,℃,Y2_一级抽汽接口,0.8431076407432556,2.224914904906686,1.1983532905578613,397.8882141113281,437.2167663574219,328.7705078125,440.4548645019531,399.1266174316406,436.0916748046875,257262,2025-08-11 00:23:00,2026-02-26 23:59:00
2025_10d训练_200d测试,test,TCN,SYG1_10LBQ10CT102,一级抽汽逆止门前水平管管顶温度,℃,Y2_一级抽汽接口,0.8242974877357483,2.3545152749282825,1.298856258392334,397.8882141113281,437.2167663574219,328.7705078125,440.4548645019531,399.63470458984375,433.5545349121094,257262,2025-08-11 00:23:00,2026-02-26 23:59:00
2025_10d训练_200d测试,test,iTransformer-small,SYG1_10LBQ10CT102,一级抽汽逆止门前水平管管顶温度,℃,Y2_一级抽汽接口,0.7554157376289368,2.7779651059457704,1.672022819519043,397.8882141113281,437.2167663574219,328.7705078125,440.4548645019531,397.71697998046875,432.629638671875,257262,2025-08-11 00:23:00,2026-02-26 23:59:00
2025_10d训练_200d测试,test,ANN,SYG1_10LBQ10CT103,一级抽汽逆止门前水平管管底温度,℃,Y2_一级抽汽接口,0.7420481443405151,2.872274018670586,1.7861850261688232,398.8587341308594,438.181640625,329.3127136230469,441.4193420410156,403.3291931152344,431.2342834472656,257262,2025-08-11 00:23:00,2026-02-26 23:59:00
2025_10d训练_200d测试,test,GRU-RNN,SYG1_10LBQ10CT103,一级抽汽逆止门前水平管管底温度,℃,Y2_一级抽汽接口,0.8479257822036743,2.205384847225386,1.2729878425598145,398.8587341308594,438.181640625,329.3127136230469,441.4193420410156,398.5907287597656,436.617431640625,257262,2025-08-11 00:23:00,2026-02-26 23:59:00
2025_10d训练_200d测试,test,TCN,SYG1_10LBQ10CT103,一级抽汽逆止门前水平管管底温度,℃,Y2_一级抽汽接口,0.8314853310585022,2.3215357577552265,1.3218189477920532,398.8587341308594,438.181640625,329.3127136230469,441.4193420410156,399.31463623046875,433.80487060546875,257262,2025-08-11 00:23:00,2026-02-26 23:59:00
2025_10d训练_200d测试,test,iTransformer-small,SYG1_10LBQ10CT103,一级抽汽逆止门前水平管管底温度,℃,Y2_一级抽汽接口,0.7671575546264648,2.728900158709071,1.6201372146606445,398.8587341308594,438.181640625,329.3127136230469,441.4193420410156,398.40411376953125,433.5133056640625,257262,2025-08-11 00:23:00,2026-02-26 23:59:00
2025_10d训练_200d测试,test,ANN,SYG1_10LBQ10CT104,一级抽汽逆止门后水平管管顶温度,℃,Y2_一级抽汽接口,0.723156213760376,2.9247047470926044,1.887011170387268,398.7582702636719,437.79345703125,329.7983703613281,441.0313415527344,403.4076232910156,430.0719299316406,257262,2025-08-11 00:23:00,2026-02-26 23:59:00
2025_10d训练_200d测试,test,GRU-RNN,SYG1_10LBQ10CT104,一级抽汽逆止门后水平管管顶温度,℃,Y2_一级抽汽接口,0.8396047353744507,2.226180729845907,1.2588927745819092,398.7582702636719,437.79345703125,329.7983703613281,441.0313415527344,399.54364013671875,435.8500061035156,257262,2025-08-11 00:23:00,2026-02-26 23:59:00
2025_10d训练_200d测试,test,TCN,SYG1_10LBQ10CT104,一级抽汽逆止门后水平管管顶温度,℃,Y2_一级抽汽接口,0.8183409571647644,2.3691530030784946,1.307876706123352,398.7582702636719,437.79345703125,329.7983703613281,441.0313415527344,400.5082702636719,434.28289794921875,257262,2025-08-11 00:23:00,2026-02-26 23:59:00
2025_10d训练_200d测试,test,iTransformer-small,SYG1_10LBQ10CT104,一级抽汽逆止门后水平管管顶温度,℃,Y2_一级抽汽接口,0.746200680732727,2.800334048780524,1.7040516138076782,398.7582702636719,437.79345703125,329.7983703613281,441.0313415527344,398.77239990234375,433.2757568359375,257262,2025-08-11 00:23:00,2026-02-26 23:59:00
2025_10d训练_200d测试,test,ANN,SYG1_10LBQ10CT105,一级抽汽逆止门后水平管管底温度,℃,Y2_一级抽汽接口,0.7459793090820312,2.819840156543163,1.7440366744995117,398.4236755371094,437.60491943359375,329.01904296875,440.69879150390625,402.1058349609375,430.2755432128906,257262,2025-08-11 00:23:00,2026-02-26 23:59:00
2025_10d训练_200d测试,test,GRU-RNN,SYG1_10LBQ10CT105,一级抽汽逆止门后水平管管底温度,℃,Y2_一级抽汽接口,0.8525093793869019,2.14868240347763,1.1817342042922974,398.4236755371094,437.60491943359375,329.01904296875,440.69879150390625,398.79541015625,435.711669921875,257262,2025-08-11 00:23:00,2026-02-26 23:59:00
2025_10d训练_200d测试,test,TCN,SYG1_10LBQ10CT105,一级抽汽逆止门后水平管管底温度,℃,Y2_一级抽汽接口,0.8231974244117737,2.352525178164456,1.2626951932907104,398.4236755371094,437.60491943359375,329.01904296875,440.69879150390625,399.94146728515625,433.4039611816406,257262,2025-08-11 00:23:00,2026-02-26 23:59:00
2025_10d训练_200d测试,test,iTransformer-small,SYG1_10LBQ10CT105,一级抽汽逆止门后水平管管底温度,℃,Y2_一级抽汽接口,0.7618414163589478,2.7303802082948345,1.615531086921692,398.4236755371094,437.60491943359375,329.01904296875,440.69879150390625,398.13519287109375,432.9035339355469,257262,2025-08-11 00:23:00,2026-02-26 23:59:00
2025_10d训练_200d测试,test,ANN,SYG1_10LBQ10CP102,1号高加入口抽汽压力,MPa,Y2_一级抽汽接口,0.9751643538475037,0.3697406393314508,0.2532579302787781,3.405029296875,10.9947509765625,2.91888427734375,11.192502975463867,3.1970133781433105,11.037372589111328,257262,2025-08-11 00:23:00,2026-02-26 23:59:00
2025_10d训练_200d测试,test,GRU-RNN,SYG1_10LBQ10CP102,1号高加入口抽汽压力,MPa,Y2_一级抽汽接口,0.9863815307617188,0.273794037116117,0.19257421791553497,3.405029296875,10.9947509765625,2.91888427734375,11.192502975463867,3.267895221710205,11.459244728088379,257262,2025-08-11 00:23:00,2026-02-26 23:59:00
2025_10d训练_200d测试,test,TCN,SYG1_10LBQ10CP102,1号高加入口抽汽压力,MPa,Y2_一级抽汽接口,0.9867733120918274,0.2698270584271804,0.19852127134799957,3.405029296875,10.9947509765625,2.91888427734375,11.192502975463867,3.203469753265381,11.179031372070312,257262,2025-08-11 00:23:00,2026-02-26 23:59:00
2025_10d训练_200d测试,test,iTransformer-small,SYG1_10LBQ10CP102,1号高加入口抽汽压力,MPa,Y2_一级抽汽接口,0.989554226398468,0.2397891703206981,0.16812767088413239,3.405029296875,10.9947509765625,2.91888427734375,11.192502975463867,2.3714137077331543,11.000604629516602,257262,2025-08-11 00:23:00,2026-02-26 23:59:00
2025_10d训练_200d测试,test,ANN,SYG1_10LBQ10CT106,1号高加入口抽汽温度,℃,Y2_一级抽汽接口,0.6901639103889465,3.056735783762378,1.8658578395843506,397.59814453125,436.3515930175781,290.9347839355469,439.4459228515625,404.106201171875,428.9300537109375,257262,2025-08-11 00:23:00,2026-02-26 23:59:00
2025_10d训练_200d测试,test,GRU-RNN,SYG1_10LBQ10CT106,1号高加入口抽汽温度,℃,Y2_一级抽汽接口,0.8396894335746765,2.1987356193900642,1.2302594184875488,397.59814453125,436.3515930175781,290.9347839355469,439.4459228515625,397.6822204589844,434.1722412109375,257262,2025-08-11 00:23:00,2026-02-26 23:59:00
2025_10d训练_200d测试,test,TCN,SYG1_10LBQ10CT106,1号高加入口抽汽温度,℃,Y2_一级抽汽接口,0.8061996698379517,2.417514937156441,1.2907124757766724,397.59814453125,436.3515930175781,290.9347839355469,439.4459228515625,399.4458312988281,432.6521911621094,257262,2025-08-11 00:23:00,2026-02-26 23:59:00
2025_10d训练_200d测试,test,iTransformer-small,SYG1_10LBQ10CT106,1号高加入口抽汽温度,℃,Y2_一级抽汽接口,0.7286847233772278,2.8604149099975733,1.718105673789978,397.59814453125,436.3515930175781,290.9347839355469,439.4459228515625,397.7444763183594,431.7196960449219,257262,2025-08-11 00:23:00,2026-02-26 23:59:00
2025_10d训练_200d测试,test,ANN,SYG1_10LBC20CT101,一次低温再热逆止阀前母管管底温度,℃,Y3_VHP至RH1接口,0.6828984022140503,3.216180460919777,2.114006280899048,400.6988830566406,439.14642333984375,330.0017395019531,442.86029052734375,405.28778076171875,432.007568359375,257262,2025-08-11 00:23:00,2026-02-26 23:59:00
2025_10d训练_200d测试,test,GRU-RNN,SYG1_10LBC20CT101,一次低温再热逆止阀前母管管底温度,℃,Y3_VHP至RH1接口,0.823740541934967,2.397824485547007,1.447723627090454,400.6988830566406,439.14642333984375,330.0017395019531,442.86029052734375,400.74163818359375,437.3609619140625,257262,2025-08-11 00:23:00,2026-02-26 23:59:00
2025_10d训练_200d测试,test,TCN,SYG1_10LBC20CT101,一次低温再热逆止阀前母管管底温度,℃,Y3_VHP至RH1接口,0.8054547309875488,2.519135389353617,1.5059040784835815,400.6988830566406,439.14642333984375,330.0017395019531,442.86029052734375,401.83099365234375,435.29559326171875,257262,2025-08-11 00:23:00,2026-02-26 23:59:00
2025_10d训练_200d测试,test,iTransformer-small,SYG1_10LBC20CT101,一次低温再热逆止阀前母管管底温度,℃,Y3_VHP至RH1接口,0.7494812607765198,2.85865215899691,1.7913436889648438,400.6988830566406,439.14642333984375,330.0017395019531,442.86029052734375,399.9493408203125,434.9617614746094,257262,2025-08-11 00:23:00,2026-02-26 23:59:00
2025_10d训练_200d测试,test,ANN,SYG1_10LBC20CT103,一次低温再热逆止阀后水平管管顶温度,℃,Y3_VHP至RH1接口,0.733898401260376,2.9317577320880734,1.7728753089904785,399.53912353515625,438.4256591796875,329.4144287109375,441.9957580566406,404.9421081542969,430.30096435546875,257262,2025-08-11 00:23:00,2026-02-26 23:59:00
2025_10d训练_200d测试,test,GRU-RNN,SYG1_10LBC20CT103,一次低温再热逆止阀后水平管管顶温度,℃,Y3_VHP至RH1接口,0.8455400466918945,2.2336357334243484,1.173416256904602,399.53912353515625,438.4256591796875,329.4144287109375,441.9957580566406,400.2529296875,436.77349853515625,257262,2025-08-11 00:23:00,2026-02-26 23:59:00
2025_10d训练_200d测试,test,TCN,SYG1_10LBC20CT103,一次低温再热逆止阀后水平管管顶温度,℃,Y3_VHP至RH1接口,0.8333566188812256,2.3200556038079654,1.2659389972686768,399.53912353515625,438.4256591796875,329.4144287109375,441.9957580566406,400.0960693359375,434.87750244140625,257262,2025-08-11 00:23:00,2026-02-26 23:59:00
2025_10d训练_200d测试,test,iTransformer-small,SYG1_10LBC20CT103,一次低温再热逆止阀后水平管管顶温度,℃,Y3_VHP至RH1接口,0.7735090255737305,2.704766805754378,1.5883475542068481,399.53912353515625,438.4256591796875,329.4144287109375,441.9957580566406,398.7254943847656,434.1357116699219,257262,2025-08-11 00:23:00,2026-02-26 23:59:00
2025_10d训练_200d测试,test,ANN,SYG1_10LBC20CT104,一次低温再热逆止阀后水平管管底温度,℃,Y3_VHP至RH1接口,0.7229043841362,2.936661133806066,1.8511942625045776,403.1515197753906,440.04437255859375,332.82427978515625,444.47808837890625,407.34820556640625,432.7320556640625,257262,2025-08-11 00:23:00,2026-02-26 23:59:00
2025_10d训练_200d测试,test,GRU-RNN,SYG1_10LBC20CT104,一次低温再热逆止阀后水平管管底温度,℃,Y3_VHP至RH1接口,0.8353825211524963,2.26348186284596,1.2604618072509766,403.1515197753906,440.04437255859375,332.82427978515625,444.47808837890625,403.61029052734375,438.697265625,257262,2025-08-11 00:23:00,2026-02-26 23:59:00
2025_10d训练_200d测试,test,TCN,SYG1_10LBC20CT104,一次低温再热逆止阀后水平管管底温度,℃,Y3_VHP至RH1接口,0.8209902048110962,2.3603554008683107,1.3391958475112915,403.1515197753906,440.04437255859375,332.82427978515625,444.47808837890625,403.3540954589844,436.7752380371094,257262,2025-08-11 00:23:00,2026-02-26 23:59:00
2025_10d训练_200d测试,test,iTransformer-small,SYG1_10LBC20CT104,一次低温再热逆止阀后水平管管底温度,℃,Y3_VHP至RH1接口,0.7644253969192505,2.707716817865778,1.5690714120864868,403.1515197753906,440.04437255859375,332.82427978515625,444.47808837890625,401.9139709472656,436.2742004394531,257262,2025-08-11 00:23:00,2026-02-26 23:59:00
2025_10d训练_200d测试,test,ANN,SYG1_10MAA50CT111A,超高压内缸壁温90%处#1,℃,Y4_VHP缸体与内部蒸汽,0.6837246417999268,3.461573695142054,1.862714171409607,557.6600952148438,588.1948852539062,475.3505859375,595.8546142578125,566.2686767578125,587.0714721679688,257262,2025-08-11 00:23:00,2026-02-26 23:59:00
2025_10d训练_200d测试,test,GRU-RNN,SYG1_10MAA50CT111A,超高压内缸壁温90%处#1,℃,Y4_VHP缸体与内部蒸汽,0.8245760798454285,2.578014117081657,1.3504953384399414,557.6600952148438,588.1948852539062,475.3505859375,595.8546142578125,559.0698852539062,590.2249755859375,257262,2025-08-11 00:23:00,2026-02-26 23:59:00
2025_10d训练_200d测试,test,TCN,SYG1_10MAA50CT111A,超高压内缸壁温90%处#1,℃,Y4_VHP缸体与内部蒸汽,0.8082331418991089,2.695427668225625,1.4517161846160889,557.6600952148438,588.1948852539062,475.3505859375,595.8546142578125,561.3226928710938,590.112548828125,257262,2025-08-11 00:23:00,2026-02-26 23:59:00
2025_10d训练_200d测试,test,iTransformer-small,SYG1_10MAA50CT111A,超高压内缸壁温90%处#1,℃,Y4_VHP缸体与内部蒸汽,0.7751079797744751,2.9189585445815003,1.5155260562896729,557.6600952148438,588.1948852539062,475.3505859375,595.8546142578125,563.0128173828125,589.2583618164062,257262,2025-08-11 00:23:00,2026-02-26 23:59:00
2025_10d训练_200d测试,test,ANN,SYG1_10MAA50CT112A,超高压内缸壁温90%处#2,℃,Y4_VHP缸体与内部蒸汽,0.7491310834884644,3.285248128034829,1.7343056201934814,562.9216918945312,597.0892333984375,477.9456787109375,606.1876831054688,570.2755126953125,595.732666015625,257262,2025-08-11 00:23:00,2026-02-26 23:59:00
2025_10d训练_200d测试,test,GRU-RNN,SYG1_10MAA50CT112A,超高压内缸壁温90%处#2,℃,Y4_VHP缸体与内部蒸汽,0.8666288256645203,2.395386983232245,1.131881594657898,562.9216918945312,597.0892333984375,477.9456787109375,606.1876831054688,563.861572265625,597.65771484375,257262,2025-08-11 00:23:00,2026-02-26 23:59:00
2025_10d训练_200d测试,test,TCN,SYG1_10MAA50CT112A,超高压内缸壁温90%处#2,℃,Y4_VHP缸体与内部蒸汽,0.8278205394744873,2.7216697011051987,1.376919150352478,562.9216918945312,597.0892333984375,477.9456787109375,606.1876831054688,565.722412109375,598.0396118164062,257262,2025-08-11 00:23:00,2026-02-26 23:59:00
2025_10d训练_200d测试,test,iTransformer-small,SYG1_10MAA50CT112A,超高压内缸壁温90%处#2,℃,Y4_VHP缸体与内部蒸汽,0.7966274619102478,2.9579502627799674,1.541356086730957,562.9216918945312,597.0892333984375,477.9456787109375,606.1876831054688,568.9305419921875,596.9603881835938,257262,2025-08-11 00:23:00,2026-02-26 23:59:00
2025_10d训练_200d测试,test,ANN,SYG1_10MAA50CT131A,超高压缸蒸汽温度100%,℃,Y4_VHP缸体与内部蒸汽,0.7025342583656311,3.417553964787372,2.182340621948242,511.4459228515625,542.691650390625,439.0143737792969,547.171142578125,515.40625,539.1737060546875,257262,2025-08-11 00:23:00,2026-02-26 23:59:00
2025_10d训练_200d测试,test,GRU-RNN,SYG1_10MAA50CT131A,超高压缸蒸汽温度100%,℃,Y4_VHP缸体与内部蒸汽,0.7700109481811523,3.0050414957491545,1.681791067123413,511.4459228515625,542.691650390625,439.0143737792969,547.171142578125,513.5269165039062,542.7105102539062,257262,2025-08-11 00:23:00,2026-02-26 23:59:00
2025_10d训练_200d测试,test,TCN,SYG1_10MAA50CT131A,超高压缸蒸汽温度100%,℃,Y4_VHP缸体与内部蒸汽,0.7861520051956177,2.8976738841532543,1.6096503734588623,511.4459228515625,542.691650390625,439.0143737792969,547.171142578125,513.162353515625,542.3648071289062,257262,2025-08-11 00:23:00,2026-02-26 23:59:00
2025_10d训练_200d测试,test,iTransformer-small,SYG1_10MAA50CT131A,超高压缸蒸汽温度100%,℃,Y4_VHP缸体与内部蒸汽,0.8023470640182495,2.785791097357527,1.5207585096359253,511.4459228515625,542.691650390625,439.0143737792969,547.171142578125,511.6481628417969,543.1910400390625,257262,2025-08-11 00:23:00,2026-02-26 23:59:00
